code,site,village,households,population
65000010001,新北市板橋區,留侯里,733,1613
65000010002,新北市板橋區,流芳里,659,1432
65000010003,新北市板橋區,赤松里,539,1080
65000010004,新北市板橋區,黃石里,550,1259
65000010005,新北市板橋區,挹秀里,875,1902
65000010006,新北市板橋區,湳興里,3113,6104
65000010007,新北市板橋區,新興里,1758,3358
65000010008,新北市板橋區,社後里,6198,10064
65000010009,新北市板橋區,香社里,1882,4452
65000010010,新北市板橋區,中正里,4347,8773
65000010011,新北市板橋區,自強里,2113,4835
65000010012,新北市板橋區,自立里,1130,2644
65000010013,新北市板橋區,光華里,1145,2510
65000010014,新北市板橋區,國光里,1593,3560
65000010015,新北市板橋區,港尾里,1185,2857
65000010016,新北市板橋區,金華里,1520,3645
65000010017,新北市板橋區,港德里,1972,4507
65000010018,新北市板橋區,民權里,1160,2713
65000010019,新北市板橋區,建國里,1402,3188
65000010020,新北市板橋區,漢生里,1842,4406
65000010021,新北市板橋區,公舘里,1620,3870
65000010022,新北市板橋區,新民里,1686,4160
65000010023,新北市板橋區,幸福里,1666,3849
65000010024,新北市板橋區,忠誠里,1808,4235
65000010025,新北市板橋區,百壽里,1270,2821
65000010026,新北市板橋區,介壽里,1369,3215
65000010027,新北市板橋區,新埔里,901,1939
65000010028,新北市板橋區,華江里,3773,7971
65000010029,新北市板橋區,江翠里,2274,5027
65000010030,新北市板橋區,純翠里,2677,5924
65000010031,新北市板橋區,溪頭里,6155,11598
65000010032,新北市板橋區,聯翠里,1859,3769
65000010033,新北市板橋區,宏翠里,3159,6178
65000010034,新北市板橋區,仁翠里,1137,2719
65000010035,新北市板橋區,新翠里,3476,8027
65000010036,新北市板橋區,吉翠里,1463,3605
65000010037,新北市板橋區,德翠里,2829,6930
65000010038,新北市板橋區,滿翠里,1181,2864
65000010039,新北市板橋區,明翠里,1986,4483
65000010040,新北市板橋區,松翠里,1489,3220
65000010041,新北市板橋區,柏翠里,4428,7867
65000010042,新北市板橋區,龍翠里,2081,4846
65000010043,新北市板橋區,華翠里,1420,3332
65000010044,新北市板橋區,忠翠里,4874,10708
65000010045,新北市板橋區,嵐翠里,975,2323
65000010046,新北市板橋區,文翠里,1585,3623
65000010047,新北市板橋區,青翠里,1245,2908
65000010048,新北市板橋區,懷翠里,2379,5875
65000010049,新北市板橋區,福翠里,735,1526
65000010050,新北市板橋區,港嘴里,2512,5833
65000010051,新北市板橋區,振興里,1743,4093
65000010052,新北市板橋區,振義里,1715,4009
65000010053,新北市板橋區,光復里,1472,3320
65000010054,新北市板橋區,埔墘里,2726,5996
65000010055,新北市板橋區,長壽里,1160,2798
65000010056,新北市板橋區,福壽里,1340,3131
65000010057,新北市板橋區,海山里,2920,7807
65000010058,新北市板橋區,九如里,1142,2801
65000010059,新北市板橋區,玉光里,2499,5743
65000010060,新北市板橋區,光仁里,1113,2823
65000010061,新北市板橋區,埤墘里,1862,4568
65000010062,新北市板橋區,永安里,1598,3919
65000010063,新北市板橋區,雙玉里,1618,4093
65000010064,新北市板橋區,廣新里,1316,3505
65000010065,新北市板橋區,深丘里,4134,9205
65000010066,新北市板橋區,香丘里,1511,3662
65000010067,新北市板橋區,西安里,1090,2614
65000010068,新北市板橋區,東丘里,1731,4448
65000010069,新北市板橋區,長安里,1811,4609
65000010070,新北市板橋區,福丘里,2459,5191
65000010071,新北市板橋區,福祿里,1827,4231
65000010072,新北市板橋區,民族里,1975,4943
65000010073,新北市板橋區,國泰里,1506,3531
65000010074,新北市板橋區,福德里,2140,5149
65000010075,新北市板橋區,景星里,1841,3632
65000010076,新北市板橋區,福星里,1444,3467
65000010077,新北市板橋區,鄉雲里,1746,3672
65000010078,新北市板橋區,廣德里,2881,6716
65000010079,新北市板橋區,大豐里,1804,4352
65000010080,新北市板橋區,重慶里,3481,8440
65000010081,新北市板橋區,仁愛里,1161,2881
65000010082,新北市板橋區,和平里,1943,4379
65000010083,新北市板橋區,廣福里,1594,3828
65000010084,新北市板橋區,華興里,1776,4141
65000010085,新北市板橋區,華貴里,1023,2471
65000010086,新北市板橋區,華德里,3152,6932
65000010087,新北市板橋區,華東里,3993,8239
65000010088,新北市板橋區,信義里,1832,4188
65000010089,新北市板橋區,浮洲里,1398,3392
65000010090,新北市板橋區,華中里,2022,5022
65000010091,新北市板橋區,僑中里,1621,4077
65000010092,新北市板橋區,中山里,3354,7319
65000010093,新北市板橋區,復興里,281,915
65000010094,新北市板橋區,大安里,1563,3842
65000010095,新北市板橋區,福安里,3867,8077
65000010096,新北市板橋區,聚安里,2028,5023
65000010097,新北市板橋區,龍安里,1080,2659
65000010098,新北市板橋區,崑崙里,3939,9864
65000010099,新北市板橋區,溪洲里,2293,5763
65000010100,新北市板橋區,溪北里,1452,3482
65000010101,新北市板橋區,香雅里,1579,3263
65000010102,新北市板橋區,新生里,1617,4085
65000010103,新北市板橋區,文德里,1677,3539
65000010104,新北市板橋區,文化里,1464,3294
65000010105,新北市板橋區,新海里,1291,3212
65000010106,新北市板橋區,莒光里,1164,2650
65000010107,新北市板橋區,富貴里,911,2186
65000010108,新北市板橋區,正泰里,1163,2895
65000010109,新北市板橋區,民生里,957,2217
65000010110,新北市板橋區,後埔里,1897,4144
65000010111,新北市板橋區,華福里,782,1901
65000010112,新北市板橋區,堂春里,1569,4148
65000010113,新北市板橋區,成和里,2964,7260
65000010114,新北市板橋區,光榮里,1047,2466
65000010115,新北市板橋區,民安里,861,2009
65000010116,新北市板橋區,陽明里,1087,2538
65000010117,新北市板橋區,朝陽里,1326,3252
65000010118,新北市板橋區,松柏里,1054,2265
65000010119,新北市板橋區,文聖里,1464,3852
65000010120,新北市板橋區,居仁里,1658,3928
65000010121,新北市板橋區,莊敬里,1769,4297
65000010122,新北市板橋區,東安里,903,2398
65000010123,新北市板橋區,五權里,1665,4067
65000010124,新北市板橋區,溪福里,5439,14222
65000010125,新北市板橋區,大觀里,1391,3536
65000010126,新北市板橋區,歡園里,434,1061
65000020001,新北市三重區,大有里,2160,5104
65000020002,新北市三重區,二重里,1835,3285
65000020003,新北市三重區,頂崁里,1342,2941
65000020004,新北市三重區,谷王里,1607,2697
65000020005,新北市三重區,中興里,2183,4481
65000020006,新北市三重區,德厚里,870,1453
65000020007,新北市三重區,成功里,4222,8244
65000020008,新北市三重區,福祉里,2905,6008
65000020009,新北市三重區,福民里,1363,3198
65000020010,新北市三重區,過田里,5960,9802
65000020011,新北市三重區,錦田里,971,2137
65000020012,新北市三重區,重明里,1928,4034
65000020013,新北市三重區,光田里,2163,4443
65000020014,新北市三重區,光陽里,2788,6187
65000020015,新北市三重區,田心里,1745,3969
65000020016,新北市三重區,福田里,1301,3235
65000020017,新北市三重區,田中里,2451,6038
65000020018,新北市三重區,田安里,2680,6227
65000020019,新北市三重區,三民里,1475,3406
65000020020,新北市三重區,光明里,3328,7491
65000020021,新北市三重區,光正里,1514,2916
65000020022,新北市三重區,同安里,913,1722
65000020023,新北市三重區,同慶里,781,1702
65000020024,新北市三重區,菜寮里,1019,2227
65000020025,新北市三重區,永春里,856,1854
65000020026,新北市三重區,中正里,623,1348
65000020027,新北市三重區,吉利里,657,1325
65000020028,新北市三重區,大同里,1033,2001
65000020029,新北市三重區,中民里,508,1145
65000020030,新北市三重區,平和里,749,1583
65000020031,新北市三重區,大安里,691,1557
65000020032,新北市三重區,仁德里,919,1867
65000020033,新北市三重區,忠孝里,783,1766
65000020034,新北市三重區,仁義里,672,1474
65000020035,新北市三重區,光榮里,732,1374
65000020036,新北市三重區,光輝里,652,1413
65000020037,新北市三重區,福星里,644,1140
65000020038,新北市三重區,福利里,1135,2317
65000020039,新北市三重區,清和里,2168,4208
65000020040,新北市三重區,永興里,860,1577
65000020041,新北市三重區,中山里,1311,2753
65000020042,新北市三重區,大園里,1199,2718
65000020043,新北市三重區,國隆里,1658,3365
65000020044,新北市三重區,重陽里,1499,3333
65000020045,新北市三重區,民生里,1873,4225
65000020046,新北市三重區,重新里,709,1482
65000020047,新北市三重區,正德里,533,1096
65000020048,新北市三重區,正義里,806,1753
65000020049,新北市三重區,正安里,852,1769
65000020050,新北市三重區,自強里,777,1684
65000020051,新北市三重區,文化里,950,2082
65000020052,新北市三重區,中央里,924,1808
65000020053,新北市三重區,雙園里,447,952
65000020054,新北市三重區,錦通里,673,1389
65000020055,新北市三重區,錦安里,816,1841
65000020056,新北市三重區,長安里,954,1999
65000020057,新北市三重區,光華里,1308,2377
65000020058,新北市三重區,長生里,410,841
65000020059,新北市三重區,開元里,923,1746
65000020060,新北市三重區,大德里,364,775
65000020061,新北市三重區,長元里,1126,2462
65000020062,新北市三重區,長江里,966,2015
65000020063,新北市三重區,長泰里,1008,2177
65000020064,新北市三重區,長福里,700,1537
65000020065,新北市三重區,介壽里,540,1154
65000020066,新北市三重區,萬壽里,853,1911
65000020067,新北市三重區,錦江里,987,2265
65000020068,新北市三重區,龍濱里,1391,3213
65000020069,新北市三重區,龍門里,838,1843
65000020070,新北市三重區,秀江里,526,1216
65000020071,新北市三重區,奕壽里,872,1687
65000020072,新北市三重區,三安里,1280,2506
65000020073,新北市三重區,福安里,1409,3012
65000020074,新北市三重區,信安里,1010,2039
65000020075,新北市三重區,安慶里,946,1962
65000020076,新北市三重區,幸福里,1987,4418
65000020077,新北市三重區,六合里,1616,3753
65000020078,新北市三重區,六福里,2221,5614
65000020079,新北市三重區,順德里,925,2125
65000020080,新北市三重區,承德里,699,1718
65000020081,新北市三重區,瑞德里,977,2370
65000020082,新北市三重區,崇德里,1622,3792
65000020083,新北市三重區,厚德里,1535,3531
65000020084,新北市三重區,維德里,1204,2704
65000020085,新北市三重區,尚德里,1286,2990
65000020086,新北市三重區,培德里,1472,3609
65000020087,新北市三重區,永德里,1954,4689
65000020088,新北市三重區,永盛里,1271,3112
65000020089,新北市三重區,永福里,2117,5113
65000020090,新北市三重區,永清里,2043,5177
65000020091,新北市三重區,永安里,1600,3993
65000020092,新北市三重區,永煇里,1000,2344
65000020093,新北市三重區,溪美里,3933,8976
65000020094,新北市三重區,福隆里,1896,4493
65000020095,新北市三重區,五常里,4350,8667
65000020096,新北市三重區,五福里,1765,3936
65000020097,新北市三重區,仁忠里,1340,3147
65000020098,新北市三重區,慈福里,998,2190
65000020099,新北市三重區,慈生里,897,2143
65000020100,新北市三重區,慈惠里,940,2149
65000020101,新北市三重區,慈愛里,1414,3416
65000020102,新北市三重區,慈化里,955,2378
65000020103,新北市三重區,慈祐里,2094,5158
65000020104,新北市三重區,五華里,2249,5241
65000020105,新北市三重區,富貴里,3607,7592
65000020106,新北市三重區,富華里,1501,3429
65000020107,新北市三重區,富福里,856,2068
65000020108,新北市三重區,碧華里,4395,9473
65000020109,新北市三重區,五谷里,1081,2088
65000020110,新北市三重區,博愛里,1716,4295
65000020111,新北市三重區,福德里,2203,4456
65000020112,新北市三重區,永吉里,1230,2821
65000020113,新北市三重區,永發里,2306,5656
65000020114,新北市三重區,永順里,1892,4728
65000020115,新北市三重區,永豐里,2204,5703
65000020116,新北市三重區,立德里,1414,3271
65000020117,新北市三重區,福樂里,1603,3723
65000020118,新北市三重區,仁華里,1961,4538
65000020119,新北市三重區,五順里,1578,3860
65000030001,新北市中和區,中原里,5315,10482
65000030002,新北市中和區,平河里,4449,9677
65000030003,新北市中和區,信和里,1664,3986
65000030004,新北市中和區,仁和里,1551,3773
65000030005,新北市中和區,中正里,1586,3762
65000030006,新北市中和區,建和里,1616,3529
65000030007,新北市中和區,連和里,1917,3440
65000030008,新北市中和區,連城里,2821,6243
65000030009,新北市中和區,力行里,2631,6071
65000030010,新北市中和區,枋寮里,1650,3589
65000030011,新北市中和區,漳和里,1946,3963
65000030012,新北市中和區,廟美里,1899,4313
65000030013,新北市中和區,福真里,1848,3962
65000030014,新北市中和區,福善里,2021,4203
65000030015,新北市中和區,福美里,1760,4133
65000030016,新北市中和區,福祥里,2214,4881
65000030017,新北市中和區,瓦󿾨里,2401,5316
65000030018,新北市中和區,福和里,1618,3522
65000030019,新北市中和區,佳和里,2381,4877
65000030020,新北市中和區,安樂里,1707,3503
65000030021,新北市中和區,安和里,1451,3027
65000030022,新北市中和區,安平里,2861,5720
65000030023,新北市中和區,中安里,2266,4267
65000030024,新北市中和區,泰安里,1501,3229
65000030025,新北市中和區,新南里,3826,8026
65000030026,新北市中和區,南山里,2317,5064
65000030027,新北市中和區,秀山里,1863,4315
65000030028,新北市中和區,秀成里,1380,3267
65000030029,新北市中和區,秀福里,2282,4946
65000030030,新北市中和區,秀景里,3163,6381
65000030031,新北市中和區,秀明里,2756,5185
65000030032,新北市中和區,秀峰里,2596,4883
65000030033,新北市中和區,秀仁里,1487,3197
65000030034,新北市中和區,頂南里,1118,2763
65000030035,新北市中和區,華新里,3443,7847
65000030036,新北市中和區,東南里,1864,4091
65000030037,新北市中和區,華南里,2188,5016
65000030038,新北市中和區,忠孝里,1893,4429
65000030039,新北市中和區,崇南里,2110,4267
65000030040,新北市中和區,景南里,1355,2980
65000030041,新北市中和區,橫路里,114,293
65000030042,新北市中和區,內南里,1892,4708
65000030043,新北市中和區,壽南里,1299,2764
65000030044,新北市中和區,外南里,4548,7390
65000030045,新北市中和區,復興里,2124,4889
65000030046,新北市中和區,和興里,2124,4443
65000030047,新北市中和區,景平里,3345,6260
65000030048,新北市中和區,景新里,1555,3371
65000030049,新北市中和區,景福里,3323,6352
65000030050,新北市中和區,景安里,2214,4696
65000030051,新北市中和區,景文里,1972,4034
65000030052,新北市中和區,錦和里,2138,5424
65000030053,新北市中和區,錦昌里,1048,2330
65000030054,新北市中和區,灰󿾨里,466,1076
65000030055,新北市中和區,積穗里,3726,8163
65000030056,新北市中和區,民享里,958,2327
65000030057,新北市中和區,員山里,3009,6949
65000030058,新北市中和區,嘉穗里,1216,2919
65000030059,新北市中和區,文元里,2073,4864
65000030060,新北市中和區,嘉新里,1546,3878
65000030061,新北市中和區,民安里,2211,5236
65000030062,新北市中和區,安穗里,1902,4355
65000030063,新北市中和區,瑞穗里,1050,2355
65000030064,新北市中和區,明穗里,1713,4234
65000030065,新北市中和區,清穗里,1516,3348
65000030066,新北市中和區,自強里,1973,4832
65000030067,新北市中和區,德穗里,1901,4383
65000030068,新北市中和區,民生里,1862,4140
65000030069,新北市中和區,國光里,1579,3717
65000030070,新北市中和區,壽德里,1911,4567
65000030071,新北市中和區,明德里,1606,3855
65000030072,新北市中和區,秀水里,1679,3731
65000030073,新北市中和區,德行里,2975,6634
65000030074,新北市中和區,宜安里,970,1996
65000030075,新北市中和區,安順里,2014,4198
65000030076,新北市中和區,秀義里,1133,2555
65000030077,新北市中和區,秀士里,1143,2452
65000030078,新北市中和區,興南里,1275,2878
65000030079,新北市中和區,景本里,902,1978
65000030080,新北市中和區,福南里,1671,4093
65000030081,新北市中和區,中興里,3191,7116
65000030082,新北市中和區,吉興里,1395,2917
65000030083,新北市中和區,中山里,1162,2676
65000030084,新北市中和區,碧河里,2504,5358
65000030085,新北市中和區,錦中里,1695,4123
65000030086,新北市中和區,錦盛里,1558,3802
65000030087,新北市中和區,民有里,1152,2608
65000030088,新北市中和區,員富里,1635,3709
65000030089,新北市中和區,嘉慶里,1734,4087
65000030090,新北市中和區,冠穗里,1341,3174
65000030091,新北市中和區,國華里,1448,3363
65000030092,新北市中和區,正南里,1393,3338
65000030093,新北市中和區,正行里,1405,3013
65000040001,新北市永和區,福林里,1478,3267
65000040002,新北市永和區,文化里,1202,2630
65000040003,新北市永和區,豫溪里,3118,5251
65000040004,新北市永和區,光明里,1365,2885
65000040005,新北市永和區,仁愛里,1231,2626
65000040006,新北市永和區,永貞里,1470,3266
65000040007,新北市永和區,永福里,1179,2646
65000040008,新北市永和區,民治里,1262,2848
65000040009,新北市永和區,永成里,170,315
65000040010,新北市永和區,忠義里,292,695
65000040011,新北市永和區,永元里,1973,4669
65000040012,新北市永和區,秀林里,1829,4146
65000040013,新北市永和區,保安里,3124,6889
65000040014,新北市永和區,中溪里,2160,4844
65000040015,新北市永和區,永安里,1927,4207
65000040016,新北市永和區,民族里,1955,4694
65000040017,新北市永和區,民權里,1787,4378
65000040018,新北市永和區,中興里,1566,3196
65000040019,新北市永和區,勵行里,630,1252
65000040020,新北市永和區,秀朗里,1669,3840
65000040021,新北市永和區,秀成里,1173,2662
65000040022,新北市永和區,上溪里,998,1940
65000040023,新北市永和區,竹林里,1592,3525
65000040024,新北市永和區,雙和里,1780,3881
65000040025,新北市永和區,安和里,1811,3757
65000040026,新北市永和區,水源里,1668,3755
65000040027,新北市永和區,協和里,1305,2838
65000040028,新北市永和區,河堤里,1694,3461
65000040029,新北市永和區,頂溪里,1097,2369
65000040030,新北市永和區,潭墘里,2039,4546
65000040031,新北市永和區,潭安里,2115,4750
65000040032,新北市永和區,大新里,1274,2649
65000040033,新北市永和區,保平里,2185,4964
65000040034,新北市永和區,民本里,1707,4093
65000040035,新北市永和區,民樂里,1984,4522
65000040036,新北市永和區,光復里,803,1654
65000040037,新北市永和區,復興里,1122,2382
65000040038,新北市永和區,福和里,2399,5163
65000040039,新北市永和區,得和里,1862,4105
65000040040,新北市永和區,智光里,1363,3115
65000040041,新北市永和區,新生里,415,831
65000040042,新北市永和區,大同里,453,888
65000040043,新北市永和區,前溪里,962,2003
65000040044,新北市永和區,和平里,2120,4723
65000040045,新北市永和區,新廍里,1058,2198
65000040046,新北市永和區,下溪里,2094,4553
65000040047,新北市永和區,秀和里,2137,4835
65000040048,新北市永和區,河濱里,1377,3168
65000040049,新北市永和區,民生里,1519,3777
65000040050,新北市永和區,秀得里,1102,2682
65000040051,新北市永和區,上林里,1516,3365
65000040052,新北市永和區,網溪里,482,1083
65000040053,新北市永和區,正興里,1068,2158
65000040054,新北市永和區,永興里,1307,3013
65000040055,新北市永和區,桂林里,1593,3639
65000040056,新北市永和區,店街里,2065,4248
65000040057,新北市永和區,信義里,1277,2428
65000040058,新北市永和區,後溪里,1079,2186
65000040059,新北市永和區,民富里,1166,2892
65000040060,新北市永和區,秀元里,1279,3043
65000040061,新北市永和區,永樂里,1479,2676
65000040062,新北市永和區,保順里,5026,10974
65000050001,新北市新莊區,海山里,2306,5357
65000050002,新北市新莊區,頭前里,6387,12399
65000050003,新北市新莊區,國泰里,507,1285
65000050004,新北市新莊區,全安里,1882,4448
65000050005,新北市新莊區,福基里,3380,6622
65000050006,新北市新莊區,豐年里,1423,3522
65000050007,新北市新莊區,忠孝里,2395,5167
65000050008,新北市新莊區,恆安里,1749,4363
65000050009,新北市新莊區,後港里,2774,6943
65000050010,新北市新莊區,文衡里,917,2119
65000050011,新北市新莊區,中美里,2597,6103
65000050012,新北市新莊區,八德里,1286,3065
65000050013,新北市新莊區,興漢里,1425,3230
65000050014,新北市新莊區,中和里,1744,4309
65000050015,新北市新莊區,西盛里,5990,14330
65000050016,新北市新莊區,榮和里,3844,6145
65000050017,新北市新莊區,中泰里,1809,4179
65000050018,新北市新莊區,瓊林里,1908,4963
65000050019,新北市新莊區,文德里,752,1723
65000050020,新北市新莊區,中誠里,926,2096
65000050021,新北市新莊區,裕民里,2775,6902
65000050022,新北市新莊區,文明里,685,1668
65000050023,新北市新莊區,中港里,2316,6344
65000050024,新北市新莊區,富國里,949,2221
65000050025,新北市新莊區,思源里,2266,5304
65000050026,新北市新莊區,立人里,973,2264
65000050027,新北市新莊區,南港里,2113,5076
65000050028,新北市新莊區,仁愛里,1062,2481
65000050029,新北市新莊區,立德里,986,2262
65000050030,新北市新莊區,信義里,2129,5108
65000050031,新北市新莊區,立言里,1932,4714
65000050032,新北市新莊區,民安里,2282,6042
65000050033,新北市新莊區,和平里,1866,4630
65000050034,新北市新莊區,立功里,1455,3447
65000050035,新北市新莊區,民本里,1174,2923
65000050036,新北市新莊區,化成里,1882,4110
65000050037,新北市新莊區,立志里,1581,3715
65000050038,新北市新莊區,光華里,2823,7216
65000050039,新北市新莊區,思賢里,1691,4153
65000050040,新北市新莊區,營盤里,733,1647
65000050041,新北市新莊區,光榮里,1655,4495
65000050042,新北市新莊區,自強里,1124,2444
65000050043,新北市新莊區,丹鳳里,3973,9334
65000050044,新北市新莊區,光明里,1805,4903
65000050045,新北市新莊區,自立里,2258,5132
65000050046,新北市新莊區,合鳳里,1784,4429
65000050047,新北市新莊區,幸福里,1661,4059
65000050048,新北市新莊區,雙鳳里,5259,12676
65000050049,新北市新莊區,自信里,1031,2418
65000050050,新北市新莊區,龍鳳里,4772,10852
65000050051,新北市新莊區,中華里,1279,2794
65000050052,新北市新莊區,中隆里,3077,6853
65000050053,新北市新莊區,中原里,7352,16643
65000050054,新北市新莊區,中信里,3384,8867
65000050055,新北市新莊區,四維里,1945,4622
65000050056,新北市新莊區,建福里,936,2412
65000050057,新北市新莊區,中宏里,1446,3529
65000050058,新北市新莊區,中全里,1375,3354
65000050059,新北市新莊區,立泰里,2517,5745
65000050060,新北市新莊區,全泰里,1923,4648
65000050061,新北市新莊區,仁義里,1444,3510
65000050062,新北市新莊區,立基里,2435,5900
65000050063,新北市新莊區,昌明里,1361,3390
65000050064,新北市新莊區,昌平里,5680,11292
65000050065,新北市新莊區,文聖里,1705,3721
65000050066,新北市新莊區,萬安里,1626,3757
65000050067,新北市新莊區,龍安里,889,2281
65000050068,新北市新莊區,福營里,1065,2194
65000050069,新北市新莊區,後德里,1139,2949
65000050070,新北市新莊區,建安里,2710,6783
65000050071,新北市新莊區,成德里,1928,4930
65000050072,新北市新莊區,福興里,2497,6171
65000050073,新北市新莊區,昌信里,1561,3829
65000050074,新北市新莊區,昌隆里,1818,4366
65000050075,新北市新莊區,中平里,4228,10328
65000050076,新北市新莊區,立廷里,5527,13682
65000050077,新北市新莊區,泰豐里,1114,2539
65000050078,新北市新莊區,富民里,1620,3821
65000050079,新北市新莊區,龍福里,930,2188
65000050080,新北市新莊區,祥鳳里,974,2435
65000050081,新北市新莊區,民全里,1473,3806
65000050082,新北市新莊區,民有里,1655,3935
65000050083,新北市新莊區,光正里,1696,4580
65000050084,新北市新莊區,光和里,999,2730
65000060001,新北市新店區,國豐里,1410,2961
65000060002,新北市新店區,明德里,1844,3853
65000060003,新北市新店區,大豐里,1662,3524
65000060004,新北市新店區,大同里,1866,3776
65000060005,新北市新店區,江陵里,2442,5322
65000060006,新北市新店區,寶興里,2810,5612
65000060007,新北市新店區,寶安里,2701,5157
65000060008,新北市新店區,信義里,3362,6480
65000060009,新北市新店區,忠孝里,1431,2804
65000060010,新北市新店區,大鵬里,1336,2734
65000060011,新北市新店區,太平里,1540,3100
65000060012,新北市新店區,頂城里,677,1550
65000060013,新北市新店區,下城里,1550,3422
65000060014,新北市新店區,柴埕里,4010,9228
65000060015,新北市新店區,永安里,2060,4838
65000060016,新北市新店區,公崙里,6168,14136
65000060017,新北市新店區,德安里,2398,5821
65000060018,新北市新店區,雙城里,2518,6035
65000060019,新北市新店區,日興里,2522,5892
65000060020,新北市新店區,玫瑰里,2461,5958
65000060021,新北市新店區,塗潭里,374,960
65000060022,新北市新店區,美潭里,2281,5178
65000060023,新北市新店區,員潭里,2432,5292
65000060024,新北市新店區,雙坑里,309,719
65000060025,新北市新店區,粗坑里,1450,3107
65000060026,新北市新店區,屈尺里,1013,2507
65000060027,新北市新店區,龜山里,762,1669
65000060028,新北市新店區,廣興里,621,1325
65000060029,新北市新店區,直潭里,504,1258
65000060030,新北市新店區,青潭里,2576,5551
65000060031,新北市新店區,新店里,852,1777
65000060032,新北市新店區,張南里,1555,2649
65000060033,新北市新店區,國校里,1181,2553
65000060034,新北市新店區,文中里,911,1841
65000060035,新北市新店區,廣明里,467,883
65000060036,新北市新店區,文明里,1131,2413
65000060037,新北市新店區,中興里,4571,7828
65000060038,新北市新店區,新生里,2734,5689
65000060039,新北市新店區,新德里,1304,2562
65000060040,新北市新店區,張北里,4545,9534
65000060041,新北市新店區,五峯里,3664,7598
65000060042,新北市新店區,新安里,2257,4185
65000060043,新北市新店區,忠誠里,1066,2234
65000060044,新北市新店區,中正里,2675,5969
65000060045,新北市新店區,中華里,2155,4523
65000060046,新北市新店區,仁愛里,999,1992
65000060047,新北市新店區,百忍里,1612,3589
65000060048,新北市新店區,百和里,1440,3162
65000060049,新北市新店區,福德里,1659,3678
65000060050,新北市新店區,百福里,1782,3732
65000060051,新北市新店區,福民里,1985,4168
65000060052,新北市新店區,中山里,7336,12049
65000060053,新北市新店區,和平里,892,1718
65000060054,新北市新店區,中央里,2992,6107
65000060055,新北市新店區,明城里,1522,3608
65000060056,新北市新店區,安和里,3584,8073
65000060057,新北市新店區,吉祥里,1919,4703
65000060058,新北市新店區,寶福里,3436,7262
65000060059,新北市新店區,小城里,1529,3767
65000060060,新北市新店區,香坡里,5787,12300
65000060061,新北市新店區,建國里,1358,2891
65000060062,新北市新店區,復興里,1395,2958
65000060063,新北市新店區,美城里,1162,2650
65000060064,新北市新店區,安昌里,2614,5562
65000060065,新北市新店區,長春里,1216,2534
65000060066,新北市新店區,新和里,1902,4106
65000060067,新北市新店區,永平里,2289,5559
65000060068,新北市新店區,達觀里,2262,4273
65000060069,新北市新店區,華城里,1529,3041
65000070001,新北市樹林區,三多里,1547,3893
65000070002,新北市樹林區,三福里,1572,3857
65000070003,新北市樹林區,三興里,1869,4597
65000070004,新北市樹林區,圳安里,1445,3610
65000070005,新北市樹林區,保安里,2462,6003
65000070006,新北市樹林區,潭底里,2494,5054
65000070007,新北市樹林區,󿾵寮里,1926,4914
65000070008,新北市樹林區,樹德里,1464,3494
65000070009,新北市樹林區,樹西里,2141,5111
65000070010,新北市樹林區,樹南里,1644,4080
65000070011,新北市樹林區,樹人里,1289,3249
65000070012,新北市樹林區,坡內里,654,1742
65000070013,新北市樹林區,樹東里,593,1182
65000070014,新北市樹林區,大同里,1367,3439
65000070015,新北市樹林區,和平里,1494,3713
65000070016,新北市樹林區,彭厝里,1788,4891
65000070017,新北市樹林區,彭福里,2319,5627
65000070018,新北市樹林區,東山里,1169,3024
65000070019,新北市樹林區,東陽里,2329,5822
65000070020,新北市樹林區,東昇里,2087,5212
65000070021,新北市樹林區,樂山里,829,2071
65000070022,新北市樹林區,東園里,814,1843
65000070023,新北市樹林區,西園里,663,1695
65000070024,新北市樹林區,南園里,7349,16760
65000070025,新北市樹林區,北園里,801,2056
65000070026,新北市樹林區,柑園里,4960,11079
65000070027,新北市樹林區,樹北里,453,863
65000070028,新北市樹林區,圳福里,1700,4447
65000070029,新北市樹林區,樹興里,1499,3683
65000070030,新北市樹林區,樹福里,1568,3577
65000070031,新北市樹林區,光興里,1530,3957
65000070032,新北市樹林區,金寮里,1724,4437
65000070033,新北市樹林區,彭興里,2194,5656
65000070034,新北市樹林區,文林里,1925,4936
65000070035,新北市樹林區,山佳里,2128,5804
65000070036,新北市樹林區,中山里,2113,5558
65000070037,新北市樹林區,育英里,1387,3162
65000070038,新北市樹林區,中華里,1286,3328
65000070039,新北市樹林區,太順里,978,2707
65000070040,新北市樹林區,圳民里,1179,2809
65000070041,新北市樹林區,圳生里,577,1426
65000070042,新北市樹林區,三龍里,806,1951
65000080001,新北市鶯歌區,東鶯里,456,1081
65000080002,新北市鶯歌區,西鶯里,943,2204
65000080003,新北市鶯歌區,南鶯里,2294,5611
65000080004,新北市鶯歌區,北鶯里,2225,4573
65000080005,新北市鶯歌區,中鶯里,412,938
65000080006,新北市鶯歌區,建德里,211,577
65000080007,新北市鶯歌區,同慶里,652,1581
65000080008,新北市鶯歌區,永昌里,3182,8562
65000080009,新北市鶯歌區,南靖里,1365,3467
65000080010,新北市鶯歌區,尖山里,4477,10408
65000080011,新北市鶯歌區,二橋里,3459,8784
65000080012,新北市鶯歌區,二甲里,351,878
65000080013,新北市鶯歌區,東湖里,133,281
65000080014,新北市鶯歌區,大湖里,2008,4855
65000080015,新北市鶯歌區,鳳鳴里,3993,8219
65000080016,新北市鶯歌區,鳳福里,2734,5399
65000080017,新北市鶯歌區,永吉里,1774,4905
65000080018,新北市鶯歌區,中湖里,2152,5475
65000080019,新北市鶯歌區,鳳祥里,1713,4236
65000080020,新北市鶯歌區,建國里,2965,7413
65000090001,新北市三峽區,三峽里,122,286
65000090002,新北市三峽區,秀川里,294,651
65000090003,新北市三峽區,八張里,1702,4155
65000090004,新北市三峽區,中埔里,1699,4028
65000090005,新北市三峽區,弘道里,551,1295
65000090006,新北市三峽區,永舘里,3109,7315
65000090007,新北市三峽區,礁溪里,2768,6369
65000090008,新北市三峽區,鳶山里,4460,10337
65000090009,新北市三峽區,龍埔里,4834,11362
65000090010,新北市三峽區,大埔里,1566,3933
65000090011,新北市三峽區,嘉添里,834,2160
65000090012,新北市三峽區,添福里,438,1055
65000090013,新北市三峽區,金圳里,212,446
65000090014,新北市三峽區,五寮里,357,802
65000090015,新北市三峽區,插角里,350,680
65000090016,新北市三峽區,有木里,349,648
65000090017,新北市三峽區,溪北里,975,2254
65000090018,新北市三峽區,溪南里,558,1477
65000090019,新北市三峽區,溪東里,1126,2925
65000090020,新北市三峽區,成福里,333,895
65000090021,新北市三峽區,安坑里,559,1262
65000090022,新北市三峽區,竹崙里,963,1969
65000090023,新北市三峽區,介壽里,3171,6967
65000090024,新北市三峽區,安溪里,2987,7442
65000090025,新北市三峽區,中正里,1912,5164
65000090026,新北市三峽區,二鬮里,1503,3555
65000090027,新北市三峽區,龍學里,7877,17225
65000090028,新北市三峽區,龍恩里,3912,8411
65000100001,新北市淡水區,中和里,234,571
65000100002,新北市淡水區,屯山里,383,1012
65000100003,新北市淡水區,賢孝里,715,1551
65000100004,新北市淡水區,興仁里,694,1455
65000100005,新北市淡水區,蕃薯里,598,1132
65000100006,新北市淡水區,義山里,1145,2437
65000100007,新北市淡水區,忠山里,387,831
65000100008,新北市淡水區,崁頂里,5306,9831
65000100009,新北市淡水區,埤島里,1115,2223
65000100010,新北市淡水區,新興里,3804,8013
65000100011,新北市淡水區,水碓里,2567,5807
65000100012,新北市淡水區,北投里,6110,12675
65000100013,新北市淡水區,水源里,969,2091
65000100014,新北市淡水區,忠寮里,440,1049
65000100015,新北市淡水區,樹興里,1110,1902
65000100016,新北市淡水區,坪頂里,725,1419
65000100017,新北市淡水區,福德里,4004,7413
65000100018,新北市淡水區,竹圍里,3293,6310
65000100019,新北市淡水區,民生里,4216,7765
65000100020,新北市淡水區,八勢里,5181,8775
65000100021,新北市淡水區,竿蓁里,7397,13076
65000100022,新北市淡水區,鄧公里,2879,6123
65000100023,新北市淡水區,中興里,1958,3972
65000100024,新北市淡水區,長庚里,664,1348
65000100025,新北市淡水區,清文里,534,1107
65000100026,新北市淡水區,草東里,371,709
65000100027,新北市淡水區,協元里,639,1395
65000100028,新北市淡水區,永吉里,434,862
65000100029,新北市淡水區,民安里,311,650
65000100030,新北市淡水區,新生里,269,428
65000100031,新北市淡水區,文化里,881,1754
65000100032,新北市淡水區,油車里,2710,5644
65000100033,新北市淡水區,沙崙里,3090,5862
65000100034,新北市淡水區,新義里,1706,4108
65000100035,新北市淡水區,新春里,4868,10642
65000100036,新北市淡水區,新民里,2330,4949
65000100037,新北市淡水區,正德里,2543,5221
65000100038,新北市淡水區,北新里,1819,3364
65000100039,新北市淡水區,民權里,2678,5112
65000100040,新北市淡水區,幸福里,1685,3723
65000100041,新北市淡水區,學府里,2676,5015
65000100042,新北市淡水區,大庄里,8688,15400
65000100043,新北市淡水區,新崁里,6606,11413
65000100044,新北市淡水區,新市里,7440,13834
65000110001,新北市汐止區,義民里,615,1196
65000110002,新北市汐止區,禮門里,554,1110
65000110003,新北市汐止區,智慧里,2558,4844
65000110004,新北市汐止區,信望里,163,310
65000110005,新北市汐止區,橋東里,1851,4045
65000110006,新北市汐止區,秀峰里,3057,5720
65000110007,新北市汐止區,新昌里,2603,5640
65000110008,新北市汐止區,復興里,3747,7635
65000110009,新北市汐止區,茄苳里,2550,5528
65000110010,新北市汐止區,長安里,744,1582
65000110011,新北市汐止區,保安里,700,1583
65000110012,新北市汐止區,保長里,2349,4886
65000110013,新北市汐止區,鄉長里,954,2205
65000110014,新北市汐止區,江北里,2918,6336
65000110015,新北市汐止區,拱北里,2444,5399
65000110016,新北市汐止區,烘內里,819,1577
65000110017,新北市汐止區,八連里,482,1029
65000110018,新北市汐止區,樟樹里,1018,2153
65000110019,新北市汐止區,北峰里,2437,5159
65000110020,新北市汐止區,北山里,3002,6019
65000110021,新北市汐止區,白雲里,2338,5003
65000110022,新北市汐止區,橫科里,2187,4504
65000110023,新北市汐止區,東山里,290,589
65000110024,新北市汐止區,福山里,2002,3961
65000110025,新北市汐止區,宜興里,1529,2921
65000110026,新北市汐止區,中興里,4065,8076
65000110027,新北市汐止區,湖光里,3444,6644
65000110028,新北市汐止區,仁德里,914,1804
65000110029,新北市汐止區,厚德里,3458,7840
65000110030,新北市汐止區,忠孝里,4307,8609
65000110031,新北市汐止區,自強里,2999,6421
65000110032,新北市汐止區,文化里,2240,4947
65000110033,新北市汐止區,金龍里,2858,5766
65000110034,新北市汐止區,福德里,1805,3676
65000110035,新北市汐止區,興福里,1709,3501
65000110036,新北市汐止區,康福里,3142,5675
65000110037,新北市汐止區,忠山里,1671,3390
65000110038,新北市汐止區,環河里,528,1149
65000110039,新北市汐止區,東勢里,2853,5423
65000110040,新北市汐止區,山光里,1823,3651
65000110041,新北市汐止區,大同里,1478,2964
65000110042,新北市汐止區,崇德里,2320,5268
65000110043,新北市汐止區,湖興里,3296,6872
65000110044,新北市汐止區,長青里,537,976
65000110045,新北市汐止區,福安里,3025,6999
65000110046,新北市汐止區,秀山里,2136,4933
65000110047,新北市汐止區,建成里,2625,5528
65000110048,新北市汐止區,城中里,2178,4825
65000110049,新北市汐止區,湖蓮里,1810,3248
65000110050,新北市汐止區,保新里,1719,3157
65000120001,新北市瑞芳區,龍潭里,360,707
65000120002,新北市瑞芳區,龍興里,1043,2016
65000120003,新北市瑞芳區,龍鎮里,567,1219
65000120004,新北市瑞芳區,龍川里,746,1699
65000120005,新北市瑞芳區,龍山里,613,1344
65000120006,新北市瑞芳區,龍安里,285,620
65000120007,新北市瑞芳區,爪峯里,1602,3739
65000120008,新北市瑞芳區,柑坪里,424,1060
65000120009,新北市瑞芳區,東和里,704,1683
65000120010,新北市瑞芳區,上天里,533,1216
65000120011,新北市瑞芳區,吉慶里,739,1690
65000120012,新北市瑞芳區,吉安里,1315,3043
65000120013,新北市瑞芳區,傑魚里,820,1953
65000120014,新北市瑞芳區,猴硐里,179,386
65000120015,新北市瑞芳區,光復里,123,225
65000120016,新北市瑞芳區,弓橋里,129,294
65000120017,新北市瑞芳區,碩仁里,83,151
65000120018,新北市瑞芳區,基山里,198,399
65000120019,新北市瑞芳區,永慶里,216,391
65000120020,新北市瑞芳區,崇文里,156,271
65000120021,新北市瑞芳區,福住里,83,151
65000120022,新北市瑞芳區,頌德里,165,294
65000120023,新北市瑞芳區,新山里,160,314
65000120024,新北市瑞芳區,瓜山里,102,170
65000120025,新北市瑞芳區,銅山里,100,165
65000120026,新北市瑞芳區,石山里,161,279
65000120027,新北市瑞芳區,濓新里,126,271
65000120028,新北市瑞芳區,濓洞里,231,423
65000120029,新北市瑞芳區,海濱里,652,1179
65000120030,新北市瑞芳區,瑞濱里,1076,1945
65000120031,新北市瑞芳區,深澳里,665,1273
65000120032,新北市瑞芳區,南雅里,93,254
65000120033,新北市瑞芳區,鼻頭里,252,802
65000120034,新北市瑞芳區,新峰里,1502,3526
65000130001,新北市土城區,埤塘里,3115,5378
65000130002,新北市土城區,土城里,1040,2293
65000130003,新北市土城區,員林里,4603,9933
65000130004,新北市土城區,員仁里,2302,5805
65000130005,新北市土城區,長風里,826,1973
65000130006,新北市土城區,日新里,1802,4526
65000130007,新北市土城區,日和里,5158,10695
65000130008,新北市土城區,貨饒里,2223,5019
65000130009,新北市土城區,柑林里,2959,5936
65000130010,新北市土城區,埤林里,3319,8191
65000130011,新北市土城區,瑞興里,1266,2932
65000130012,新北市土城區,清水里,3097,7618
65000130013,新北市土城區,清和里,2732,6617
65000130014,新北市土城區,永豐里,1734,4376
65000130015,新北市土城區,清化里,663,1556
65000130016,新北市土城區,清溪里,2817,6708
65000130017,新北市土城區,峯廷里,2774,7116
65000130018,新北市土城區,平和里,2558,6695
65000130019,新北市土城區,廷寮里,1806,4711
65000130020,新北市土城區,大安里,2567,5693
65000130021,新北市土城區,永寧里,3488,8755
65000130022,新北市土城區,沛陂里,2143,5012
65000130023,新北市土城區,頂埔里,2491,5532
65000130024,新北市土城區,頂福里,2553,6004
65000130025,新北市土城區,頂新里,1394,3302
65000130026,新北市土城區,祖田里,635,1644
65000130027,新北市土城區,樂利里,2048,4776
65000130028,新北市土城區,廣福里,2158,5440
65000130029,新北市土城區,學府里,1294,3402
65000130030,新北市土城區,延壽里,1795,4312
65000130031,新北市土城區,安和里,2104,5157
65000130032,新北市土城區,青雲里,2216,4685
65000130033,新北市土城區,員福里,2226,5505
65000130034,新北市土城區,延吉里,1633,4067
65000130035,新北市土城區,復興里,1758,4186
65000130036,新北市土城區,裕生里,2306,5564
65000130037,新北市土城區,員信里,2024,4917
65000130038,新北市土城區,永富里,2271,5530
65000130039,新北市土城區,學成里,1239,3170
65000130040,新北市土城區,延和里,2816,6652
65000130041,新北市土城區,中正里,1348,3152
65000130042,新北市土城區,學士里,2295,5291
65000130043,新北市土城區,明德里,2912,6377
65000130044,新北市土城區,廣興里,1530,3591
65000130045,新北市土城區,青山里,1175,3015
65000130046,新北市土城區,金城里,2526,5955
65000130047,新北市土城區,延祿里,1637,4064
65000140001,新北市蘆洲區,正義里,6401,15855
65000140002,新北市蘆洲區,中原里,2510,6257
65000140003,新北市蘆洲區,中路里,1598,3977
65000140004,新北市蘆洲區,光華里,2142,5195
65000140005,新北市蘆洲區,保佑里,1489,3663
65000140006,新北市蘆洲區,水湳里,4323,10770
65000140007,新北市蘆洲區,樓厝里,2890,6705
65000140008,新北市蘆洲區,鷺江里,2236,5484
65000140009,新北市蘆洲區,恆德里,2760,6050
65000140010,新北市蘆洲區,溪墘里,1352,3121
65000140011,新北市蘆洲區,樹德里,1368,3192
65000140012,新北市蘆洲區,保和里,1170,2657
65000140013,新北市蘆洲區,仁復里,917,2094
65000140014,新北市蘆洲區,得勝里,1408,3253
65000140015,新北市蘆洲區,南港里,2221,6008
65000140016,新北市蘆洲區,永樂里,2350,6357
65000140017,新北市蘆洲區,永康里,2701,7173
65000140018,新北市蘆洲區,信義里,1531,3944
65000140019,新北市蘆洲區,玉清里,2549,6009
65000140020,新北市蘆洲區,復興里,1374,3457
65000140021,新北市蘆洲區,水河里,3708,9387
65000140022,新北市蘆洲區,仁愛里,2047,5199
65000140023,新北市蘆洲區,忠義里,1329,3284
65000140024,新北市蘆洲區,九芎里,2083,5463
65000140025,新北市蘆洲區,中華里,1331,3173
65000140026,新北市蘆洲區,得仁里,1224,2941
65000140027,新北市蘆洲區,仁德里,2084,5403
65000140028,新北市蘆洲區,仁義里,3006,5458
65000140029,新北市蘆洲區,光明里,1882,4763
65000140030,新北市蘆洲區,保新里,1733,4172
65000140031,新北市蘆洲區,長安里,1949,5080
65000140032,新北市蘆洲區,民和里,1075,2587
65000140033,新北市蘆洲區,忠孝里,972,2419
65000140034,新北市蘆洲區,福安里,1274,3136
65000140035,新北市蘆洲區,永安里,1993,5160
65000140036,新北市蘆洲區,延平里,1690,4201
65000140037,新北市蘆洲區,成功里,2892,7838
65000140038,新北市蘆洲區,永德里,1713,4463
65000150001,新北市五股區,興珍里,1780,4502
65000150002,新北市五股區,更寮里,421,1097
65000150003,新北市五股區,集福里,1715,4090
65000150004,新北市五股區,觀音里,507,1282
65000150005,新北市五股區,成州里,2867,6765
65000150006,新北市五股區,成功里,4664,9230
65000150007,新北市五股區,五龍里,470,1275
65000150008,新北市五股區,五股里,1590,3733
65000150009,新北市五股區,五福里,1380,3402
65000150010,新北市五股區,德音里,2351,5527
65000150011,新北市五股區,陸一里,1147,2612
65000150012,新北市五股區,貿商里,1301,3044
65000150013,新北市五股區,德泰里,1868,4501
65000150014,新北市五股區,成德里,1833,4069
65000150015,新北市五股區,六福里,1649,3941
65000150016,新北市五股區,集賢里,1724,4351
65000150017,新北市五股區,民義里,1477,3597
65000150018,新北市五股區,成泰里,3799,8439
65000150019,新北市五股區,水碓里,3331,8152
65000150020,新北市五股區,福德里,1601,3679
65000150021,新北市五股區,芳洲里,4365,7874
65000160001,新北市泰山區,大科里,315,827
65000160002,新北市泰山區,黎明里,1432,3542
65000160003,新北市泰山區,山腳里,2706,6927
65000160004,新北市泰山區,福泰里,1074,2631
65000160005,新北市泰山區,楓樹里,1784,4312
65000160006,新北市泰山區,同榮里,1787,4369
65000160007,新北市泰山區,義學里,1961,4891
65000160008,新北市泰山區,明志里,1614,3863
65000160009,新北市泰山區,貴子里,1838,4177
65000160010,新北市泰山區,貴和里,2217,5131
65000160011,新北市泰山區,同興里,1519,3826
65000160012,新北市泰山區,義仁里,5164,11244
65000160013,新北市泰山區,泰友里,785,1935
65000160014,新北市泰山區,新明里,1240,3108
65000160015,新北市泰山區,貴賢里,1641,3768
65000160016,新北市泰山區,福興里,1577,3776
65000160017,新北市泰山區,全興里,4212,9986
65000170001,新北市林口區,東林里,1525,3787
65000170002,新北市林口區,林口里,2453,5688
65000170003,新北市林口區,西林里,5507,13036
65000170004,新北市林口區,菁湖里,1760,4253
65000170005,新北市林口區,中湖里,2651,5954
65000170006,新北市林口區,湖北里,512,1456
65000170007,新北市林口區,湖南里,5304,10994
65000170008,新北市林口區,南勢里,3077,6922
65000170009,新北市林口區,東勢里,3069,7764
65000170010,新北市林口區,頂福里,425,1092
65000170011,新北市林口區,下福里,502,1358
65000170012,新北市林口區,嘉寶里,372,993
65000170013,新北市林口區,瑞平里,330,808
65000170014,新北市林口區,太平里,678,1677
65000170015,新北市林口區,仁愛里,3304,7662
65000170016,新北市林口區,麗林里,4331,10036
65000170017,新北市林口區,麗園里,1622,4186
65000170018,新北市林口區,新林里,7321,14324
65000170019,新北市林口區,力行里,7278,14911
65000170020,新北市林口區,頭湖里,3215,7369
65000170021,新北市林口區,文湖里,6669,15122
65000180001,新北市深坑區,深坑里,1670,3553
65000180002,新北市深坑區,萬順里,1227,2572
65000180003,新北市深坑區,土庫里,1303,3086
65000180004,新北市深坑區,昇高里,846,2093
65000180005,新北市深坑區,阿柔里,219,556
65000180006,新北市深坑區,埔新里,2867,6439
65000180007,新北市深坑區,萬福里,1398,2743
65000180008,新北市深坑區,賴仲里,1230,2485
65000190001,新北市石碇區,石碇里,165,379
65000190002,新北市石碇區,潭邊里,422,819
65000190003,新北市石碇區,隆盛里,294,661
65000190004,新北市石碇區,烏塗里,298,536
65000190005,新北市石碇區,彭山里,156,316
65000190006,新北市石碇區,豐田里,204,389
65000190007,新北市石碇區,永定里,261,589
65000190008,新北市石碇區,中民里,335,734
65000190009,新北市石碇區,光明里,141,266
65000190010,新北市石碇區,豐林里,125,302
65000190011,新北市石碇區,永安里,391,855
65000190012,新北市石碇區,格頭里,517,995
65000200001,新北市坪林區,粗窟里,366,859
65000200002,新北市坪林區,坪林里,500,1346
65000200003,新北市坪林區,大林里,480,1125
65000200004,新北市坪林區,石𥕢里,187,398
65000200005,新北市坪林區,上德里,336,840
65000200006,新北市坪林區,水德里,294,683
65000200007,新北市坪林區,漁光里,389,801
65000210001,新北市三芝區,八賢里,136,307
65000210002,新北市三芝區,埔頭里,2536,5414
65000210003,新北市三芝區,古庄里,740,1249
65000210004,新北市三芝區,新庄里,358,765
65000210005,新北市三芝區,埔坪里,3392,7098
65000210006,新北市三芝區,茂長里,307,616
65000210007,新北市三芝區,橫山里,217,463
65000210008,新北市三芝區,錫板里,327,650
65000210009,新北市三芝區,後厝里,1401,2352
65000210010,新北市三芝區,福德里,408,824
65000210011,新北市三芝區,圓山里,204,489
65000210012,新北市三芝區,店子里,239,523
65000210013,新北市三芝區,興華里,562,1207
65000220001,新北市石門區,德茂里,460,1136
65000220002,新北市石門區,富基里,544,1298
65000220003,新北市石門區,老梅里,824,1991
65000220004,新北市石門區,山溪里,360,817
65000220005,新北市石門區,石門里,678,1494
65000220006,新北市石門區,尖鹿里,637,1459
65000220007,新北市石門區,乾華里,138,239
65000220008,新北市石門區,茂林里,215,510
65000220009,新北市石門區,草里里,390,922
65000230001,新北市八里區,龍源里,4124,8071
65000230002,新北市八里區,米倉里,1926,4054
65000230003,新北市八里區,大崁里,1758,3987
65000230004,新北市八里區,埤頭里,2492,5336
65000230005,新北市八里區,頂罟里,1316,2754
65000230006,新北市八里區,舊城里,3374,7383
65000230007,新北市八里區,訊塘里,3337,6745
65000230008,新北市八里區,荖阡里,694,1800
65000230009,新北市八里區,長坑里,511,1647
65000230010,新北市八里區,下罟里,577,1706
65000240001,新北市平溪區,薯榔里,183,322
65000240002,新北市平溪區,菁桐里,118,238
65000240003,新北市平溪區,白石里,107,228
65000240004,新北市平溪區,石底里,205,403
65000240005,新北市平溪區,平溪里,112,233
65000240006,新北市平溪區,嶺腳里,274,536
65000240007,新北市平溪區,東勢里,229,376
65000240008,新北市平溪區,望古里,94,138
65000240009,新北市平溪區,南山里,178,298
65000240010,新北市平溪區,平湖里,78,135
65000240011,新北市平溪區,十分里,431,818
65000240012,新北市平溪區,新寮里,83,139
65000250001,新北市雙溪區,雙溪里,216,429
65000250002,新北市雙溪區,共和里,165,310
65000250003,新北市雙溪區,新基里,339,715
65000250004,新北市雙溪區,魚行里,313,588
65000250005,新北市雙溪區,三港里,175,322
65000250006,新北市雙溪區,牡丹里,632,1343
65000250007,新北市雙溪區,三貂里,145,319
65000250008,新北市雙溪區,平林里,426,842
65000250009,新北市雙溪區,上林里,283,568
65000250010,新北市雙溪區,外柑里,207,363
65000250011,新北市雙溪區,長源里,173,340
65000250012,新北市雙溪區,泰平里,431,1208
65000260001,新北市貢寮區,貢寮里,333,737
65000260002,新北市貢寮區,吉林里,236,429
65000260003,新北市貢寮區,雙玉里,269,575
65000260004,新北市貢寮區,龍崗里,170,365
65000260005,新北市貢寮區,龍門里,238,599
65000260006,新北市貢寮區,福隆里,628,1534
65000260007,新北市貢寮區,仁里里,709,1756
65000260008,新北市貢寮區,真理里,732,1917
65000260009,新北市貢寮區,福連里,287,793
65000260010,新北市貢寮區,美豐里,279,652
65000260011,新北市貢寮區,和美里,352,907
65000270001,新北市金山區,和平里,201,439
65000270002,新北市金山區,大同里,297,683
65000270003,新北市金山區,豐漁里,165,472
65000270004,新北市金山區,磺港里,546,1683
65000270005,新北市金山區,美田里,1657,4258
65000270006,新北市金山區,五湖里,657,1745
65000270007,新北市金山區,重和里,632,1256
65000270008,新北市金山區,兩湖里,143,384
65000270009,新北市金山區,六股里,239,642
65000270010,新北市金山區,三界里,212,620
65000270011,新北市金山區,清泉里,290,803
65000270012,新北市金山區,萬壽里,182,466
65000270013,新北市金山區,西湖里,51,153
65000270014,新北市金山區,永興里,225,553
65000270015,新北市金山區,金美里,2201,5381
65000280001,新北市萬里區,萬里里,1536,4448
65000280002,新北市萬里區,龜吼里,1291,2918
65000280003,新北市萬里區,野柳里,1166,3272
65000280004,新北市萬里區,大鵬里,1055,2803
65000280005,新北市萬里區,磺潭里,232,576
65000280006,新北市萬里區,雙興里,404,971
65000280007,新北市萬里區,溪底里,274,619
65000280008,新北市萬里區,崁脚里,160,374
65000280009,新北市萬里區,中幅里,368,1118
65000280010,新北市萬里區,北基里,1491,2876
65000290001,新北市烏來區,烏來里,889,2630
65000290002,新北市烏來區,忠治里,567,1857
65000290003,新北市烏來區,福山里,216,819
65000290004,新北市烏來區,信賢里,192,569
65000290005,新北市烏來區,孝義里,44,232
63000010002,臺北市松山區,莊敬里,2021,4724
63000010003,臺北市松山區,東榮里,3073,7763
63000010004,臺北市松山區,三民里,2867,6228
63000010005,臺北市松山區,新益里,1844,4272
63000010006,臺北市松山區,富錦里,2130,4831
63000010007,臺北市松山區,新東里,2060,4622
63000010008,臺北市松山區,富泰里,2078,4274
63000010009,臺北市松山區,介壽里,1756,4336
63000010010,臺北市松山區,精忠里,1731,4184
63000010011,臺北市松山區,東光里,2960,6288
63000010012,臺北市松山區,龍田里,4308,10651
63000010013,臺北市松山區,東昌里,1016,2543
63000010014,臺北市松山區,東勢里,1843,4133
63000010015,臺北市松山區,中華里,2580,6280
63000010016,臺北市松山區,民有里,3562,8220
63000010017,臺北市松山區,民福里,2562,5702
63000010018,臺北市松山區,慈祐里,4393,7713
63000010019,臺北市松山區,安平里,3677,7509
63000010020,臺北市松山區,鵬程里,2021,4480
63000010021,臺北市松山區,自強里,3896,8877
63000010022,臺北市松山區,吉祥里,3445,7434
63000010024,臺北市松山區,新聚里,3322,7186
63000010025,臺北市松山區,復盛里,2457,5585
63000010026,臺北市松山區,中正里,3862,9769
63000010027,臺北市松山區,中崙里,1767,4269
63000010028,臺北市松山區,美仁里,1352,3369
63000010029,臺北市松山區,吉仁里,1565,3904
63000010030,臺北市松山區,敦化里,2537,6488
63000010031,臺北市松山區,復源里,1368,3499
63000010032,臺北市松山區,復建里,1952,4671
63000010033,臺北市松山區,復勢里,2710,6258
63000010034,臺北市松山區,福成里,1007,2506
63000010035,臺北市松山區,松基里,1546,3431
63000020001,臺北市信義區,西村里,1807,4092
63000020002,臺北市信義區,正和里,1903,4231
63000020003,臺北市信義區,興隆里,1169,2459
63000020004,臺北市信義區,中興里,1804,3257
63000020005,臺北市信義區,新仁里,1373,3036
63000020006,臺北市信義區,興雅里,2337,4869
63000020007,臺北市信義區,敦厚里,2267,4695
63000020008,臺北市信義區,廣居里,3018,6978
63000020009,臺北市信義區,安康里,4703,10505
63000020010,臺北市信義區,六藝里,1395,3392
63000020011,臺北市信義區,雅祥里,2190,4694
63000020012,臺北市信義區,五常里,1550,3417
63000020013,臺北市信義區,五全里,2052,4455
63000020014,臺北市信義區,永吉里,1418,3490
63000020015,臺北市信義區,長春里,1685,3724
63000020016,臺北市信義區,四育里,2280,5079
63000020017,臺北市信義區,四維里,2046,4488
63000020018,臺北市信義區,永春里,2018,4388
63000020019,臺北市信義區,富台里,2226,4500
63000020020,臺北市信義區,國業里,2951,6981
63000020021,臺北市信義區,松隆里,818,1853
63000020022,臺北市信義區,松友里,2537,6289
63000020023,臺北市信義區,松光里,2062,4319
63000020024,臺北市信義區,中坡里,1696,3900
63000020025,臺北市信義區,中行里,2968,6980
63000020026,臺北市信義區,大道里,2441,5521
63000020027,臺北市信義區,大仁里,3935,7980
63000020028,臺北市信義區,景新里,2155,4709
63000020029,臺北市信義區,惠安里,2545,5694
63000020030,臺北市信義區,三張里,3563,7859
63000020031,臺北市信義區,三犁里,2193,4828
63000020032,臺北市信義區,六合里,2828,6156
63000020033,臺北市信義區,泰和里,3315,7099
63000020034,臺北市信義區,景聯里,1847,4060
63000020035,臺北市信義區,景勤里,2123,4290
63000020036,臺北市信義區,雙和里,2916,6397
63000020037,臺北市信義區,嘉興里,1265,2764
63000020038,臺北市信義區,黎順里,1828,3659
63000020039,臺北市信義區,黎平里,3070,6482
63000020040,臺北市信義區,黎忠里,1956,4244
63000020041,臺北市信義區,黎安里,749,1585
63000030001,臺北市大安區,德安里,2322,5259
63000030002,臺北市大安區,仁慈里,2067,5371
63000030003,臺北市大安區,和安里,2554,6674
63000030004,臺北市大安區,民炤里,3329,7773
63000030005,臺北市大安區,仁愛里,2173,4750
63000030006,臺北市大安區,義村里,2401,4955
63000030007,臺北市大安區,民輝里,2851,6067
63000030008,臺北市大安區,昌隆里,1278,2839
63000030009,臺北市大安區,誠安里,1881,3727
63000030010,臺北市大安區,光武里,3297,7148
63000030011,臺北市大安區,龍坡里,2339,5696
63000030012,臺北市大安區,龍泉里,2111,5115
63000030013,臺北市大安區,古風里,1755,4063
63000030014,臺北市大安區,古莊里,3433,7539
63000030015,臺北市大安區,龍安里,3710,7723
63000030016,臺北市大安區,錦安里,2418,6029
63000030017,臺北市大安區,福住里,2412,6212
63000030018,臺北市大安區,永康里,1482,3693
63000030019,臺北市大安區,光明里,1523,3826
63000030020,臺北市大安區,錦泰里,1473,3881
63000030021,臺北市大安區,錦華里,2235,5835
63000030022,臺北市大安區,龍圖里,2946,6412
63000030023,臺北市大安區,新龍里,2587,6499
63000030026,臺北市大安區,龍陣里,1399,3106
63000030027,臺北市大安區,龍雲里,1855,4345
63000030028,臺北市大安區,龍生里,2658,6748
63000030029,臺北市大安區,住安里,2303,4551
63000030030,臺北市大安區,義安里,2251,5073
63000030031,臺北市大安區,通化里,2564,5536
63000030032,臺北市大安區,通安里,2325,5020
63000030033,臺北市大安區,臨江里,1818,3904
63000030034,臺北市大安區,法治里,1872,4166
63000030035,臺北市大安區,全安里,1801,3941
63000030036,臺北市大安區,群賢里,2450,5293
63000030037,臺北市大安區,群英里,2970,6476
63000030038,臺北市大安區,虎嘯里,1709,3591
63000030039,臺北市大安區,臥龍里,946,2328
63000030040,臺北市大安區,龍淵里,3449,9229
63000030041,臺北市大安區,龍門里,1568,4252
63000030043,臺北市大安區,大學里,3580,8445
63000030044,臺北市大安區,芳和里,2311,5186
63000030046,臺北市大安區,黎元里,2098,5062
63000030047,臺北市大安區,黎孝里,3042,7090
63000030048,臺北市大安區,黎和里,2251,4629
63000030049,臺北市大安區,建安里,2138,4494
63000030050,臺北市大安區,建倫里,2395,5752
63000030051,臺北市大安區,敦安里,2411,5985
63000030052,臺北市大安區,正聲里,1828,4168
63000030053,臺北市大安區,敦煌里,2386,5877
63000030054,臺北市大安區,華聲里,1742,3912
63000030055,臺北市大安區,車層里,2492,5844
63000030056,臺北市大安區,光信里,2930,7053
63000030057,臺北市大安區,學府里,850,2064
63000040001,臺北市中山區,正守里,1523,3122
63000040002,臺北市中山區,正義里,3007,5217
63000040003,臺北市中山區,正得里,2300,3774
63000040004,臺北市中山區,民安里,2195,4278
63000040005,臺北市中山區,康樂里,1590,2581
63000040006,臺北市中山區,中山里,4335,6967
63000040007,臺北市中山區,聚盛里,2528,3983
63000040008,臺北市中山區,集英里,3597,6976
63000040009,臺北市中山區,聚葉里,2070,3741
63000040010,臺北市中山區,恆安里,2989,5086
63000040011,臺北市中山區,晴光里,3334,5640
63000040012,臺北市中山區,圓山里,2028,3882
63000040013,臺北市中山區,劍潭里,1427,3466
63000040014,臺北市中山區,大直里,3391,8196
63000040015,臺北市中山區,成功里,2859,6460
63000040016,臺北市中山區,永安里,3985,9323
63000040017,臺北市中山區,大佳里,301,714
63000040018,臺北市中山區,新喜里,2101,4624
63000040019,臺北市中山區,新庄里,2157,4506
63000040020,臺北市中山區,新福里,2323,4688
63000040021,臺北市中山區,松江里,2573,5993
63000040022,臺北市中山區,新生里,2080,4078
63000040023,臺北市中山區,中庄里,2390,4707
63000040024,臺北市中山區,行政里,3856,6885
63000040025,臺北市中山區,行仁里,3010,7230
63000040026,臺北市中山區,行孝里,1839,4180
63000040027,臺北市中山區,下埤里,3067,6939
63000040028,臺北市中山區,江寧里,2891,6541
63000040029,臺北市中山區,江山里,3122,7023
63000040030,臺北市中山區,中吉里,2411,5382
63000040031,臺北市中山區,中原里,2305,4645
63000040032,臺北市中山區,興亞里,2729,5402
63000040033,臺北市中山區,中央里,1690,3613
63000040034,臺北市中山區,朱馥里,2476,5328
63000040035,臺北市中山區,龍洲里,2135,4653
63000040036,臺北市中山區,朱園里,2353,4489
63000040037,臺北市中山區,埤頭里,1594,3100
63000040038,臺北市中山區,朱崙里,1490,2812
63000040039,臺北市中山區,力行里,2835,5706
63000040040,臺北市中山區,復華里,2245,4430
63000040041,臺北市中山區,金泰里,3663,8116
63000040042,臺北市中山區,北安里,995,2220
63000050001,臺北市中正區,水源里,1395,2794
63000050002,臺北市中正區,富水里,991,2187
63000050003,臺北市中正區,文盛里,1281,2449
63000050004,臺北市中正區,林興里,2302,4603
63000050005,臺北市中正區,河堤里,1983,4112
63000050006,臺北市中正區,頂東里,2857,5402
63000050007,臺北市中正區,網溪里,2663,5404
63000050008,臺北市中正區,板溪里,1638,3194
63000050009,臺北市中正區,螢圃里,2553,5161
63000050010,臺北市中正區,螢雪里,1735,3729
63000050011,臺北市中正區,永功里,2617,5752
63000050012,臺北市中正區,永昌里,1970,4225
63000050013,臺北市中正區,龍興里,1571,3728
63000050014,臺北市中正區,忠勤里,2888,5514
63000050015,臺北市中正區,廈安里,1809,4333
63000050016,臺北市中正區,愛國里,1367,3236
63000050017,臺北市中正區,南門里,1041,2565
63000050018,臺北市中正區,龍光里,1266,3049
63000050019,臺北市中正區,南福里,4876,11389
63000050020,臺北市中正區,龍福里,2975,6014
63000050021,臺北市中正區,新營里,3229,8203
63000050022,臺北市中正區,建國里,803,1807
63000050023,臺北市中正區,光復里,2097,3965
63000050024,臺北市中正區,黎明里,1663,3212
63000050025,臺北市中正區,梅花里,1388,2779
63000050026,臺北市中正區,幸福里,2155,4540
63000050027,臺北市中正區,幸市里,1953,4087
63000050028,臺北市中正區,東門里,1633,3590
63000050029,臺北市中正區,文北里,2505,5828
63000050030,臺北市中正區,文祥里,3099,7742
63000050031,臺北市中正區,三愛里,3599,8510
63000060001,臺北市大同區,玉泉里,1309,2687
63000060002,臺北市大同區,建明里,1769,3248
63000060003,臺北市大同區,建功里,2187,4574
63000060004,臺北市大同區,建泰里,1666,3514
63000060005,臺北市大同區,永樂里,2318,4761
63000060006,臺北市大同區,朝陽里,2104,4141
63000060007,臺北市大同區,星明里,2607,5587
63000060008,臺北市大同區,光能里,2284,5047
63000060009,臺北市大同區,大有里,1865,4156
63000060010,臺北市大同區,延平里,1913,3650
63000060011,臺北市大同區,雙連里,3986,9022
63000060012,臺北市大同區,南芳里,1943,4160
63000060013,臺北市大同區,民權里,2767,6315
63000060014,臺北市大同區,景星里,1102,2297
63000060015,臺北市大同區,隆和里,1694,3602
63000060016,臺北市大同區,蓬萊里,2357,4860
63000060017,臺北市大同區,國順里,1269,2805
63000060018,臺北市大同區,國慶里,1990,4418
63000060019,臺北市大同區,揚雅里,2353,3996
63000060020,臺北市大同區,斯文里,2295,4579
63000060021,臺北市大同區,鄰江里,2569,5816
63000060022,臺北市大同區,至聖里,3458,7182
63000060024,臺北市大同區,老師里,2218,5026
63000060025,臺北市大同區,重慶里,2715,6118
63000060026,臺北市大同區,保安里,1939,4096
63000070001,臺北市萬華區,福星里,2694,4802
63000070002,臺北市萬華區,萬壽里,2036,3224
63000070003,臺北市萬華區,西門里,2067,3409
63000070004,臺北市萬華區,新起里,3470,6543
63000070005,臺北市萬華區,菜園里,2923,5658
63000070006,臺北市萬華區,青山里,2949,5573
63000070007,臺北市萬華區,富民里,2472,4653
63000070008,臺北市萬華區,福音里,2103,3851
63000070009,臺北市萬華區,仁德里,2271,4469
63000070010,臺北市萬華區,富福里,3430,5697
63000070011,臺北市萬華區,頂碩里,2917,6213
63000070012,臺北市萬華區,雙園里,2209,4720
63000070013,臺北市萬華區,新忠里,1561,3189
63000070014,臺北市萬華區,新和里,3467,7643
63000070015,臺北市萬華區,糖廍里,2314,4833
63000070016,臺北市萬華區,和平里,2716,5811
63000070017,臺北市萬華區,綠堤里,1671,3789
63000070018,臺北市萬華區,華江里,3464,7783
63000070019,臺北市萬華區,柳鄉里,2041,4530
63000070020,臺北市萬華區,日善里,1549,3445
63000070021,臺北市萬華區,新安里,2487,5108
63000070022,臺北市萬華區,忠德里,1874,4112
63000070023,臺北市萬華區,孝德里,1374,2980
63000070024,臺北市萬華區,和德里,2533,5437
63000070025,臺北市萬華區,錦德里,2219,4923
63000070026,臺北市萬華區,全德里,1789,3914
63000070027,臺北市萬華區,保德里,1270,3022
63000070028,臺北市萬華區,銘德里,1828,4119
63000070029,臺北市萬華區,榮德里,1354,3086
63000070030,臺北市萬華區,壽德里,1907,4401
63000070031,臺北市萬華區,興德里,1740,4093
63000070032,臺北市萬華區,華中里,2428,5409
63000070033,臺北市萬華區,日祥里,3234,6516
63000070034,臺北市萬華區,忠貞里,2225,4257
63000070035,臺北市萬華區,凌霄里,1610,3220
63000070036,臺北市萬華區,騰雲里,1320,2723
63000080001,臺北市文山區,景行里,3700,8041
63000080002,臺北市文山區,景東里,2989,6951
63000080003,臺北市文山區,景美里,2140,5065
63000080004,臺北市文山區,景慶里,2554,6152
63000080005,臺北市文山區,景仁里,2737,5999
63000080006,臺北市文山區,景華里,2242,5423
63000080007,臺北市文山區,萬有里,2260,5404
63000080008,臺北市文山區,萬祥里,1907,4247
63000080009,臺北市文山區,萬隆里,2900,6733
63000080010,臺北市文山區,萬年里,2246,4833
63000080011,臺北市文山區,萬和里,1691,3741
63000080012,臺北市文山區,萬盛里,2095,4459
63000080013,臺北市文山區,興豐里,2109,4827
63000080014,臺北市文山區,興光里,1828,3754
63000080015,臺北市文山區,興家里,2927,6910
63000080016,臺北市文山區,興得里,2670,5773
63000080017,臺北市文山區,興業里,2112,4748
63000080018,臺北市文山區,興安里,2877,6524
63000080019,臺北市文山區,興福里,2136,5410
63000080020,臺北市文山區,興旺里,3551,7754
63000080021,臺北市文山區,興泰里,1824,3820
63000080022,臺北市文山區,興昌里,2832,6183
63000080023,臺北市文山區,試院里,2950,6537
63000080024,臺北市文山區,華興里,3941,8955
63000080025,臺北市文山區,明義里,2008,4236
63000080026,臺北市文山區,明興里,2831,6259
63000080027,臺北市文山區,木柵里,4292,9607
63000080028,臺北市文山區,木新里,4853,9807
63000080029,臺北市文山區,順興里,2902,6885
63000080030,臺北市文山區,樟林里,3259,7776
63000080031,臺北市文山區,樟新里,2326,5351
63000080032,臺北市文山區,樟腳里,2110,5140
63000080033,臺北市文山區,萬芳里,3287,7463
63000080034,臺北市文山區,博嘉里,2336,5608
63000080035,臺北市文山區,萬興里,3412,8083
63000080036,臺北市文山區,指南里,1867,4060
63000080037,臺北市文山區,老泉里,355,826
63000080038,臺北市文山區,忠順里,1797,4014
63000080039,臺北市文山區,萬美里,2851,6614
63000080040,臺北市文山區,政大里,3118,7700
63000080041,臺北市文山區,樟文里,2379,5725
63000080042,臺北市文山區,興邦里,2239,4637
63000080043,臺北市文山區,樟樹里,1786,4343
63000090001,臺北市南港區,南港里,3043,6248
63000090002,臺北市南港區,中南里,1398,3174
63000090003,臺北市南港區,新富里,1554,3567
63000090004,臺北市南港區,三重里,3775,7502
63000090005,臺北市南港區,東新里,3230,7208
63000090006,臺北市南港區,新光里,2426,5013
63000090007,臺北市南港區,東明里,2352,5176
63000090008,臺北市南港區,西新里,1762,4207
63000090009,臺北市南港區,玉成里,2003,4266
63000090010,臺北市南港區,合成里,2877,6196
63000090011,臺北市南港區,成福里,2995,6873
63000090012,臺北市南港區,萬福里,1743,3899
63000090013,臺北市南港區,鴻福里,1773,4078
63000090014,臺北市南港區,百福里,2159,4846
63000090015,臺北市南港區,聯成里,1976,4415
63000090016,臺北市南港區,舊莊里,3760,8509
63000090017,臺北市南港區,中研里,3633,8697
63000090018,臺北市南港區,九如里,2528,6016
63000090019,臺北市南港區,仁福里,2224,5134
63000090020,臺北市南港區,重陽里,2957,6244
63000100001,臺北市內湖區,西湖里,2856,6669
63000100002,臺北市內湖區,西康里,4070,9368
63000100003,臺北市內湖區,西安里,2653,6271
63000100005,臺北市內湖區,港墘里,2336,5780
63000100006,臺北市內湖區,港都里,1968,5022
63000100007,臺北市內湖區,港富里,3679,9258
63000100008,臺北市內湖區,港華里,3373,8979
63000100009,臺北市內湖區,內湖里,3158,6272
63000100010,臺北市內湖區,湖濱里,3461,8201
63000100011,臺北市內湖區,紫星里,3120,7515
63000100012,臺北市內湖區,大湖里,2205,4981
63000100013,臺北市內湖區,金龍里,2088,4828
63000100014,臺北市內湖區,金瑞里,2635,6355
63000100015,臺北市內湖區,碧山里,2826,6835
63000100016,臺北市內湖區,紫雲里,2264,5428
63000100017,臺北市內湖區,清白里,3892,8311
63000100018,臺北市內湖區,葫洲里,2799,7130
63000100019,臺北市內湖區,紫陽里,3502,7799
63000100020,臺北市內湖區,瑞陽里,3126,7134
63000100021,臺北市內湖區,瑞光里,1756,4123
63000100022,臺北市內湖區,五分里,4023,10499
63000100023,臺北市內湖區,東湖里,3118,7656
63000100024,臺北市內湖區,樂康里,2983,7479
63000100025,臺北市內湖區,內溝里,1816,4381
63000100026,臺北市內湖區,週美里,4279,9507
63000100027,臺北市內湖區,行善里,3133,7000
63000100028,臺北市內湖區,石潭里,2019,4149
63000100029,臺北市內湖區,湖興里,4333,8356
63000100030,臺北市內湖區,湖元里,2920,6545
63000100031,臺北市內湖區,安湖里,2592,7067
63000100032,臺北市內湖區,秀湖里,2455,5706
63000100033,臺北市內湖區,安泰里,2088,5112
63000100034,臺北市內湖區,金湖里,4033,9775
63000100035,臺北市內湖區,康寧里,3068,8500
63000100036,臺北市內湖區,明湖里,1961,5268
63000100037,臺北市內湖區,蘆洲里,470,1139
63000100038,臺北市內湖區,麗山里,2361,5924
63000100039,臺北市內湖區,寶湖里,4591,10008
63000100040,臺北市內湖區,南湖里,2207,5526
63000110001,臺北市士林區,仁勇里,1620,3513
63000110002,臺北市士林區,義信里,1413,3024
63000110003,臺北市士林區,福林里,1258,2745
63000110004,臺北市士林區,福德里,2824,5191
63000110005,臺北市士林區,福志里,3093,6900
63000110006,臺北市士林區,舊佳里,2519,5443
63000110007,臺北市士林區,福佳里,3239,7408
63000110008,臺北市士林區,後港里,3156,7486
63000110009,臺北市士林區,福中里,2526,6210
63000110010,臺北市士林區,前港里,1767,4206
63000110011,臺北市士林區,百齡里,2466,6255
63000110012,臺北市士林區,承德里,2362,5052
63000110013,臺北市士林區,福華里,2590,5756
63000110014,臺北市士林區,明勝里,1986,4468
63000110015,臺北市士林區,福順里,2214,5088
63000110016,臺北市士林區,富光里,2187,5518
63000110017,臺北市士林區,葫蘆里,2836,6922
63000110018,臺北市士林區,葫東里,1592,3657
63000110019,臺北市士林區,社子里,2526,5987
63000110020,臺北市士林區,社新里,3492,8451
63000110021,臺北市士林區,社園里,2653,6733
63000110022,臺北市士林區,永倫里,2837,6424
63000110023,臺北市士林區,福安里,2065,4531
63000110024,臺北市士林區,富洲里,2963,5676
63000110025,臺北市士林區,岩山里,1295,3191
63000110026,臺北市士林區,名山里,2729,6820
63000110027,臺北市士林區,德行里,1948,4274
63000110028,臺北市士林區,德華里,2251,5212
63000110029,臺北市士林區,聖山里,2011,4919
63000110030,臺北市士林區,忠誠里,2243,5373
63000110031,臺北市士林區,芝山里,2833,7145
63000110032,臺北市士林區,東山里,1851,4819
63000110033,臺北市士林區,三玉里,2310,5651
63000110034,臺北市士林區,蘭雅里,3500,8424
63000110035,臺北市士林區,蘭興里,2525,6123
63000110036,臺北市士林區,天福里,2467,6138
63000110037,臺北市士林區,天祿里,2003,4932
63000110038,臺北市士林區,天壽里,2166,5151
63000110039,臺北市士林區,天和里,2790,7028
63000110040,臺北市士林區,天山里,2712,6633
63000110041,臺北市士林區,天玉里,3599,8663
63000110042,臺北市士林區,天母里,2673,6429
63000110043,臺北市士林區,永福里,464,1130
63000110044,臺北市士林區,公館里,527,1241
63000110045,臺北市士林區,新安里,766,1809
63000110046,臺北市士林區,陽明里,1520,2871
63000110047,臺北市士林區,菁山里,584,1414
63000110048,臺北市士林區,平等里,568,1368
63000110049,臺北市士林區,溪山里,626,1433
63000110050,臺北市士林區,翠山里,1181,2468
63000110051,臺北市士林區,臨溪里,1181,2644
63000120001,臺北市北投區,建民里,2165,4678
63000120002,臺北市北投區,文林里,1868,4209
63000120003,臺北市北投區,石牌里,2151,4907
63000120004,臺北市北投區,福興里,2745,6960
63000120005,臺北市北投區,榮光里,2858,7448
63000120006,臺北市北投區,榮華里,3074,7236
63000120007,臺北市北投區,裕民里,3258,7552
63000120008,臺北市北投區,振華里,2945,7219
63000120009,臺北市北投區,永和里,3923,9163
63000120010,臺北市北投區,永欣里,3702,8131
63000120011,臺北市北投區,永明里,1885,4703
63000120012,臺北市北投區,東華里,1645,4249
63000120013,臺北市北投區,吉利里,2657,6926
63000120014,臺北市北投區,吉慶里,2036,5251
63000120015,臺北市北投區,尊賢里,1752,4600
63000120016,臺北市北投區,立賢里,2037,5280
63000120017,臺北市北投區,立農里,3679,9279
63000120018,臺北市北投區,八仙里,2295,5209
63000120019,臺北市北投區,洲美里,897,2336
63000120020,臺北市北投區,奇岩里,5084,11027
63000120021,臺北市北投區,清江里,3640,8097
63000120022,臺北市北投區,中央里,3325,7493
63000120023,臺北市北投區,長安里,2871,5801
63000120024,臺北市北投區,大同里,2567,5591
63000120025,臺北市北投區,溫泉里,2844,6119
63000120026,臺北市北投區,林泉里,1601,3007
63000120027,臺北市北投區,中心里,3283,6271
63000120028,臺北市北投區,中庸里,1664,3623
63000120029,臺北市北投區,開明里,2696,6106
63000120030,臺北市北投區,中和里,2026,4551
63000120031,臺北市北投區,智仁里,2254,5543
63000120032,臺北市北投區,秀山里,1243,3014
63000120033,臺北市北投區,文化里,1591,3728
63000120034,臺北市北投區,豐年里,1624,3881
63000120035,臺北市北投區,稻香里,2481,5351
63000120036,臺北市北投區,桃源里,2426,5619
63000120037,臺北市北投區,一德里,4244,8527
63000120038,臺北市北投區,關渡里,4289,10002
63000120039,臺北市北投區,泉源里,883,2176
63000120040,臺北市北投區,湖山里,665,1384
63000120041,臺北市北投區,大屯里,437,1103
63000120042,臺北市北投區,湖田里,354,818
68000010001,桃園市桃園區,文化里,766,1304
68000010002,桃園市桃園區,文明里,837,1698
68000010003,桃園市桃園區,武陵里,1170,1980
68000010004,桃園市桃園區,大林里,3626,9232
68000010005,桃園市桃園區,忠義里,1826,4169
68000010006,桃園市桃園區,會稽里,2015,4607
68000010007,桃園市桃園區,長美里,596,1156
68000010008,桃園市桃園區,民生里,1066,2014
68000010009,桃園市桃園區,永興里,1059,2106
68000010010,桃園市桃園區,汴洲里,4848,9718
68000010011,桃園市桃園區,永安里,2257,5227
68000010012,桃園市桃園區,東埔里,2362,5469
68000010013,桃園市桃園區,東門里,1763,3503
68000010014,桃園市桃園區,東山里,1387,2603
68000010015,桃園市桃園區,萬壽里,445,953
68000010016,桃園市桃園區,長安里,1654,4050
68000010017,桃園市桃園區,中埔里,1947,4432
68000010018,桃園市桃園區,西埔里,1336,3462
68000010019,桃園市桃園區,西門里,1073,2125
68000010020,桃園市桃園區,中和里,674,1345
68000010021,桃園市桃園區,文昌里,515,1017
68000010022,桃園市桃園區,新埔里,2422,5705
68000010023,桃園市桃園區,中山里,3384,7958
68000010024,桃園市桃園區,慈文里,3296,8037
68000010025,桃園市桃園區,西湖里,705,1616
68000010026,桃園市桃園區,南門里,2879,6762
68000010027,桃園市桃園區,南華里,737,1511
68000010028,桃園市桃園區,玉山里,2279,5443
68000010029,桃園市桃園區,中成里,4995,10321
68000010030,桃園市桃園區,中正里,4646,9619
68000010031,桃園市桃園區,北門里,925,1955
68000010032,桃園市桃園區,雲林里,2853,6988
68000010033,桃園市桃園區,福林里,2765,7247
68000010034,桃園市桃園區,光興里,2227,5372
68000010035,桃園市桃園區,龍山里,1541,3773
68000010036,桃園市桃園區,龍岡里,2855,6625
68000010037,桃園市桃園區,成功里,1964,4512
68000010038,桃園市桃園區,青溪里,6279,12330
68000010039,桃園市桃園區,朝陽里,1057,2223
68000010040,桃園市桃園區,中興里,2887,6976
68000010041,桃園市桃園區,豐林里,2986,7016
68000010042,桃園市桃園區,建國里,2751,5923
68000010043,桃園市桃園區,大豐里,2432,5730
68000010044,桃園市桃園區,福安里,2163,4861
68000010045,桃園市桃園區,三民里,2127,4957
68000010046,桃園市桃園區,大興里,2882,6255
68000010047,桃園市桃園區,春日里,3077,7073
68000010048,桃園市桃園區,信光里,3621,8882
68000010049,桃園市桃園區,中寧里,3771,8263
68000010050,桃園市桃園區,同安里,2454,5926
68000010051,桃園市桃園區,莊敬里,2281,5124
68000010052,桃園市桃園區,文中里,4363,9165
68000010053,桃園市桃園區,泰山里,1818,4147
68000010054,桃園市桃園區,中路里,2044,4586
68000010055,桃園市桃園區,中德里,3004,7688
68000010056,桃園市桃園區,龍祥里,2535,6115
68000010057,桃園市桃園區,大有里,2173,4880
68000010058,桃園市桃園區,寶山里,2152,4864
68000010059,桃園市桃園區,龍鳳里,6326,11609
68000010060,桃園市桃園區,龍安里,2965,6890
68000010061,桃園市桃園區,自強里,3989,9036
68000010062,桃園市桃園區,中信里,3150,6856
68000010063,桃園市桃園區,長德里,2549,6013
68000010064,桃園市桃園區,中平里,2440,5374
68000010065,桃園市桃園區,中原里,2218,5309
68000010066,桃園市桃園區,中泰里,2032,4836
68000010067,桃園市桃園區,南埔里,3627,8093
68000010068,桃園市桃園區,寶慶里,3347,7905
68000010069,桃園市桃園區,北埔里,2468,5996
68000010070,桃園市桃園區,中聖里,2956,6464
68000010071,桃園市桃園區,龍壽里,3399,8183
68000010072,桃園市桃園區,同德里,3313,7934
68000010073,桃園市桃園區,明德里,1564,3826
68000010074,桃園市桃園區,寶安里,4153,10042
68000010075,桃園市桃園區,瑞慶里,3110,7511
68000010076,桃園市桃園區,三元里,2199,4933
68000010077,桃園市桃園區,大樹里,1773,4650
68000010078,桃園市桃園區,大業里,2627,6122
68000010079,桃園市桃園區,福元里,2784,6493
68000010080,桃園市桃園區,經國里,2946,6824
68000010081,桃園市桃園區,檜樂里,3172,7436
68000010082,桃園市桃園區,寶民里,2223,5258
68000010083,桃園市桃園區,藝文里,2283,4960
68000010084,桃園市桃園區,幸福里,3379,7545
68000010085,桃園市桃園區,民有里,1687,3826
68000020001,桃園市中壢區,龍平里,1366,3229
68000020002,桃園市中壢區,龍昌里,3014,7340
68000020003,桃園市中壢區,仁德里,1591,3529
68000020004,桃園市中壢區,永興里,486,973
68000020005,桃園市中壢區,內壢里,952,2423
68000020006,桃園市中壢區,成功里,1853,5198
68000020007,桃園市中壢區,光明里,2810,6067
68000020008,桃園市中壢區,自立里,2660,5847
68000020009,桃園市中壢區,自強里,1617,3870
68000020010,桃園市中壢區,中堅里,1876,4469
68000020011,桃園市中壢區,龍興里,2096,4854
68000020012,桃園市中壢區,仁美里,2924,6979
68000020013,桃園市中壢區,仁愛里,1462,3525
68000020014,桃園市中壢區,新街里,1510,2787
68000020015,桃園市中壢區,中央里,1797,3895
68000020016,桃園市中壢區,普仁里,2735,5520
68000020017,桃園市中壢區,普義里,4086,7140
68000020018,桃園市中壢區,忠義里,2450,5247
68000020019,桃園市中壢區,中正里,2632,6173
68000020020,桃園市中壢區,興仁里,2010,4167
68000020021,桃園市中壢區,東興里,1965,4101
68000020022,桃園市中壢區,洽溪里,4409,8730
68000020023,桃園市中壢區,篤行里,1460,3344
68000020024,桃園市中壢區,新明里,1917,4097
68000020025,桃園市中壢區,新興里,1837,4414
68000020026,桃園市中壢區,中原里,1713,4190
68000020027,桃園市中壢區,內定里,2761,8303
68000020028,桃園市中壢區,中壢里,348,876
68000020029,桃園市中壢區,龍岡里,2211,5599
68000020030,桃園市中壢區,仁祥里,1300,3129
68000020031,桃園市中壢區,水尾里,1666,4009
68000020032,桃園市中壢區,青埔里,3761,7649
68000020033,桃園市中壢區,復興里,2144,5145
68000020034,桃園市中壢區,文化里,3635,10426
68000020035,桃園市中壢區,興國里,1043,2226
68000020036,桃園市中壢區,忠福里,2184,4987
68000020037,桃園市中壢區,信義里,2200,5607
68000020038,桃園市中壢區,石頭里,909,1944
68000020039,桃園市中壢區,龍東里,2334,5711
68000020040,桃園市中壢區,中建里,649,1326
68000020041,桃園市中壢區,興南里,2169,3656
68000020042,桃園市中壢區,後寮里,2870,6188
68000020043,桃園市中壢區,過嶺里,1742,4440
68000020044,桃園市中壢區,五權里,3227,7640
68000020045,桃園市中壢區,舊明里,634,1487
68000020046,桃園市中壢區,芝芭里,3634,6961
68000020047,桃園市中壢區,月眉里,2976,7197
68000020048,桃園市中壢區,三民里,1366,3687
68000020049,桃園市中壢區,山東里,1853,4621
68000020050,桃園市中壢區,中榮里,617,1430
68000020051,桃園市中壢區,內厝里,2242,5660
68000020052,桃園市中壢區,振興里,2196,5233
68000020053,桃園市中壢區,普慶里,1208,3298
68000020054,桃園市中壢區,興和里,1346,3332
68000020055,桃園市中壢區,永光里,3033,6577
68000020056,桃園市中壢區,復華里,2750,7036
68000020057,桃園市中壢區,忠孝里,2291,5661
68000020058,桃園市中壢區,福德里,1376,3349
68000020059,桃園市中壢區,和平里,1039,3053
68000020060,桃園市中壢區,普忠里,1804,4097
68000020061,桃園市中壢區,普強里,1871,4328
68000020062,桃園市中壢區,明德里,2365,5883
68000020063,桃園市中壢區,至善里,2002,4564
68000020064,桃園市中壢區,五福里,1710,3882
68000020065,桃園市中壢區,龍德里,1925,4660
68000020066,桃園市中壢區,正義里,1994,5073
68000020067,桃園市中壢區,龍安里,879,2192
68000020068,桃園市中壢區,中山里,2398,5571
68000020069,桃園市中壢區,德義里,1325,2933
68000020070,桃園市中壢區,仁義里,2121,4547
68000020071,桃園市中壢區,華勛里,2025,4672
68000020072,桃園市中壢區,仁福里,2337,5534
68000020073,桃園市中壢區,幸福里,3093,7112
68000020074,桃園市中壢區,永福里,2683,6298
68000020075,桃園市中壢區,仁和里,1829,4318
68000020076,桃園市中壢區,華愛里,1624,4165
68000020077,桃園市中壢區,莊敬里,1809,3914
68000020078,桃園市中壢區,自治里,2020,4368
68000020079,桃園市中壢區,健行里,2172,5473
68000020080,桃園市中壢區,興平里,1138,2768
68000020081,桃園市中壢區,中興里,1821,4086
68000020082,桃園市中壢區,龍慈里,2640,5795
68000020083,桃園市中壢區,自信里,3134,6816
68000020084,桃園市中壢區,林森里,1989,4877
68000020085,桃園市中壢區,金華里,2422,4809
68000020086,桃園市中壢區,青溪里,2533,5246
68000020087,桃園市中壢區,興華里,3070,7743
68000020088,桃園市中壢區,興福里,1805,4217
68000020089,桃園市中壢區,青航里,4241,6544
68000020090,桃園市中壢區,青園里,2290,3949
68000020091,桃園市中壢區,松嶺里,4506,9112
68000030001,桃園市大溪區,興和里,682,1522
68000030002,桃園市大溪區,福仁里,408,1059
68000030003,桃園市大溪區,一心里,2616,5679
68000030004,桃園市大溪區,一德里,2666,6381
68000030005,桃園市大溪區,月眉里,494,1345
68000030006,桃園市大溪區,永福里,503,1003
68000030007,桃園市大溪區,美華里,1370,3284
68000030008,桃園市大溪區,福安里,974,2242
68000030009,桃園市大溪區,復興里,399,855
68000030010,桃園市大溪區,新峰里,418,804
68000030011,桃園市大溪區,康安里,584,1427
68000030012,桃園市大溪區,義和里,773,1833
68000030013,桃園市大溪區,瑞興里,1082,2857
68000030014,桃園市大溪區,中新里,631,1574
68000030015,桃園市大溪區,仁義里,1412,3175
68000030016,桃園市大溪區,僑愛里,1312,3012
68000030017,桃園市大溪區,仁善里,2448,6113
68000030018,桃園市大溪區,仁愛里,2391,6414
68000030019,桃園市大溪區,仁武里,1508,3863
68000030020,桃園市大溪區,員林里,906,2262
68000030021,桃園市大溪區,南興里,2287,5889
68000030022,桃園市大溪區,瑞源里,1611,4261
68000030023,桃園市大溪區,光明里,1233,2898
68000030024,桃園市大溪區,三元里,1367,3425
68000030025,桃園市大溪區,田心里,1937,5023
68000030026,桃園市大溪區,仁文里,1974,4602
68000030027,桃園市大溪區,仁和里,2448,6578
68000030028,桃園市大溪區,仁美里,1485,3950
68000040001,桃園市楊梅區,楊梅里,1983,4805
68000040002,桃園市楊梅區,楊江里,523,1224
68000040003,桃園市楊梅區,紅梅里,1223,3095
68000040004,桃園市楊梅區,永寧里,4576,10296
68000040005,桃園市楊梅區,大平里,1228,3425
68000040006,桃園市楊梅區,東流里,1450,3467
68000040007,桃園市楊梅區,水美里,1685,4636
68000040008,桃園市楊梅區,上田里,1401,3492
68000040009,桃園市楊梅區,梅新里,871,2245
68000040010,桃園市楊梅區,大同里,1767,4462
68000040011,桃園市楊梅區,埔心里,572,1399
68000040012,桃園市楊梅區,金龍里,1160,2503
68000040013,桃園市楊梅區,瑞塘里,3110,7402
68000040014,桃園市楊梅區,四維里,2439,5950
68000040015,桃園市楊梅區,梅溪里,2194,5218
68000040016,桃園市楊梅區,高山里,1879,4702
68000040017,桃園市楊梅區,高榮里,1621,4186
68000040018,桃園市楊梅區,仁美里,1803,4340
68000040019,桃園市楊梅區,光華里,1455,3478
68000040020,桃園市楊梅區,富岡里,869,2068
68000040021,桃園市楊梅區,豐野里,1685,4366
68000040022,桃園市楊梅區,員本里,1435,3622
68000040023,桃園市楊梅區,瑞原里,1508,4072
68000040024,桃園市楊梅區,三湖里,1381,3572
68000040025,桃園市楊梅區,上湖里,3088,7252
68000040026,桃園市楊梅區,中山里,1514,3918
68000040027,桃園市楊梅區,楊明里,4882,11225
68000040028,桃園市楊梅區,金溪里,3041,6636
68000040029,桃園市楊梅區,裕成里,1611,3815
68000040030,桃園市楊梅區,秀才里,1333,3744
68000040031,桃園市楊梅區,青山里,3172,6045
68000040032,桃園市楊梅區,新榮里,1499,4097
68000040033,桃園市楊梅區,雙榮里,1395,3971
68000040034,桃園市楊梅區,瑞坪里,3213,8230
68000040035,桃園市楊梅區,永平里,1449,3104
68000040036,桃園市楊梅區,瑞溪里,2029,4605
68000040037,桃園市楊梅區,高上里,1176,3157
68000040038,桃園市楊梅區,富豐里,1461,3618
68000040039,桃園市楊梅區,裕新里,1396,3221
68000040040,桃園市楊梅區,三民里,1741,4489
68000040041,桃園市楊梅區,頭湖里,1725,4063
68000050001,桃園市蘆竹區,新興里,1363,3298
68000050002,桃園市蘆竹區,中福里,1879,4779
68000050003,桃園市蘆竹區,新莊里,2377,6064
68000050004,桃園市蘆竹區,大竹里,2818,7076
68000050006,桃園市蘆竹區,蘆竹里,1650,4350
68000050007,桃園市蘆竹區,南崁里,2021,4425
68000050008,桃園市蘆竹區,錦興里,1937,4895
68000050009,桃園市蘆竹區,五福里,1234,3026
68000050010,桃園市蘆竹區,內厝里,1532,2953
68000050011,桃園市蘆竹區,山鼻里,3155,5445
68000050012,桃園市蘆竹區,山腳里,1407,3904
68000050013,桃園市蘆竹區,外社里,551,1625
68000050014,桃園市蘆竹區,坑子里,607,1725
68000050015,桃園市蘆竹區,坑口里,909,2430
68000050016,桃園市蘆竹區,海湖里,1296,3478
68000050017,桃園市蘆竹區,南榮里,2091,4589
68000050018,桃園市蘆竹區,南興里,3043,6904
68000050019,桃園市蘆竹區,長興里,1349,3092
68000050020,桃園市蘆竹區,錦中里,1808,3949
68000050021,桃園市蘆竹區,富竹里,727,1846
68000050022,桃園市蘆竹區,上竹里,1604,4305
68000050023,桃園市蘆竹區,宏竹里,1363,3559
68000050024,桃園市蘆竹區,瓦窯里,2061,4315
68000050025,桃園市蘆竹區,營盤里,2579,6356
68000050026,桃園市蘆竹區,羊稠里,2484,6097
68000050027,桃園市蘆竹區,順興里,2372,5372
68000050028,桃園市蘆竹區,福昌里,2849,6506
68000050029,桃園市蘆竹區,福興里,2044,4666
68000050030,桃園市蘆竹區,蘆興里,690,1860
68000050031,桃園市蘆竹區,長壽里,2720,6848
68000050032,桃園市蘆竹區,吉祥里,2014,4764
68000050033,桃園市蘆竹區,中山里,1832,4401
68000050034,桃園市蘆竹區,福祿里,1520,3948
68000050035,桃園市蘆竹區,興榮里,1479,3495
68000050036,桃園市蘆竹區,中興里,2969,7186
68000050037,桃園市蘆竹區,上興里,1773,4500
68000050038,桃園市蘆竹區,營福里,1665,4184
68000050039,桃園市蘆竹區,正興里,2213,5537
68000050040,桃園市蘆竹區,濱海里,1188,2982
68000060001,桃園市大園區,大園里,3071,7148
68000060002,桃園市大園區,田心里,1825,4462
68000060003,桃園市大園區,溪海里,2370,5953
68000060004,桃園市大園區,和平里,677,1827
68000060005,桃園市大園區,橫峰里,1847,4848
68000060006,桃園市大園區,五權里,2636,6581
68000060007,桃園市大園區,埔心里,2032,5101
68000060008,桃園市大園區,大海里,206,568
68000060010,桃園市大園區,三石里,1174,3165
68000060011,桃園市大園區,菓林里,3392,7529
68000060012,桃園市大園區,竹圍里,640,1082
68000060013,桃園市大園區,海口里,685,1782
68000060014,桃園市大園區,沙崙里,611,1416
68000060015,桃園市大園區,後厝里,286,814
68000060016,桃園市大園區,圳頭里,853,2292
68000060017,桃園市大園區,內海里,1018,2580
68000060018,桃園市大園區,北港里,1588,3631
68000060019,桃園市大園區,南港里,1731,4184
68000060020,桃園市大園區,青峰里,3204,6562
68000060021,桃園市大園區,青山里,3527,7057
68000060022,桃園市大園區,新南里,4293,8445
68000060023,桃園市大園區,仁德里,1736,4492
68000070001,桃園市龜山區,楓樹里,1759,4572
68000070002,桃園市龜山區,龜山里,3187,7600
68000070003,桃園市龜山區,兔坑里,2093,5144
68000070004,桃園市龜山區,大同里,3260,7459
68000070005,桃園市龜山區,山福里,1535,3583
68000070006,桃園市龜山區,山頂里,2710,6180
68000070007,桃園市龜山區,陸光里,1817,4082
68000070008,桃園市龜山區,精忠里,2851,6476
68000070009,桃園市龜山區,公西里,673,1404
68000070010,桃園市龜山區,樂善里,5174,10004
68000070011,桃園市龜山區,南上里,968,2164
68000070012,桃園市龜山區,大坑里,946,2181
68000070013,桃園市龜山區,中興里,2394,5394
68000070014,桃園市龜山區,山德里,2274,5227
68000070015,桃園市龜山區,新路里,2501,5719
68000070016,桃園市龜山區,嶺頂里,1778,4449
68000070017,桃園市龜山區,龍壽里,787,1846
68000070018,桃園市龜山區,舊路里,1550,3117
68000070019,桃園市龜山區,大崗里,2096,4971
68000070020,桃園市龜山區,文化里,5380,10476
68000070021,桃園市龜山區,南美里,1160,2845
68000070022,桃園市龜山區,幸福里,2525,5978
68000070023,桃園市龜山區,福源里,842,2175
68000070024,桃園市龜山區,龍華里,1792,3900
68000070025,桃園市龜山區,迴龍里,3103,6824
68000070026,桃園市龜山區,新嶺里,1812,4353
68000070027,桃園市龜山區,大湖里,3914,7357
68000070028,桃園市龜山區,大華里,4827,11180
68000070029,桃園市龜山區,長庚里,1872,3812
68000070030,桃園市龜山區,新興里,2416,4195
68000070031,桃園市龜山區,文青里,3737,7281
68000070032,桃園市龜山區,楓福里,1591,4215
68000070033,桃園市龜山區,文藝里,2674,5168
68000070034,桃園市龜山區,文桃里,3738,6811
68000070035,桃園市龜山區,文樂里,3183,5400
68000070036,桃園市龜山區,長樂里,3603,6326
68000080001,桃園市八德區,興仁里,3815,6916
68000080002,桃園市八德區,福興里,2994,6591
68000080003,桃園市八德區,瑞豐里,3717,7947
68000080004,桃園市八德區,瑞發里,1727,4066
68000080005,桃園市八德區,瑞德里,1696,4058
68000080006,桃園市八德區,瑞祥里,1459,3606
68000080007,桃園市八德區,廣興里,1312,3497
68000080008,桃園市八德區,廣隆里,2138,5432
68000080009,桃園市八德區,竹園里,1604,4078
68000080010,桃園市八德區,霄裡里,1015,2694
68000080011,桃園市八德區,茄苳里,1064,2935
68000080012,桃園市八德區,高明里,1737,4299
68000080013,桃園市八德區,白鷺里,1212,3319
68000080014,桃園市八德區,大湳里,1939,4727
68000080015,桃園市八德區,大安里,1479,3984
68000080016,桃園市八德區,大興里,2071,5423
68000080017,桃園市八德區,大和里,2398,5547
68000080018,桃園市八德區,大同里,704,1722
68000080019,桃園市八德區,大成里,1357,3623
68000080020,桃園市八德區,大義里,1722,4346
68000080021,桃園市八德區,大忠里,911,2213
68000080022,桃園市八德區,大福里,2560,6302
68000080023,桃園市八德區,大勇里,2143,5173
68000080024,桃園市八德區,大信里,1423,4027
68000080025,桃園市八德區,大華里,1127,2975
68000080026,桃園市八德區,大仁里,1745,4683
68000080027,桃園市八德區,大智里,2294,5132
68000080028,桃園市八德區,瑞泰里,1912,4726
68000080029,桃園市八德區,大昌里,1260,3227
68000080030,桃園市八德區,大正里,2482,5777
68000080031,桃園市八德區,大強里,1246,3647
68000080032,桃園市八德區,大發里,960,2432
68000080033,桃園市八德區,大明里,1624,4135
68000080034,桃園市八德區,大竹里,700,1834
68000080035,桃園市八德區,大慶里,676,1608
68000080036,桃園市八德區,大千里,1005,2616
68000080037,桃園市八德區,大榮里,892,2133
68000080038,桃園市八德區,茄明里,2783,6117
68000080039,桃園市八德區,高城里,1493,3811
68000080040,桃園市八德區,瑞興里,1660,3989
68000080041,桃園市八德區,大愛里,1172,3062
68000080042,桃園市八德區,大宏里,2589,6198
68000080043,桃園市八德區,大漢里,1915,4766
68000080044,桃園市八德區,廣德里,1114,2856
68000080045,桃園市八德區,龍友里,942,2441
68000080046,桃園市八德區,陸光里,2232,5138
68000080047,桃園市八德區,永豐里,1798,4130
68000080048,桃園市八德區,大順里,1012,2720
68000080049,桃園市八德區,福元里,2311,5359
68000080050,桃園市八德區,福德里,1774,3823
68000080051,桃園市八德區,興中里,3147,6822
68000080052,桃園市八德區,大盛里,1697,4030
68000090001,桃園市龍潭區,黃唐里,2185,5653
68000090002,桃園市龍潭區,中山里,3584,8238
68000090003,桃園市龍潭區,烏林里,2245,5586
68000090004,桃園市龍潭區,高平里,1268,3465
68000090006,桃園市龍潭區,凌雲里,1744,4358
68000090007,桃園市龍潭區,八德里,2079,5073
68000090008,桃園市龍潭區,三水里,299,679
68000090009,桃園市龍潭區,上林里,1976,5335
68000090010,桃園市龍潭區,中正里,2824,7617
68000090011,桃園市龍潭區,龍潭里,761,2002
68000090012,桃園市龍潭區,高原里,1827,4851
68000090013,桃園市龍潭區,九龍里,1756,4441
68000090014,桃園市龍潭區,中興里,1951,4890
68000090015,桃園市龍潭區,佳安里,1618,4026
68000090016,桃園市龍潭區,三和里,332,875
68000090017,桃園市龍潭區,三坑里,758,1787
68000090018,桃園市龍潭區,大平里,2600,4044
68000090019,桃園市龍潭區,三林里,1486,3569
68000090020,桃園市龍潭區,永興里,1194,3127
68000090021,桃園市龍潭區,烏樹林里,1298,3238
68000090022,桃園市龍潭區,百年里,2315,5216
68000090023,桃園市龍潭區,龍祥里,1601,4131
68000090024,桃園市龍潭區,聖德里,1370,3460
68000090025,桃園市龍潭區,龍星里,1843,5067
68000090026,桃園市龍潭區,上華里,1506,3974
68000090027,桃園市龍潭區,武漢里,660,1733
68000090028,桃園市龍潭區,東興里,1881,4625
68000090029,桃園市龍潭區,北興里,1046,2649
68000090030,桃園市龍潭區,建林里,1607,4122
68000090031,桃園市龍潭區,富林里,1536,3706
68000090032,桃園市龍潭區,祥和里,928,2262
68000090033,桃園市龍潭區,渴望里,1408,2857
68000100001,桃園市平鎮區,雙連里,2129,5418
68000100002,桃園市平鎮區,高雙里,2034,5232
68000100003,桃園市平鎮區,復旦里,2673,6836
68000100004,桃園市平鎮區,廣興里,2797,6345
68000100005,桃園市平鎮區,義民里,2686,6310
68000100006,桃園市平鎮區,宋屋里,2023,5117
68000100007,桃園市平鎮區,新勢里,1792,4403
68000100008,桃園市平鎮區,新富里,4387,8494
68000100009,桃園市平鎮區,北勢里,1139,2848
68000100010,桃園市平鎮區,北興里,1541,4371
68000100011,桃園市平鎮區,北貴里,1757,4687
68000100012,桃園市平鎮區,平鎮里,1895,5039
68000100013,桃園市平鎮區,南勢里,2672,6916
68000100014,桃園市平鎮區,莊敬里,2465,5847
68000100015,桃園市平鎮區,山峰里,946,2466
68000100016,桃園市平鎮區,湧光里,2289,5936
68000100017,桃園市平鎮區,龍恩里,1331,3280
68000100018,桃園市平鎮區,東社里,1483,3659
68000100019,桃園市平鎮區,龍興里,1114,2781
68000100020,桃園市平鎮區,貿易里,948,2485
68000100021,桃園市平鎮區,忠貞里,914,1866
68000100022,桃園市平鎮區,中正里,809,2051
68000100023,桃園市平鎮區,建安里,1801,4919
68000100024,桃園市平鎮區,東勢里,2530,6635
68000100025,桃園市平鎮區,東安里,1240,3171
68000100026,桃園市平鎮區,新安里,1986,5190
68000100027,桃園市平鎮區,鎮興里,1469,3507
68000100028,桃園市平鎮區,義興里,3251,8402
68000100029,桃園市平鎮區,湧豐里,923,2244
68000100030,桃園市平鎮區,湧安里,2041,5544
68000100031,桃園市平鎮區,廣達里,1976,4725
68000100032,桃園市平鎮區,福林里,1521,3946
68000100033,桃園市平鎮區,金星里,3727,9062
68000100034,桃園市平鎮區,廣仁里,2035,4921
68000100035,桃園市平鎮區,新貴里,1366,3546
68000100036,桃園市平鎮區,北富里,1613,4366
68000100037,桃園市平鎮區,新榮里,2350,6208
68000100038,桃園市平鎮區,華安里,1925,5005
68000100039,桃園市平鎮區,金陵里,1419,3451
68000100040,桃園市平鎮區,北安里,869,2136
68000100041,桃園市平鎮區,北華里,1779,4607
68000100042,桃園市平鎮區,復興里,2203,5979
68000100043,桃園市平鎮區,平興里,2793,6851
68000100044,桃園市平鎮區,新英里,2098,4761
68000100045,桃園市平鎮區,平安里,2913,6914
68000100046,桃園市平鎮區,平南里,3311,8574
68000110001,桃園市新屋區,新屋里,1386,3402
68000110002,桃園市新屋區,新生里,1778,4965
68000110003,桃園市新屋區,後湖里,631,1734
68000110004,桃園市新屋區,清華里,1933,4963
68000110005,桃園市新屋區,頭洲里,2707,6345
68000110006,桃園市新屋區,埔頂里,1070,2854
68000110007,桃園市新屋區,九斗里,972,2531
68000110008,桃園市新屋區,社子里,637,1565
68000110009,桃園市新屋區,東明里,650,1729
68000110010,桃園市新屋區,石磊里,1129,2839
68000110011,桃園市新屋區,下埔里,436,780
68000110012,桃園市新屋區,下田里,822,1975
68000110013,桃園市新屋區,石牌里,424,931
68000110014,桃園市新屋區,赤欄里,744,1746
68000110015,桃園市新屋區,永興里,757,1101
68000110016,桃園市新屋區,永安里,960,2344
68000110017,桃園市新屋區,笨港里,432,1046
68000110018,桃園市新屋區,深圳里,295,662
68000110019,桃園市新屋區,蚵間里,408,1018
68000110020,桃園市新屋區,槺榔里,457,1108
68000110021,桃園市新屋區,後庄里,451,1094
68000110022,桃園市新屋區,大坡里,594,1464
68000110023,桃園市新屋區,望間里,657,1562
68000120001,桃園市觀音區,觀音里,1871,3813
68000120002,桃園市觀音區,白玉里,432,923
68000120003,桃園市觀音區,廣興里,644,1516
68000120004,桃園市觀音區,大潭里,1217,2806
68000120005,桃園市觀音區,武威里,475,1209
68000120006,桃園市觀音區,保生里,1031,2272
68000120007,桃園市觀音區,三和里,370,946
68000120008,桃園市觀音區,新興里,366,934
68000120009,桃園市觀音區,坑尾里,991,2332
68000120010,桃園市觀音區,金湖里,1268,3205
68000120011,桃園市觀音區,藍埔里,1197,3038
68000120012,桃園市觀音區,大同里,1420,3777
68000120013,桃園市觀音區,大堀里,726,1918
68000120014,桃園市觀音區,崙坪里,2089,5374
68000120015,桃園市觀音區,富源里,2105,5228
68000120016,桃園市觀音區,上大里,1256,3024
68000120017,桃園市觀音區,新坡里,1356,3728
68000120018,桃園市觀音區,廣福里,1182,3202
68000120019,桃園市觀音區,塔腳里,417,1086
68000120020,桃園市觀音區,保障里,1142,2850
68000120021,桃園市觀音區,草漯里,2772,6118
68000120022,桃園市觀音區,樹林里,3364,7131
68000120023,桃園市觀音區,富林里,1263,2941
68000120024,桃園市觀音區,草新里,3629,8871
68000130001,桃園市復興區,三民里,879,2600
68000130002,桃園市復興區,澤仁里,606,1734
68000130003,桃園市復興區,義盛里,278,1008
68000130004,桃園市復興區,霞雲里,279,925
68000130005,桃園市復興區,長興里,246,822
68000130006,桃園市復興區,三光里,280,978
68000130007,桃園市復興區,奎輝里,254,1036
68000130008,桃園市復興區,華陵里,562,1562
68000130009,桃園市復興區,羅浮里,481,1463
68000130010,桃園市復興區,高義里,304,1080
66000010001,臺中市中區,繼光里,812,1662
66000010002,臺中市中區,大墩里,1139,2510
66000010003,臺中市中區,綠川里,925,1917
66000010004,臺中市中區,公園里,995,1993
66000010005,臺中市中區,光復里,1031,2256
66000010006,臺中市中區,柳川里,1339,2419
66000010007,臺中市中區,大誠里,1443,2912
66000010008,臺中市中區,中華里,1330,2341
66000020001,臺中市東區,新庄里,1797,3625
66000020002,臺中市東區,振興里,1415,3192
66000020003,臺中市東區,東橋里,1691,4110
66000020004,臺中市東區,東興里,1364,3132
66000020005,臺中市東區,干城里,1561,2756
66000020006,臺中市東區,泉源里,1592,3030
66000020007,臺中市東區,旱溪里,1070,2635
66000020008,臺中市東區,樂成里,1365,3032
66000020009,臺中市東區,東門里,3342,8580
66000020010,臺中市東區,十甲里,2487,5825
66000020011,臺中市東區,東南里,2095,4588
66000020012,臺中市東區,東勢里,1300,2824
66000020013,臺中市東區,合作里,2011,4625
66000020014,臺中市東區,富台里,926,1822
66000020015,臺中市東區,富仁里,2308,4793
66000020016,臺中市東區,東信里,4093,10215
66000020017,臺中市東區,東英里,3673,8880
66000030001,臺中市南區,城隍里,1835,3830
66000030002,臺中市南區,國光里,1879,4121
66000030003,臺中市南區,南門里,1942,3976
66000030004,臺中市南區,德義里,1594,3229
66000030005,臺中市南區,積善里,1249,2744
66000030006,臺中市南區,江川里,1490,3155
66000030007,臺中市南區,新榮里,3039,6201
66000030008,臺中市南區,福興里,1905,4338
66000030009,臺中市南區,福平里,2613,6028
66000030010,臺中市南區,和平里,2873,5659
66000030011,臺中市南區,永興里,4127,9535
66000030012,臺中市南區,樹義里,6486,15458
66000030013,臺中市南區,樹德里,4838,10637
66000030014,臺中市南區,西川里,2044,4843
66000030015,臺中市南區,長春里,938,2008
66000030016,臺中市南區,長榮里,1256,2761
66000030017,臺中市南區,福順里,3161,6653
66000030018,臺中市南區,平和里,1816,4174
66000030019,臺中市南區,南和里,4053,8350
66000030020,臺中市南區,永和里,2560,5481
66000030021,臺中市南區,工學里,3873,8629
66000030022,臺中市南區,崇倫里,2845,6487
66000040001,臺中市西區,民生里,1020,2709
66000040002,臺中市西區,利民里,780,2081
66000040003,臺中市西區,三民里,1561,3169
66000040004,臺中市西區,東昇里,1144,2530
66000040005,臺中市西區,廣民里,650,1402
66000040006,臺中市西區,平和里,1131,2250
66000040007,臺中市西區,公民里,2563,5438
66000040008,臺中市西區,藍興里,2099,4775
66000040009,臺中市西區,公舘里,3046,6222
66000040010,臺中市西區,和龍里,1298,2604
66000040011,臺中市西區,民龍里,2485,4722
66000040012,臺中市西區,後龍里,2057,4185
66000040013,臺中市西區,安龍里,1614,3336
66000040014,臺中市西區,吉龍里,3281,7201
66000040015,臺中市西區,昇平里,2944,6580
66000040016,臺中市西區,忠明里,3301,6678
66000040017,臺中市西區,公正里,3170,7557
66000040018,臺中市西區,土庫里,2856,6481
66000040019,臺中市西區,忠誠里,2772,6145
66000040020,臺中市西區,公益里,1319,3032
66000040021,臺中市西區,中興里,1791,4109
66000040022,臺中市西區,公平里,2853,6331
66000040023,臺中市西區,公德里,2297,5206
66000040024,臺中市西區,双龍里,1372,3064
66000040025,臺中市西區,大忠里,2273,4970
66000050001,臺中市北區,光大里,1139,2119
66000050002,臺中市北區,文莊里,1702,3513
66000050003,臺中市北區,五常里,622,1393
66000050004,臺中市北區,新興里,728,1412
66000050005,臺中市北區,新北里,918,1686
66000050006,臺中市北區,樂英里,1393,2633
66000050007,臺中市北區,錦村里,1440,3239
66000050008,臺中市北區,建成里,2766,6282
66000050009,臺中市北區,錦洲里,1621,3545
66000050010,臺中市北區,金華里,1562,3075
66000050011,臺中市北區,金龍里,2797,5401
66000050012,臺中市北區,邱厝里,1138,2511
66000050013,臺中市北區,建興里,2793,6034
66000050014,臺中市北區,頂厝里,2239,4686
66000050015,臺中市北區,賴厝里,3208,5961
66000050016,臺中市北區,賴村里,2555,5010
66000050017,臺中市北區,育德里,2003,4148
66000050018,臺中市北區,淡溝里,2879,5922
66000050019,臺中市北區,中達里,1238,2964
66000050020,臺中市北區,錦祥里,4223,7493
66000050021,臺中市北區,健行里,3280,7527
66000050022,臺中市北區,明德里,2543,5945
66000050023,臺中市北區,長青里,2949,6736
66000050024,臺中市北區,賴明里,2023,4375
66000050025,臺中市北區,賴興里,1945,4374
66000050026,臺中市北區,中正里,607,1292
66000050027,臺中市北區,六合里,963,1828
66000050028,臺中市北區,大湖里,1031,2160
66000050029,臺中市北區,錦平里,1081,2083
66000050030,臺中市北區,建德里,1504,3483
66000050031,臺中市北區,崇德里,1793,3848
66000050032,臺中市北區,賴旺里,2180,4762
66000050033,臺中市北區,明新里,1452,3001
66000050034,臺中市北區,立人里,1999,4360
66000050035,臺中市北區,梅川里,1607,3822
66000050036,臺中市北區,賴福里,1994,4561
66000060001,臺中市西屯區,西安里,3218,6938
66000060002,臺中市西屯區,西墩里,3731,8477
66000060003,臺中市西屯區,潮洋里,5303,9313
66000060004,臺中市西屯區,龍潭里,577,1458
66000060005,臺中市西屯區,惠來里,10148,22156
66000060006,臺中市西屯區,上石里,3113,6399
66000060007,臺中市西屯區,逢甲里,2673,5470
66000060008,臺中市西屯區,鵬程里,1556,3168
66000060009,臺中市西屯區,何安里,2967,6204
66000060010,臺中市西屯區,何厝里,1708,3742
66000060011,臺中市西屯區,大河里,1950,4786
66000060012,臺中市西屯區,大石里,1226,2509
66000060013,臺中市西屯區,大福里,1606,3564
66000060014,臺中市西屯區,大鵬里,2325,5280
66000060015,臺中市西屯區,港尾里,2525,6081
66000060016,臺中市西屯區,廣福里,827,2589
66000060017,臺中市西屯區,林厝里,1409,4229
66000060018,臺中市西屯區,永安里,7325,16805
66000060019,臺中市西屯區,福安里,1706,3870
66000060020,臺中市西屯區,協和里,2289,5362
66000060021,臺中市西屯區,何仁里,3080,7007
66000060022,臺中市西屯區,何德里,1791,4101
66000060023,臺中市西屯區,何源里,3146,7458
66000060024,臺中市西屯區,西平里,2942,6182
66000060025,臺中市西屯區,何南里,2052,4534
66000060026,臺中市西屯區,至善里,2513,5496
66000060027,臺中市西屯區,上安里,3132,6665
66000060028,臺中市西屯區,上德里,2134,4775
66000060029,臺中市西屯區,逢福里,2699,6100
66000060030,臺中市西屯區,何明里,1684,3891
66000060031,臺中市西屯區,何成里,3749,8565
66000060032,臺中市西屯區,何福里,2101,4821
66000060033,臺中市西屯區,福和里,1856,4837
66000060034,臺中市西屯區,福中里,1444,3605
66000060035,臺中市西屯區,福恩里,2596,5791
66000060036,臺中市西屯區,福聯里,2053,4400
66000060037,臺中市西屯區,福瑞里,1653,3901
66000060038,臺中市西屯區,福林里,4480,10114
66000060039,臺中市西屯區,福雅里,3442,7914
66000070001,臺中市南屯區,南屯里,4359,10576
66000070002,臺中市南屯區,豐樂里,6018,14221
66000070003,臺中市南屯區,楓樹里,2911,7157
66000070004,臺中市南屯區,中和里,1686,4615
66000070005,臺中市南屯區,春社里,3739,7692
66000070006,臺中市南屯區,春安里,3202,5646
66000070007,臺中市南屯區,文山里,6516,15141
66000070008,臺中市南屯區,新生里,2582,4884
66000070009,臺中市南屯區,永定里,2950,6808
66000070010,臺中市南屯區,三厝里,3908,9478
66000070011,臺中市南屯區,溝墘里,2797,6827
66000070012,臺中市南屯區,田心里,3680,8501
66000070013,臺中市南屯區,黎明里,1952,4597
66000070014,臺中市南屯區,鎮平里,571,1362
66000070015,臺中市南屯區,大同里,2435,5818
66000070016,臺中市南屯區,文心里,2060,4910
66000070017,臺中市南屯區,同心里,2849,6414
66000070018,臺中市南屯區,向心里,3319,6767
66000070019,臺中市南屯區,大誠里,2105,4347
66000070020,臺中市南屯區,大興里,2053,5116
66000070021,臺中市南屯區,大業里,3466,8503
66000070022,臺中市南屯區,惠中里,4762,10948
66000070023,臺中市南屯區,寶山里,2801,6424
66000070024,臺中市南屯區,三和里,4590,11066
66000070025,臺中市南屯區,三義里,3410,8241
66000080001,臺中市北屯區,北興里,1562,3482
66000080002,臺中市北屯區,北屯里,1782,3878
66000080003,臺中市北屯區,三光里,3625,8108
66000080004,臺中市北屯區,平田里,2922,6669
66000080005,臺中市北屯區,平和里,2875,6462
66000080006,臺中市北屯區,東光里,2196,5142
66000080007,臺中市北屯區,舊社里,12079,22952
66000080008,臺中市北屯區,水景里,7328,18028
66000080009,臺中市北屯區,軍功里,6003,15533
66000080010,臺中市北屯區,和平里,6156,15536
66000080011,臺中市北屯區,東山里,924,2352
66000080012,臺中市北屯區,民政里,475,1235
66000080013,臺中市北屯區,廍子里,14267,30075
66000080014,臺中市北屯區,大坑里,902,2354
66000080015,臺中市北屯區,民德里,451,1030
66000080016,臺中市北屯區,松竹里,4553,10757
66000080017,臺中市北屯區,仁和里,5548,11753
66000080018,臺中市北屯區,仁美里,5525,13563
66000080019,臺中市北屯區,四民里,1393,2892
66000080020,臺中市北屯區,后庄里,4878,11552
66000080021,臺中市北屯區,同榮里,2574,6357
66000080022,臺中市北屯區,仁愛里,495,1135
66000080023,臺中市北屯區,水湳里,3683,8038
66000080024,臺中市北屯區,陳平里,2282,5339
66000080025,臺中市北屯區,新平里,2573,5312
66000080026,臺中市北屯區,平安里,2722,6124
66000080027,臺中市北屯區,平順里,1600,3666
66000080028,臺中市北屯區,平德里,3379,7303
66000080029,臺中市北屯區,松安里,2281,5601
66000080030,臺中市北屯區,松茂里,2424,6012
66000080031,臺中市北屯區,大德里,2123,5180
66000080032,臺中市北屯區,松強里,3771,9110
66000080033,臺中市北屯區,松勇里,2207,5611
66000080034,臺中市北屯區,北京里,1430,3282
66000080035,臺中市北屯區,平心里,2629,5632
66000080036,臺中市北屯區,平福里,1713,4086
66000080037,臺中市北屯區,松和里,3210,7739
66000080038,臺中市北屯區,平陽里,2413,5697
66000080039,臺中市北屯區,平興里,3651,8259
66000080040,臺中市北屯區,平昌里,2401,5212
66000080041,臺中市北屯區,三和里,2746,6476
66000080042,臺中市北屯區,忠平里,1766,4337
66000090001,臺中市豐原區,豐原里,1093,2492
66000090002,臺中市豐原區,頂街里,523,975
66000090003,臺中市豐原區,中山里,377,876
66000090004,臺中市豐原區,豐榮里,585,1212
66000090005,臺中市豐原區,下街里,381,812
66000090006,臺中市豐原區,富春里,292,724
66000090007,臺中市豐原區,葫蘆里,263,627
66000090008,臺中市豐原區,豐西里,723,1696
66000090009,臺中市豐原區,西安里,2029,5389
66000090010,臺中市豐原區,西勢里,953,2457
66000090011,臺中市豐原區,東勢里,638,1560
66000090012,臺中市豐原區,民生里,539,1280
66000090013,臺中市豐原區,大湳里,1115,2673
66000090014,臺中市豐原區,北湳里,1443,3460
66000090015,臺中市豐原區,東湳里,1522,4516
66000090016,臺中市豐原區,西湳里,4082,11580
66000090017,臺中市豐原區,圳寮里,524,1291
66000090018,臺中市豐原區,豐圳里,1410,3536
66000090019,臺中市豐原區,社皮里,4459,11394
66000090020,臺中市豐原區,三村里,2531,7130
66000090021,臺中市豐原區,中興里,1308,3265
66000090022,臺中市豐原區,田心里,3227,7233
66000090023,臺中市豐原區,豐田里,4212,11729
66000090024,臺中市豐原區,鎌村里,1815,5201
66000090025,臺中市豐原區,南陽里,4873,13498
66000090026,臺中市豐原區,陽明里,1212,3306
66000090027,臺中市豐原區,北陽里,5733,16062
66000090028,臺中市豐原區,中陽里,2636,7120
66000090029,臺中市豐原區,東陽里,581,1700
66000090030,臺中市豐原區,南村里,2546,6449
66000090031,臺中市豐原區,南田里,1238,3438
66000090032,臺中市豐原區,南嵩里,1302,3703
66000090033,臺中市豐原區,翁明里,1075,2560
66000090034,臺中市豐原區,翁子里,1537,3950
66000090035,臺中市豐原區,翁社里,801,2254
66000090036,臺中市豐原區,朴子里,1263,3682
66000100001,臺中市東勢區,北興里,783,1661
66000100002,臺中市東勢區,中寧里,407,908
66000100003,臺中市東勢區,東安里,466,1080
66000100004,臺中市東勢區,南平里,757,1856
66000100005,臺中市東勢區,延平里,965,2273
66000100006,臺中市東勢區,上新里,404,967
66000100007,臺中市東勢區,廣興里,616,1502
66000100008,臺中市東勢區,泰昌里,1483,3663
66000100009,臺中市東勢區,中嵙里,787,1960
66000100010,臺中市東勢區,福隆里,1621,4239
66000100011,臺中市東勢區,隆興里,623,1521
66000100012,臺中市東勢區,新盛里,2185,5640
66000100013,臺中市東勢區,詒福里,659,1739
66000100014,臺中市東勢區,上城里,419,1050
66000100015,臺中市東勢區,下城里,370,845
66000100016,臺中市東勢區,慶東里,744,1907
66000100017,臺中市東勢區,慶福里,520,1214
66000100018,臺中市東勢區,東新里,916,2159
66000100019,臺中市東勢區,粵寧里,960,2255
66000100020,臺中市東勢區,下新里,670,1681
66000100021,臺中市東勢區,興隆里,495,1246
66000100022,臺中市東勢區,茂興里,800,1998
66000100023,臺中市東勢區,泰興里,268,737
66000100024,臺中市東勢區,埤頭里,264,648
66000100025,臺中市東勢區,明正里,507,1367
66000110001,臺中市大甲區,朝陽里,590,1519
66000110002,臺中市大甲區,大甲里,502,1117
66000110003,臺中市大甲區,順天里,683,1642
66000110004,臺中市大甲區,孔門里,413,908
66000110005,臺中市大甲區,平安里,809,2281
66000110006,臺中市大甲區,庄美里,908,2394
66000110007,臺中市大甲區,新美里,1384,3664
66000110008,臺中市大甲區,岷山里,817,2330
66000110009,臺中市大甲區,中山里,2244,5531
66000110010,臺中市大甲區,南陽里,354,849
66000110011,臺中市大甲區,薰風里,420,963
66000110012,臺中市大甲區,義和里,1334,3732
66000110013,臺中市大甲區,武陵里,439,1262
66000110014,臺中市大甲區,文曲里,429,1226
66000110015,臺中市大甲區,武曲里,663,1982
66000110016,臺中市大甲區,文武里,2348,6380
66000110017,臺中市大甲區,奉化里,899,2409
66000110018,臺中市大甲區,德化里,684,2007
66000110019,臺中市大甲區,江南里,546,1607
66000110020,臺中市大甲區,頂店里,2033,5635
66000110021,臺中市大甲區,太白里,456,1361
66000110022,臺中市大甲區,孟春里,1651,4566
66000110023,臺中市大甲區,幸福里,1092,2882
66000110024,臺中市大甲區,日南里,2332,6485
66000110025,臺中市大甲區,龍泉里,578,1682
66000110026,臺中市大甲區,西岐里,614,1792
66000110027,臺中市大甲區,銅安里,555,1539
66000110028,臺中市大甲區,福德里,414,1158
66000110029,臺中市大甲區,建興里,579,1599
66000120001,臺中市清水區,鰲峰里,449,1094
66000120002,臺中市清水區,靈泉里,413,1025
66000120003,臺中市清水區,清水里,1228,2880
66000120004,臺中市清水區,文昌里,291,714
66000120005,臺中市清水區,南寧里,857,2161
66000120006,臺中市清水區,西寧里,689,1783
66000120007,臺中市清水區,北寧里,310,712
66000120008,臺中市清水區,中興里,171,419
66000120009,臺中市清水區,西社里,949,2663
66000120010,臺中市清水區,南社里,5064,13494
66000120011,臺中市清水區,裕嘉里,565,1556
66000120012,臺中市清水區,臨江里,593,1558
66000120013,臺中市清水區,秀水里,2020,5217
66000120014,臺中市清水區,武鹿里,1650,4175
66000120015,臺中市清水區,海濱里,930,2349
66000120016,臺中市清水區,槺榔里,6452,12242
66000120017,臺中市清水區,中社里,1476,3551
66000120018,臺中市清水區,高西里,491,1310
66000120019,臺中市清水區,高南里,488,1272
66000120020,臺中市清水區,高東里,502,1239
66000120021,臺中市清水區,高北里,434,1215
66000120022,臺中市清水區,高美里,552,1417
66000120023,臺中市清水區,國姓里,799,2133
66000120024,臺中市清水區,菁埔里,860,2434
66000120025,臺中市清水區,頂湳里,644,1839
66000120026,臺中市清水區,田寮里,942,2596
66000120027,臺中市清水區,橋頭里,3158,8698
66000120028,臺中市清水區,下湳里,1076,2969
66000120029,臺中市清水區,東山里,477,1268
66000120030,臺中市清水區,楊厝里,470,1273
66000120031,臺中市清水區,海風里,580,1590
66000120032,臺中市清水區,吳厝里,586,1603
66000130001,臺中市沙鹿區,居仁里,589,1480
66000130002,臺中市沙鹿區,洛泉里,793,2252
66000130003,臺中市沙鹿區,沙鹿里,360,1010
66000130004,臺中市沙鹿區,美仁里,231,603
66000130005,臺中市沙鹿區,興仁里,1005,2915
66000130006,臺中市沙鹿區,斗抵里,2107,5680
66000130007,臺中市沙鹿區,鹿峰里,2991,7771
66000130008,臺中市沙鹿區,鹿寮里,3622,9605
66000130009,臺中市沙鹿區,竹林里,3694,9679
66000130010,臺中市沙鹿區,犁分里,466,1300
66000130011,臺中市沙鹿區,北勢里,2633,6630
66000130012,臺中市沙鹿區,福興里,1906,5014
66000130013,臺中市沙鹿區,晉江里,895,2139
66000130014,臺中市沙鹿區,六路里,2895,7162
66000130015,臺中市沙鹿區,南勢里,1496,4281
66000130016,臺中市沙鹿區,埔子里,3147,7928
66000130017,臺中市沙鹿區,公明里,1852,4885
66000130018,臺中市沙鹿區,清泉里,1040,2799
66000130019,臺中市沙鹿區,西勢里,849,2215
66000130020,臺中市沙鹿區,興安里,2438,5479
66000130021,臺中市沙鹿區,三鹿里,4672,11002
66000140001,臺中市梧棲區,頂寮里,6368,10706
66000140002,臺中市梧棲區,下寮里,829,2095
66000140003,臺中市梧棲區,中正里,1748,4283
66000140004,臺中市梧棲區,中和里,213,510
66000140005,臺中市梧棲區,文化里,524,1248
66000140006,臺中市梧棲區,安仁里,337,826
66000140007,臺中市梧棲區,草湳里,2738,7250
66000140008,臺中市梧棲區,南簡里,3059,7522
66000140009,臺中市梧棲區,福德里,2763,6873
66000140010,臺中市梧棲區,大庄里,3463,9841
66000140011,臺中市梧棲區,大村里,2749,7711
66000140012,臺中市梧棲區,興農里,1413,3451
66000140013,臺中市梧棲區,永寧里,841,2584
66000140014,臺中市梧棲區,永安里,944,2820
66000150001,臺中市后里區,廣福里,891,2289
66000150002,臺中市后里區,仁里里,392,1128
66000150003,臺中市后里區,義里里,1327,3531
66000150004,臺中市后里區,后里里,1489,4140
66000150005,臺中市后里區,厚里里,895,2496
66000150006,臺中市后里區,墩東里,2017,5653
66000150007,臺中市后里區,墩西里,887,2239
66000150008,臺中市后里區,墩南里,1468,4065
66000150009,臺中市后里區,墩北里,1508,4284
66000150010,臺中市后里區,中和里,1078,2948
66000150011,臺中市后里區,舊社里,957,2794
66000150012,臺中市后里區,聯合里,605,1725
66000150013,臺中市后里區,太平里,775,2334
66000150014,臺中市后里區,眉山里,1346,3756
66000150015,臺中市后里區,泰安里,591,1588
66000150016,臺中市后里區,公館里,831,2440
66000150017,臺中市后里區,月眉里,817,2249
66000150018,臺中市后里區,義德里,1046,2846
66000160001,臺中市神岡區,神岡里,1348,3560
66000160002,臺中市神岡區,庄前里,966,2705
66000160003,臺中市神岡區,北庄里,1083,2959
66000160004,臺中市神岡區,庄後里,884,2635
66000160005,臺中市神岡區,社口里,3165,9180
66000160006,臺中市神岡區,社南里,2049,6143
66000160007,臺中市神岡區,三角里,1100,3102
66000160008,臺中市神岡區,岸裡里,1166,3141
66000160009,臺中市神岡區,大社里,2142,5206
66000160010,臺中市神岡區,豐洲里,2854,7742
66000160011,臺中市神岡區,神洲里,937,2825
66000160012,臺中市神岡區,溪洲里,1003,3029
66000160013,臺中市神岡區,圳前里,885,2468
66000160014,臺中市神岡區,新庄里,1609,4716
66000160015,臺中市神岡區,圳堵里,896,2414
66000160016,臺中市神岡區,山皮里,433,1221
66000170001,臺中市潭子區,潭陽里,4790,12481
66000170002,臺中市潭子區,潭秀里,500,1335
66000170003,臺中市潭子區,潭北里,1135,2890
66000170004,臺中市潭子區,福仁里,5651,13316
66000170005,臺中市潭子區,頭家里,2606,6787
66000170006,臺中市潭子區,甘蔗里,4439,11258
66000170007,臺中市潭子區,東寶里,4995,13480
66000170008,臺中市潭子區,大富里,1234,3462
66000170009,臺中市潭子區,大豐里,2806,7573
66000170010,臺中市潭子區,栗林里,2524,6108
66000170011,臺中市潭子區,嘉仁里,1582,4443
66000170012,臺中市潭子區,新田里,634,1592
66000170013,臺中市潭子區,聚興里,2154,5029
66000170014,臺中市潭子區,頭家東里,1950,5072
66000170015,臺中市潭子區,家興里,3530,8534
66000170016,臺中市潭子區,家福里,2180,5794
66000180001,臺中市大雅區,大雅里,1913,5061
66000180002,臺中市大雅區,員林里,3947,11463
66000180003,臺中市大雅區,六寶里,2564,7063
66000180004,臺中市大雅區,秀山里,1256,3921
66000180005,臺中市大雅區,忠義里,1954,4517
66000180006,臺中市大雅區,橫山里,1691,4859
66000180007,臺中市大雅區,三和里,2125,6226
66000180008,臺中市大雅區,西寶里,1848,5593
66000180009,臺中市大雅區,上楓里,2732,7829
66000180010,臺中市大雅區,二和里,2817,7646
66000180011,臺中市大雅區,四德里,1986,5472
66000180012,臺中市大雅區,上雅里,2984,7450
66000180013,臺中市大雅區,文雅里,2650,7014
66000180014,臺中市大雅區,大楓里,2172,6010
66000180015,臺中市大雅區,雅楓里,1531,4071
66000190001,臺中市新社區,新社里,1408,3778
66000190002,臺中市新社區,復盛里,786,2015
66000190003,臺中市新社區,中正里,571,1582
66000190004,臺中市新社區,月湖里,401,1108
66000190005,臺中市新社區,崑山里,404,1194
66000190006,臺中市新社區,大南里,756,1941
66000190007,臺中市新社區,永源里,1142,3127
66000190008,臺中市新社區,中興里,344,625
66000190009,臺中市新社區,協成里,1170,3179
66000190010,臺中市新社區,東興里,495,1324
66000190011,臺中市新社區,慶西里,327,908
66000190012,臺中市新社區,中和里,238,581
66000190013,臺中市新社區,福興里,489,1091
66000200001,臺中市石岡區,石岡里,480,1288
66000200002,臺中市石岡區,萬安里,633,1673
66000200003,臺中市石岡區,九房里,525,1349
66000200004,臺中市石岡區,金星里,455,1272
66000200005,臺中市石岡區,龍興里,227,650
66000200006,臺中市石岡區,萬興里,570,1563
66000200007,臺中市石岡區,梅子里,734,1955
66000200008,臺中市石岡區,土牛里,393,1063
66000200009,臺中市石岡區,德興里,585,1489
66000200010,臺中市石岡區,和盛里,533,1259
66000210001,臺中市外埔區,永豐里,458,1242
66000210002,臺中市外埔區,六分里,923,2590
66000210003,臺中市外埔區,三崁里,810,2103
66000210004,臺中市外埔區,大同里,1899,5297
66000210005,臺中市外埔區,水美里,1536,3930
66000210006,臺中市外埔區,大東里,2746,7220
66000210007,臺中市外埔區,馬鳴里,538,1494
66000210008,臺中市外埔區,中山里,511,1427
66000210009,臺中市外埔區,鐵山里,959,2522
66000210010,臺中市外埔區,土城里,535,1603
66000210011,臺中市外埔區,廍子里,423,1228
66000220001,臺中市大安區,南埔里,389,1022
66000220002,臺中市大安區,南庄里,362,990
66000220003,臺中市大安區,中庄里,998,2831
66000220004,臺中市大安區,龜売里,533,1546
66000220005,臺中市大安區,福興里,444,1220
66000220006,臺中市大安區,東安里,482,1351
66000220007,臺中市大安區,頂安里,309,908
66000220008,臺中市大安區,永安里,612,1796
66000220009,臺中市大安區,福住里,446,1233
66000220010,臺中市大安區,海墘里,526,1407
66000220011,臺中市大安區,西安里,650,1858
66000220012,臺中市大安區,松雅里,450,1201
66000230001,臺中市烏日區,烏日里,4281,10195
66000230002,臺中市烏日區,湖日里,1759,3645
66000230003,臺中市烏日區,三和里,6255,11633
66000230004,臺中市烏日區,榮泉里,3962,8712
66000230005,臺中市烏日區,學田里,1168,2927
66000230006,臺中市烏日區,九德里,5551,15472
66000230007,臺中市烏日區,仁德里,3477,9242
66000230008,臺中市烏日區,前竹里,583,1732
66000230009,臺中市烏日區,五光里,731,1921
66000230010,臺中市烏日區,光明里,878,2398
66000230011,臺中市烏日區,東園里,967,2671
66000230012,臺中市烏日區,溪埧里,1902,5145
66000230013,臺中市烏日區,螺潭里,897,2497
66000230014,臺中市烏日區,北里里,625,1802
66000230015,臺中市烏日區,南里里,505,1461
66000230016,臺中市烏日區,溪尾里,342,905
66000240001,臺中市大肚區,王田里,1705,4843
66000240002,臺中市大肚區,中和里,280,893
66000240003,臺中市大肚區,福山里,1411,3943
66000240004,臺中市大肚區,營埔里,567,1650
66000240005,臺中市大肚區,社腳里,908,2599
66000240006,臺中市大肚區,新興里,1044,2871
66000240007,臺中市大肚區,大東里,1278,3476
66000240008,臺中市大肚區,大肚里,930,2466
66000240009,臺中市大肚區,永和里,306,854
66000240010,臺中市大肚區,磺溪里,740,1927
66000240011,臺中市大肚區,永順里,656,1858
66000240012,臺中市大肚區,成功里,346,1002
66000240013,臺中市大肚區,山陽里,565,1446
66000240014,臺中市大肚區,頂街里,3415,8886
66000240015,臺中市大肚區,瑞井里,2387,6104
66000240016,臺中市大肚區,蔗廍里,2464,6092
66000240017,臺中市大肚區,自強里,1687,3941
66000250001,臺中市龍井區,竹坑里,1324,3762
66000250002,臺中市龍井區,龍東里,1295,3519
66000250003,臺中市龍井區,龍西里,761,2113
66000250004,臺中市龍井區,田中里,1744,5002
66000250005,臺中市龍井區,福田里,352,1063
66000250006,臺中市龍井區,麗水里,950,2508
66000250007,臺中市龍井區,龍津里,1866,5692
66000250008,臺中市龍井區,三德里,1107,3374
66000250009,臺中市龍井區,忠和里,1863,5601
66000250010,臺中市龍井區,山腳里,2482,6764
66000250011,臺中市龍井區,龍泉里,4609,11105
66000250012,臺中市龍井區,龍崗里,1371,3483
66000250013,臺中市龍井區,新庄里,2657,7276
66000250014,臺中市龍井區,南寮里,532,1640
66000250015,臺中市龍井區,新東里,2488,5463
66000250016,臺中市龍井區,東海里,4537,10973
66000260001,臺中市霧峰區,桐林里,505,1312
66000260002,臺中市霧峰區,吉峰里,3650,10076
66000260003,臺中市霧峰區,甲寅里,2131,5361
66000260004,臺中市霧峰區,本鄉里,1055,2541
66000260005,臺中市霧峰區,中正里,888,2155
66000260006,臺中市霧峰區,錦榮里,599,1446
66000260007,臺中市霧峰區,萊園里,433,1130
66000260008,臺中市霧峰區,本堂里,2894,6892
66000260009,臺中市霧峰區,坑口里,1312,3396
66000260010,臺中市霧峰區,北柳里,1643,4515
66000260011,臺中市霧峰區,南柳里,758,2200
66000260012,臺中市霧峰區,四德里,1036,2744
66000260013,臺中市霧峰區,五福里,1012,2844
66000260014,臺中市霧峰區,萬豐里,1069,2983
66000260015,臺中市霧峰區,舊正里,760,2304
66000260016,臺中市霧峰區,峰谷里,406,1248
66000260017,臺中市霧峰區,六股里,851,2592
66000260018,臺中市霧峰區,丁台里,853,2587
66000260019,臺中市霧峰區,北勢里,782,2387
66000260020,臺中市霧峰區,南勢里,443,1383
66000270001,臺中市太平區,太平里,2143,5733
66000270002,臺中市太平區,長億里,3069,8417
66000270003,臺中市太平區,中平里,1817,4768
66000270004,臺中市太平區,中興里,1311,3505
66000270005,臺中市太平區,建國里,1136,3004
66000270006,臺中市太平區,東平里,1815,4828
66000270007,臺中市太平區,宜欣里,2867,7215
66000270008,臺中市太平區,中山里,2269,4467
66000270009,臺中市太平區,坪林里,1471,3685
66000270010,臺中市太平區,光華里,2328,5992
66000270011,臺中市太平區,新坪里,3954,9712
66000270012,臺中市太平區,新光里,3492,9265
66000270013,臺中市太平區,新福里,3729,8943
66000270014,臺中市太平區,頭汴里,724,1861
66000270015,臺中市太平區,東汴里,466,1131
66000270016,臺中市太平區,興隆里,1369,3686
66000270017,臺中市太平區,光隆里,1263,3481
66000270018,臺中市太平區,德隆里,2103,5701
66000270019,臺中市太平區,黃竹里,292,571
66000270020,臺中市太平區,永成里,2952,8319
66000270021,臺中市太平區,永平里,1875,4747
66000270022,臺中市太平區,成功里,1721,4407
66000270023,臺中市太平區,東和里,1198,3218
66000270024,臺中市太平區,中政里,1589,4065
66000270025,臺中市太平區,平安里,965,2593
66000270026,臺中市太平區,建興里,1299,3136
66000270027,臺中市太平區,新興里,3558,8484
66000270028,臺中市太平區,新高里,6369,14646
66000270029,臺中市太平區,新吉里,2503,6677
66000270030,臺中市太平區,新城里,4672,9801
66000270031,臺中市太平區,宜佳里,2895,7049
66000270032,臺中市太平區,宜昌里,2602,5697
66000270033,臺中市太平區,光明里,1757,4250
66000270034,臺中市太平區,豐年里,1815,4710
66000270035,臺中市太平區,大興里,1029,2721
66000270036,臺中市太平區,勤益里,1092,2551
66000270037,臺中市太平區,聖和里,629,1662
66000270038,臺中市太平區,福隆里,1480,4121
66000270039,臺中市太平區,永隆里,1033,2906
66000280001,臺中市大里區,大里里,1711,4347
66000280002,臺中市大里區,新里里,5303,12718
66000280003,臺中市大里區,樹王里,1572,4632
66000280004,臺中市大里區,東興里,2950,7527
66000280005,臺中市大里區,祥興里,4340,9200
66000280006,臺中市大里區,日新里,2007,5070
66000280007,臺中市大里區,西榮里,2498,6254
66000280008,臺中市大里區,內新里,4130,9935
66000280009,臺中市大里區,東昇里,1455,3877
66000280010,臺中市大里區,立仁里,2440,6203
66000280011,臺中市大里區,新仁里,3355,8914
66000280012,臺中市大里區,大元里,1655,4580
66000280013,臺中市大里區,夏田里,382,1005
66000280014,臺中市大里區,仁化里,3408,9868
66000280015,臺中市大里區,健民里,2668,6527
66000280016,臺中市大里區,塗城里,3387,9535
66000280017,臺中市大里區,瑞城里,5088,14078
66000280018,臺中市大里區,金城里,4216,11058
66000280019,臺中市大里區,東湖里,5185,12702
66000280020,臺中市大里區,西湖里,1163,3257
66000280021,臺中市大里區,國光里,2578,6675
66000280022,臺中市大里區,大明里,2032,4728
66000280023,臺中市大里區,永隆里,4986,14307
66000280024,臺中市大里區,長榮里,4002,10235
66000280025,臺中市大里區,中新里,2696,6708
66000280026,臺中市大里區,立德里,3492,9307
66000280027,臺中市大里區,仁德里,2423,7030
66000290001,臺中市和平區,南勢里,957,2096
66000290002,臺中市和平區,天輪里,233,432
66000290003,臺中市和平區,博愛里,820,1797
66000290004,臺中市和平區,中坑里,245,454
66000290005,臺中市和平區,自由里,519,1244
66000290006,臺中市和平區,達觀里,513,1298
66000290007,臺中市和平區,梨山里,1040,2110
66000290008,臺中市和平區,平等里,404,987
67000010001,臺南市新營區,忠政里,2296,4980
67000010002,臺南市新營區,民權里,1256,2640
67000010003,臺南市新營區,三仙里,1297,2922
67000010007,臺南市新營區,大宏里,1472,3386
67000010008,臺南市新營區,王公里,1828,4455
67000010009,臺南市新營區,中營里,554,1256
67000010010,臺南市新營區,土庫里,601,1523
67000010012,臺南市新營區,南興里,1283,2618
67000010013,臺南市新營區,興業里,956,1899
67000010014,臺南市新營區,民生里,1524,3462
67000010015,臺南市新營區,民榮里,2425,5287
67000010016,臺南市新營區,埤寮里,751,1864
67000010017,臺南市新營區,護鎮里,618,1481
67000010018,臺南市新營區,太南里,837,1767
67000010019,臺南市新營區,太北里,754,1856
67000010020,臺南市新營區,南紙里,1783,4271
67000010021,臺南市新營區,嘉芳里,851,2101
67000010025,臺南市新營區,五興里,703,1580
67000010026,臺南市新營區,姑爺里,404,838
67000010027,臺南市新營區,新北里,2593,6221
67000010028,臺南市新營區,新南里,2851,6696
67000010029,臺南市新營區,新東里,3225,8439
67000010030,臺南市新營區,永平里,1262,2607
67000020001,臺南市鹽水區,水秀里,746,1697
67000020008,臺南市鹽水區,橋南里,1756,4089
67000020010,臺南市鹽水區,汫水里,411,881
67000020011,臺南市鹽水區,岸內里,1917,4468
67000020014,臺南市鹽水區,歡雅里,745,1658
67000020026,臺南市鹽水區,津城里,743,1500
67000020027,臺南市鹽水區,月港里,708,1575
67000020028,臺南市鹽水區,三明里,690,1581
67000020029,臺南市鹽水區,義中里,760,1690
67000020030,臺南市鹽水區,文昌里,472,984
67000020031,臺南市鹽水區,竹林里,468,1029
67000020032,臺南市鹽水區,三和里,394,847
67000020033,臺南市鹽水區,坔頭港里,578,1293
67000030001,臺南市白河區,白河里,765,1668
67000030002,臺南市白河區,永安里,1412,3404
67000030003,臺南市白河區,外角里,648,1484
67000030004,臺南市白河區,庄內里,747,1735
67000030005,臺南市白河區,秀祐里,366,922
67000030006,臺南市白河區,河東里,576,1294
67000030007,臺南市白河區,虎山里,183,402
67000030008,臺南市白河區,大林里,243,538
67000030009,臺南市白河區,崁頭里,164,335
67000030010,臺南市白河區,六溪里,219,538
67000030011,臺南市白河區,仙草里,547,1091
67000030012,臺南市白河區,關嶺里,456,972
67000030014,臺南市白河區,大竹里,565,1357
67000030018,臺南市白河區,竹門里,380,870
67000030019,臺南市白河區,崎內里,310,696
67000030020,臺南市白河區,昇安里,570,1400
67000030021,臺南市白河區,汴頭里,295,709
67000030022,臺南市白河區,內角里,292,645
67000030025,臺南市白河區,詔豐里,847,1994
67000030026,臺南市白河區,廣蓮里,596,1453
67000030027,臺南市白河區,馬稠後里,558,1186
67000040001,臺南市柳營區,士林里,975,2147
67000040002,臺南市柳營區,光福里,697,1621
67000040003,臺南市柳營區,中埕里,575,1316
67000040004,臺南市柳營區,東昇里,1357,3101
67000040005,臺南市柳營區,八翁里,594,1449
67000040006,臺南市柳營區,人和里,330,732
67000040007,臺南市柳營區,太康里,678,1541
67000040008,臺南市柳營區,重溪里,717,1764
67000040009,臺南市柳營區,篤農里,544,1270
67000040010,臺南市柳營區,大農里,263,661
67000040011,臺南市柳營區,神農里,561,1365
67000040012,臺南市柳營區,果毅里,492,1179
67000040013,臺南市柳營區,旭山里,606,1508
67000050001,臺南市後壁區,後壁里,771,1777
67000050002,臺南市後壁區,侯伯里,515,1313
67000050003,臺南市後壁區,嘉苳里,534,1347
67000050004,臺南市後壁區,土溝里,519,1267
67000050010,臺南市後壁區,竹新里,600,1359
67000050011,臺南市後壁區,新東里,766,1710
67000050012,臺南市後壁區,頂安里,595,1353
67000050013,臺南市後壁區,長安里,512,1151
67000050014,臺南市後壁區,福安里,771,1763
67000050018,臺南市後壁區,菁寮里,636,1300
67000050019,臺南市後壁區,新嘉里,479,952
67000050022,臺南市後壁區,長短樹里,857,1963
67000050023,臺南市後壁區,上茄苳里,894,2141
67000050024,臺南市後壁區,菁豐里,567,1195
67000060001,臺南市東山區,東山里,694,1540
67000060002,臺南市東山區,東中里,1210,2731
67000060003,臺南市東山區,東正里,658,1456
67000060004,臺南市東山區,三榮里,426,942
67000060005,臺南市東山區,大客里,454,1063
67000060006,臺南市東山區,科里里,557,1137
67000060007,臺南市東山區,東河里,380,785
67000060008,臺南市東山區,南溪里,179,409
67000060009,臺南市東山區,水雲里,190,347
67000060010,臺南市東山區,林安里,165,342
67000060011,臺南市東山區,東原里,871,1991
67000060012,臺南市東山區,嶺南里,260,616
67000060013,臺南市東山區,南勢里,445,1062
67000060014,臺南市東山區,青山里,474,1056
67000060015,臺南市東山區,高原里,359,856
67000060016,臺南市東山區,聖賢里,823,1887
67000070003,臺南市麻豆區,東角里,1276,3087
67000070004,臺南市麻豆區,晋江里,1139,2763
67000070005,臺南市麻豆區,巷口里,1189,2688
67000070006,臺南市麻豆區,中興里,903,2123
67000070007,臺南市麻豆區,興農里,866,2009
67000070009,臺南市麻豆區,油車里,1589,4011
67000070010,臺南市麻豆區,北勢里,479,1107
67000070011,臺南市麻豆區,大埕里,1374,3282
67000070014,臺南市麻豆區,南勢里,1065,2506
67000070015,臺南市麻豆區,寮廍里,813,1952
67000070017,臺南市麻豆區,埤頭里,977,2393
67000070019,臺南市麻豆區,海埔里,938,2160
67000070021,臺南市麻豆區,港尾里,729,1479
67000070022,臺南市麻豆區,麻口里,560,1321
67000070024,臺南市麻豆區,安業里,581,1343
67000070028,臺南市麻豆區,安正里,428,998
67000070030,臺南市麻豆區,新興里,971,2207
67000070031,臺南市麻豆區,謝厝寮里,686,1751
67000070032,臺南市麻豆區,井東里,698,1834
67000070033,臺南市麻豆區,清水里,671,1576
67000080001,臺南市下營區,下營里,721,1479
67000080002,臺南市下營區,仁里里,881,2125
67000080003,臺南市下營區,宅內里,714,1647
67000080004,臺南市下營區,後街里,690,1651
67000080005,臺南市下營區,新興里,1040,2473
67000080006,臺南市下營區,營前里,995,2181
67000080011,臺南市下營區,開化里,761,1871
67000080012,臺南市下營區,西連里,391,861
67000080013,臺南市下營區,賀建里,613,1300
67000080016,臺南市下營區,茅營里,968,2224
67000080017,臺南市下營區,大吉里,740,1538
67000080018,臺南市下營區,紅甲里,976,2182
67000090001,臺南市六甲區,六甲里,1245,3070
67000090002,臺南市六甲區,甲東里,1150,2778
67000090003,臺南市六甲區,甲南里,598,1430
67000090005,臺南市六甲區,七甲里,844,2111
67000090006,臺南市六甲區,二甲里,1497,3821
67000090007,臺南市六甲區,水林里,844,2196
67000090008,臺南市六甲區,中社里,722,1683
67000090009,臺南市六甲區,龜港里,858,1832
67000090010,臺南市六甲區,菁埔里,246,585
67000090011,臺南市六甲區,王爺里,304,637
67000090012,臺南市六甲區,大丘里,299,537
67000100001,臺南市官田區,官田里,995,2283
67000100002,臺南市官田區,二鎮里,1604,3809
67000100005,臺南市官田區,大崎里,182,396
67000100006,臺南市官田區,隆田里,990,2263
67000100007,臺南市官田區,隆本里,1773,4179
67000100008,臺南市官田區,南廍里,585,1377
67000100013,臺南市官田區,社子里,342,838
67000100014,臺南市官田區,烏山頭里,507,1158
67000100015,臺南市官田區,渡拔里,1060,2432
67000100017,臺南市官田區,東庄里,475,1206
67000100018,臺南市官田區,西庄里,227,549
67000110001,臺南市大內區,石湖里,442,962
67000110002,臺南市大內區,石林里,260,588
67000110003,臺南市大內區,石城里,642,1496
67000110004,臺南市大內區,內江里,383,896
67000110005,臺南市大內區,大內里,342,755
67000110006,臺南市大內區,內郭里,228,615
67000110007,臺南市大內區,頭社里,415,976
67000110008,臺南市大內區,環湖里,338,737
67000110009,臺南市大內區,二溪里,368,769
67000110010,臺南市大內區,曲溪里,242,543
67000120001,臺南市佳里區,東寧里,1091,2368
67000120002,臺南市佳里區,忠仁里,1255,3120
67000120003,臺南市佳里區,鎮山里,2479,6419
67000120004,臺南市佳里區,建南里,2062,4902
67000120005,臺南市佳里區,安西里,2570,6726
67000120006,臺南市佳里區,六安里,2055,4770
67000120007,臺南市佳里區,佳化里,951,2326
67000120012,臺南市佳里區,海澄里,1018,2497
67000120019,臺南市佳里區,民安里,819,2030
67000120020,臺南市佳里區,子龍里,1197,2673
67000120022,臺南市佳里區,營溪里,468,1064
67000120023,臺南市佳里區,文新里,2373,6034
67000120024,臺南市佳里區,佳興里,998,2287
67000120025,臺南市佳里區,下營里,774,1861
67000120026,臺南市佳里區,塭內里,1208,2906
67000120027,臺南市佳里區,南勢里,2361,6119
67000130001,臺南市學甲區,仁得里,1754,4122
67000130002,臺南市學甲區,新榮里,1252,3144
67000130003,臺南市學甲區,光華里,508,1208
67000130004,臺南市學甲區,宅港里,337,790
67000130005,臺南市學甲區,慈福里,992,2305
67000130006,臺南市學甲區,秀昌里,1165,2830
67000130007,臺南市學甲區,明宜里,885,2044
67000130008,臺南市學甲區,豐和里,540,1270
67000130009,臺南市學甲區,平和里,440,978
67000130010,臺南市學甲區,新達里,884,2007
67000130011,臺南市學甲區,大灣里,421,937
67000130012,臺南市學甲區,三慶里,567,1279
67000130013,臺南市學甲區,中洲里,609,1354
67000140001,臺南市西港區,西港里,1362,3443
67000140002,臺南市西港區,南海里,1154,2998
67000140003,臺南市西港區,港東里,709,1902
67000140004,臺南市西港區,檨林里,649,1710
67000140005,臺南市西港區,後營里,677,1716
67000140006,臺南市西港區,營西里,646,1633
67000140007,臺南市西港區,金砂里,292,764
67000140008,臺南市西港區,劉厝里,703,1677
67000140009,臺南市西港區,竹林里,582,1475
67000140010,臺南市西港區,永樂里,609,1528
67000140011,臺南市西港區,新復里,421,1008
67000140012,臺南市西港區,慶安里,1951,4882
67000150001,臺南市七股區,後港里,392,961
67000150002,臺南市七股區,大潭里,312,698
67000150004,臺南市七股區,篤加里,317,841
67000150005,臺南市七股區,頂山里,327,784
67000150006,臺南市七股區,西寮里,205,407
67000150007,臺南市七股區,塩埕里,172,383
67000150008,臺南市七股區,龍山里,632,1584
67000150009,臺南市七股區,溪南里,168,376
67000150010,臺南市七股區,七股里,319,873
67000150011,臺南市七股區,玉成里,311,814
67000150012,臺南市七股區,大埕里,1109,2836
67000150015,臺南市七股區,樹林里,827,2057
67000150017,臺南市七股區,中寮里,265,627
67000150018,臺南市七股區,竹橋里,532,1280
67000150019,臺南市七股區,義合里,739,1889
67000150021,臺南市七股區,永吉里,429,1097
67000150022,臺南市七股區,三股里,508,1317
67000150023,臺南市七股區,十份里,545,1449
67000160001,臺南市將軍區,長榮里,475,1204
67000160013,臺南市將軍區,玉山里,344,776
67000160014,臺南市將軍區,廣山里,267,565
67000160015,臺南市將軍區,長沙里,478,1340
67000160016,臺南市將軍區,平沙里,399,1091
67000160017,臺南市將軍區,鯤鯓里,719,1872
67000160018,臺南市將軍區,鯤溟里,390,975
67000160019,臺南市將軍區,巷埔里,495,1119
67000160020,臺南市將軍區,西甲里,1002,2438
67000160021,臺南市將軍區,忠嘉里,1060,2580
67000160022,臺南市將軍區,苓仔寮里,838,1981
67000160023,臺南市將軍區,將軍里,634,1478
67000170001,臺南市北門區,保吉里,532,1342
67000170002,臺南市北門區,雙春里,174,420
67000170005,臺南市北門區,北門里,343,764
67000170006,臺南市北門區,錦湖里,429,918
67000170007,臺南市北門區,三光里,474,1225
67000170009,臺南市北門區,玉港里,306,661
67000170011,臺南市北門區,慈安里,295,720
67000170013,臺南市北門區,永隆里,326,789
67000170014,臺南市北門區,蚵寮里,519,1323
67000170015,臺南市北門區,文山里,511,1158
67000180001,臺南市新化區,武安里,1354,3247
67000180002,臺南市新化區,東榮里,1867,4462
67000180003,臺南市新化區,護國里,1164,2827
67000180004,臺南市新化區,太平里,2037,5194
67000180009,臺南市新化區,協興里,1366,3538
67000180010,臺南市新化區,唪口里,779,2374
67000180011,臺南市新化區,北勢里,642,1656
67000180012,臺南市新化區,豐榮里,1455,3889
67000180013,臺南市新化區,全興里,1187,3147
67000180014,臺南市新化區,崙頂里,814,2313
67000180015,臺南市新化區,知義里,892,2222
67000180016,臺南市新化區,山脚里,998,2434
67000180017,臺南市新化區,大坑里,186,407
67000180018,臺南市新化區,𦰡拔里,808,2232
67000180019,臺南市新化區,羊林里,337,931
67000180020,臺南市新化區,礁坑里,378,912
67000190001,臺南市善化區,東關里,637,1388
67000190002,臺南市善化區,坐駕里,2050,4740
67000190003,臺南市善化區,光文里,3341,7156
67000190004,臺南市善化區,文昌里,1442,3300
67000190005,臺南市善化區,南關里,767,2049
67000190008,臺南市善化區,文正里,777,1828
67000190009,臺南市善化區,胡家里,542,1294
67000190010,臺南市善化區,胡厝里,1025,2452
67000190011,臺南市善化區,什乃里,591,1423
67000190012,臺南市善化區,溪美里,968,2210
67000190013,臺南市善化區,六分里,334,742
67000190014,臺南市善化區,六德里,450,1088
67000190015,臺南市善化區,田寮里,713,1736
67000190018,臺南市善化區,牛庄里,833,1825
67000190019,臺南市善化區,嘉北里,811,1890
67000190020,臺南市善化區,嘉南里,508,1262
67000190021,臺南市善化區,小新里,2619,6105
67000190022,臺南市善化區,頂街里,703,1482
67000190023,臺南市善化區,昌隆里,1025,2326
67000190024,臺南市善化區,蓮潭里,3491,7654
67000200001,臺南市新市區,新市里,1501,3322
67000200002,臺南市新市區,新和里,3586,8017
67000200003,臺南市新市區,社內里,1725,3727
67000200004,臺南市新市區,大洲里,345,866
67000200005,臺南市新市區,豐華里,355,949
67000200006,臺南市新市區,三舍里,846,2238
67000200007,臺南市新市區,大營里,1756,4364
67000200008,臺南市新市區,大社里,2006,5247
67000200009,臺南市新市區,潭頂里,872,2043
67000200010,臺南市新市區,港墘里,1566,3938
67000200011,臺南市新市區,永就里,1403,3518
67000210001,臺南市安定區,蘇林里,937,2209
67000210002,臺南市安定區,蘇厝里,881,2141
67000210003,臺南市安定區,安定里,645,1531
67000210004,臺南市安定區,安加里,995,2481
67000210006,臺南市安定區,港尾里,660,1709
67000210007,臺南市安定區,中榮里,994,2243
67000210008,臺南市安定區,港口里,1329,3314
67000210009,臺南市安定區,港南里,1407,3344
67000210012,臺南市安定區,中沙里,305,799
67000210013,臺南市安定區,新吉里,1131,2780
67000210014,臺南市安定區,海寮里,1079,2726
67000210017,臺南市安定區,文科里,744,1854
67000210018,臺南市安定區,嘉同里,934,2528
67000220001,臺南市山上區,明和里,728,1715
67000220002,臺南市山上區,南洲里,671,1578
67000220003,臺南市山上區,山上里,500,1249
67000220004,臺南市山上區,新莊里,361,913
67000220005,臺南市山上區,玉峯里,228,517
67000220006,臺南市山上區,平陽里,151,333
67000220007,臺南市山上區,豐德里,150,407
67000230001,臺南市玉井區,玉井里,571,1181
67000230002,臺南市玉井區,玉田里,1779,3934
67000230003,臺南市玉井區,中正里,504,1205
67000230004,臺南市玉井區,竹圍里,603,1468
67000230005,臺南市玉井區,沙田里,207,485
67000230006,臺南市玉井區,三埔里,198,487
67000230007,臺南市玉井區,三和里,295,689
67000230008,臺南市玉井區,望明里,675,1600
67000230009,臺南市玉井區,層林里,245,567
67000230010,臺南市玉井區,豐里里,376,930
67000240001,臺南市楠西區,楠西里,817,1844
67000240002,臺南市楠西區,灣丘里,459,1096
67000240003,臺南市楠西區,密枝里,280,631
67000240004,臺南市楠西區,照興里,399,975
67000240005,臺南市楠西區,鹿田里,370,881
67000240006,臺南市楠西區,龜丹里,250,614
67000240007,臺南市楠西區,東勢里,964,2220
67000250001,臺南市南化區,南化里,595,1351
67000250002,臺南市南化區,小崙里,290,774
67000250003,臺南市南化區,中坑里,149,385
67000250004,臺南市南化區,北平里,211,529
67000250005,臺南市南化區,東和里,251,611
67000250006,臺南市南化區,西埔里,268,704
67000250007,臺南市南化區,北寮里,413,1081
67000250008,臺南市南化區,玉山里,355,1002
67000250009,臺南市南化區,關山里,297,1048
67000260001,臺南市左鎮區,光和里,160,357
67000260002,臺南市左鎮區,榮和里,245,600
67000260003,臺南市左鎮區,左鎮里,194,447
67000260004,臺南市左鎮區,中正里,321,692
67000260005,臺南市左鎮區,睦光里,128,325
67000260006,臺南市左鎮區,內庄里,162,321
67000260007,臺南市左鎮區,澄山里,201,448
67000260008,臺南市左鎮區,岡林里,157,377
67000260009,臺南市左鎮區,草山里,116,293
67000260010,臺南市左鎮區,二寮里,93,186
67000270001,臺南市仁德區,太子里,2553,6406
67000270002,臺南市仁德區,土庫里,1313,3263
67000270003,臺南市仁德區,一甲里,1196,3086
67000270004,臺南市仁德區,仁德里,5026,11011
67000270005,臺南市仁德區,仁義里,4075,10108
67000270006,臺南市仁德區,新田里,1543,3832
67000270007,臺南市仁德區,後壁里,4539,11010
67000270008,臺南市仁德區,上崙里,2709,7007
67000270011,臺南市仁德區,保安里,1398,3123
67000270012,臺南市仁德區,成功里,2634,5902
67000270013,臺南市仁德區,仁和里,888,1677
67000270014,臺南市仁德區,仁愛里,829,1634
67000270015,臺南市仁德區,二行里,966,2298
67000270016,臺南市仁德區,大甲里,966,2399
67000270017,臺南市仁德區,中洲里,1146,2672
67000270019,臺南市仁德區,文賢里,960,2336
67000280001,臺南市歸仁區,南保里,2462,6786
67000280002,臺南市歸仁區,六甲里,1926,4590
67000280003,臺南市歸仁區,歸仁里,1010,2563
67000280004,臺南市歸仁區,後市里,1456,3635
67000280005,臺南市歸仁區,辜厝里,1453,3635
67000280006,臺南市歸仁區,許厝里,1434,3700
67000280007,臺南市歸仁區,看西里,1043,2779
67000280008,臺南市歸仁區,看東里,832,2233
67000280009,臺南市歸仁區,崙頂里,1317,3674
67000280010,臺南市歸仁區,沙崙里,1655,2804
67000280011,臺南市歸仁區,大潭里,778,2190
67000280012,臺南市歸仁區,武東里,2023,3743
67000280013,臺南市歸仁區,八甲里,1261,3294
67000280014,臺南市歸仁區,七甲里,1689,4293
67000280015,臺南市歸仁區,媽廟里,842,2100
67000280016,臺南市歸仁區,西埔里,726,1951
67000280017,臺南市歸仁區,大廟里,1388,3602
67000280018,臺南市歸仁區,南興里,1768,4973
67000280019,臺南市歸仁區,新厝里,1066,2732
67000280020,臺南市歸仁區,歸南里,943,2498
67000280021,臺南市歸仁區,文化里,1205,3374
67000290001,臺南市關廟區,關廟里,1048,2644
67000290002,臺南市關廟區,山西里,856,2283
67000290003,臺南市關廟區,香洋里,1315,3210
67000290004,臺南市關廟區,北勢里,1054,2825
67000290005,臺南市關廟區,新埔里,664,1524
67000290006,臺南市關廟區,新光里,283,645
67000290007,臺南市關廟區,五甲里,1303,3551
67000290008,臺南市關廟區,東勢里,1184,3298
67000290009,臺南市關廟區,松腳里,765,2076
67000290012,臺南市關廟區,深坑里,665,1714
67000290013,臺南市關廟區,布袋里,453,1201
67000290016,臺南市關廟區,埤頭里,884,2203
67000290017,臺南市關廟區,下湖里,184,452
67000290018,臺南市關廟區,花園里,1455,3894
67000290020,臺南市關廟區,龜洞里,550,1457
67000300001,臺南市龍崎區,崎頂里,413,927
67000300002,臺南市龍崎區,土崎里,239,535
67000300003,臺南市龍崎區,中坑里,65,127
67000300004,臺南市龍崎區,楠坑里,139,365
67000300005,臺南市龍崎區,牛埔里,114,243
67000300006,臺南市龍崎區,大坪里,112,236
67000300007,臺南市龍崎區,龍船里,170,362
67000300008,臺南市龍崎區,石𥕢里,165,372
67000310001,臺南市永康區,五王里,3024,6507
67000310002,臺南市永康區,網寮里,3376,8194
67000310003,臺南市永康區,永康里,5020,10876
67000310004,臺南市永康區,埔園里,3595,9247
67000310005,臺南市永康區,大橋里,2537,6258
67000310006,臺南市永康區,王行里,950,2736
67000310007,臺南市永康區,烏竹里,1434,3746
67000310008,臺南市永康區,蔦松里,843,2179
67000310009,臺南市永康區,三民里,783,1866
67000310010,臺南市永康區,塩行里,2649,5877
67000310011,臺南市永康區,甲頂里,951,2326
67000310012,臺南市永康區,大灣里,1516,3906
67000310013,臺南市永康區,東灣里,1472,3906
67000310014,臺南市永康區,西灣里,3454,8746
67000310015,臺南市永康區,南灣里,1730,4311
67000310016,臺南市永康區,崑山里,2618,6547
67000310017,臺南市永康區,北灣里,1771,4861
67000310018,臺南市永康區,新樹里,882,2404
67000310019,臺南市永康區,復興里,949,1954
67000310020,臺南市永康區,復國里,4144,9438
67000310021,臺南市永康區,建國里,1224,2346
67000310022,臺南市永康區,神洲里,718,1464
67000310023,臺南市永康區,西勢里,2734,7266
67000310024,臺南市永康區,成功里,1156,2356
67000310025,臺南市永康區,中興里,1466,3491
67000310026,臺南市永康區,勝利里,4335,8976
67000310027,臺南市永康區,龍潭里,2744,7217
67000310028,臺南市永康區,光復里,895,1444
67000310029,臺南市永康區,塩洲里,2662,6732
67000310030,臺南市永康區,二王里,3516,8775
67000310031,臺南市永康區,六合里,3173,6473
67000310032,臺南市永康區,三合里,1596,3862
67000310033,臺南市永康區,東橋里,5379,11016
67000310034,臺南市永康區,安康里,2668,5751
67000310035,臺南市永康區,西橋里,1448,3415
67000310036,臺南市永康區,尚頂里,2014,4418
67000310037,臺南市永康區,復華里,4301,10532
67000310038,臺南市永康區,正強里,3342,8766
67000310039,臺南市永康區,中華里,1530,3052
67000310040,臺南市永康區,北興里,2440,6557
67000310041,臺南市永康區,龍埔里,2036,5239
67000310042,臺南市永康區,永明里,2105,5398
67000310043,臺南市永康區,塩興里,2472,5374
67000320001,臺南市東區,富裕里,1044,2293
67000320002,臺南市東區,裕農里,1482,3346
67000320003,臺南市東區,大智里,2968,7323
67000320004,臺南市東區,崇學里,1331,3044
67000320005,臺南市東區,泉南里,2409,4937
67000320006,臺南市東區,仁和里,2305,5118
67000320007,臺南市東區,後甲里,1541,3545
67000320008,臺南市東區,東光里,2502,5778
67000320009,臺南市東區,新東里,1160,2439
67000320010,臺南市東區,中西里,1632,3464
67000320011,臺南市東區,東安里,716,1497
67000320012,臺南市東區,崇明里,2026,4533
67000320013,臺南市東區,自強里,2956,6455
67000320014,臺南市東區,和平里,2853,6202
67000320015,臺南市東區,路東里,907,1731
67000320016,臺南市東區,大德里,770,1541
67000320017,臺南市東區,關聖里,2081,5593
67000320018,臺南市東區,衛國里,863,1771
67000320019,臺南市東區,崇善里,2549,5895
67000320020,臺南市東區,富強里,2112,4954
67000320021,臺南市東區,圍下里,973,1982
67000320022,臺南市東區,小東里,2221,4999
67000320023,臺南市東區,大學里,527,1078
67000320024,臺南市東區,龍山里,2686,5294
67000320025,臺南市東區,虎尾里,2453,6293
67000320026,臺南市東區,德高里,1944,4300
67000320027,臺南市東區,莊敬里,1915,4236
67000320028,臺南市東區,大福里,785,1646
67000320029,臺南市東區,忠孝里,2082,4290
67000320030,臺南市東區,崇誨里,1291,2635
67000320031,臺南市東區,東明里,1581,3524
67000320032,臺南市東區,崇德里,1967,4960
67000320033,臺南市東區,東智里,2757,5307
67000320034,臺南市東區,東聖里,1184,2484
67000320035,臺南市東區,崇成里,1355,3258
67000320036,臺南市東區,東門里,889,1844
67000320037,臺南市東區,成大里,1099,2118
67000320038,臺南市東區,大同里,1499,2957
67000320039,臺南市東區,德光里,1939,4318
67000320040,臺南市東區,崇信里,2472,4793
67000320041,臺南市東區,崇文里,2763,6882
67000320042,臺南市東區,復興里,1482,3917
67000320043,臺南市東區,裕聖里,2265,6416
67000320044,臺南市東區,南聖里,1207,3166
67000320045,臺南市東區,文聖里,2048,5528
67000330001,臺南市南區,竹溪里,839,1732
67000330003,臺南市南區,明德里,964,1750
67000330004,臺南市南區,大成里,1368,2463
67000330005,臺南市南區,廣州里,963,2191
67000330006,臺南市南區,新昌里,1142,2322
67000330007,臺南市南區,新興里,1225,2742
67000330008,臺南市南區,田寮里,1469,3328
67000330009,臺南市南區,國宅里,1296,2973
67000330011,臺南市南區,光明里,1868,4300
67000330013,臺南市南區,明亮里,1531,3863
67000330014,臺南市南區,喜東里,883,2293
67000330015,臺南市南區,喜北里,851,2316
67000330016,臺南市南區,喜南里,477,1185
67000330017,臺南市南區,省躬里,1915,4848
67000330018,臺南市南區,興農里,1794,3943
67000330019,臺南市南區,同安里,866,2390
67000330020,臺南市南區,佛壇里,938,2774
67000330021,臺南市南區,大林里,1176,2405
67000330022,臺南市南區,大忠里,2054,4664
67000330023,臺南市南區,大恩里,1555,3576
67000330024,臺南市南區,新生里,2040,3694
67000330025,臺南市南區,再興里,1031,2405
67000330026,臺南市南區,明興里,1337,3418
67000330027,臺南市南區,文華里,1386,3250
67000330028,臺南市南區,金華里,2248,5168
67000330029,臺南市南區,南都里,1493,2962
67000330030,臺南市南區,開南里,2637,6135
67000330031,臺南市南區,彰南里,643,1462
67000330032,臺南市南區,建南里,2098,5510
67000330033,臺南市南區,郡南里,1521,3849
67000330034,臺南市南區,府南里,2072,5302
67000330035,臺南市南區,文南里,2226,5306
67000330036,臺南市南區,鯤鯓里,685,1785
67000330037,臺南市南區,松安里,647,1879
67000330038,臺南市南區,永寧里,632,1748
67000330039,臺南市南區,南華里,1105,2558
67000330040,臺南市南區,鹽埕里,1571,3799
67000340001,臺南市北區,開元里,1503,3298
67000340004,臺南市北區,東興里,977,2283
67000340005,臺南市北區,力行里,1103,2442
67000340007,臺南市北區,振興里,931,1924
67000340008,臺南市北區,仁愛里,1215,2328
67000340018,臺南市北區,大豐里,1879,4442
67000340019,臺南市北區,重興里,1320,2490
67000340020,臺南市北區,和順里,2579,5757
67000340023,臺南市北區,正覺里,1409,3078
67000340024,臺南市北區,成功里,2209,5405
67000340025,臺南市北區,文元里,1568,4108
67000340026,臺南市北區,大港里,2257,5734
67000340032,臺南市北區,中樓里,750,1441
67000340033,臺南市北區,公園里,1214,2075
67000340038,臺南市北區,元寶里,2947,5101
67000340039,臺南市北區,永祥里,1349,3199
67000340040,臺南市北區,成德里,2193,5529
67000340041,臺南市北區,文成里,1349,3335
67000340042,臺南市北區,大和里,1478,3909
67000340043,臺南市北區,賢北里,1568,4013
67000340044,臺南市北區,長勝里,2004,3955
67000340045,臺南市北區,合興里,1651,3517
67000340046,臺南市北區,北門里,2489,5479
67000340047,臺南市北區,小北里,1819,4031
67000340048,臺南市北區,大光里,2541,5081
67000340049,臺南市北區,大興里,1444,3089
67000340050,臺南市北區,長興里,1357,2868
67000340051,臺南市北區,北華里,1662,3469
67000340052,臺南市北區,華德里,1999,5041
67000340053,臺南市北區,福德里,2889,7042
67000340054,臺南市北區,立人里,1444,2917
67000340055,臺南市北區,雙安里,1137,2555
67000340056,臺南市北區,元美里,1918,4216
67000350001,臺南市安南區,東和里,2029,4369
67000350002,臺南市安南區,安順里,2307,6065
67000350003,臺南市安南區,󻕯南里,1875,5459
67000350004,臺南市安南區,州南里,2374,6407
67000350005,臺南市安南區,州北里,1801,5306
67000350006,臺南市安南區,安東里,1248,3256
67000350007,臺南市安南區,安西里,1790,4319
67000350008,臺南市安南區,頂安里,2373,5880
67000350009,臺南市安南區,安慶里,3052,7500
67000350010,臺南市安南區,新順里,3004,7976
67000350011,臺南市安南區,原佃里,1053,2671
67000350012,臺南市安南區,總頭里,734,1948
67000350013,臺南市安南區,長安里,2117,5712
67000350014,臺南市安南區,公親里,429,1243
67000350015,臺南市安南區,海東里,2583,6779
67000350016,臺南市安南區,海西里,1163,3155
67000350017,臺南市安南區,海南里,1874,4232
67000350018,臺南市安南區,溪心里,4088,9967
67000350019,臺南市安南區,塩田里,760,1836
67000350020,臺南市安南區,淵東里,2126,5903
67000350021,臺南市安南區,淵西里,1810,4996
67000350022,臺南市安南區,佃東里,1521,3920
67000350023,臺南市安南區,佃西里,1022,2592
67000350024,臺南市安南區,公󻕯里,416,1150
67000350025,臺南市安南區,南興里,876,2137
67000350026,臺南市安南區,學東里,1432,3475
67000350027,臺南市安南區,城東里,644,1770
67000350028,臺南市安南區,城北里,611,1698
67000350029,臺南市安南區,城中里,391,1146
67000350030,臺南市安南區,城南里,1344,3811
67000350031,臺南市安南區,城西里,546,1593
67000350032,臺南市安南區,青草里,506,1635
67000350033,臺南市安南區,砂崙里,473,1458
67000350035,臺南市安南區,鹿耳里,329,908
67000350036,臺南市安南區,四草里,672,2026
67000350037,臺南市安南區,安和里,939,2393
67000350038,臺南市安南區,溪北里,1215,2959
67000350039,臺南市安南區,溪頂里,1912,5040
67000350040,臺南市安南區,溪墘里,1284,3437
67000350041,臺南市安南區,海佃里,1726,4923
67000350042,臺南市安南區,幸福里,1520,4153
67000350043,臺南市安南區,鳳凰里,2198,5021
67000350044,臺南市安南區,梅花里,2072,4920
67000350045,臺南市安南區,理想里,1855,5023
67000350046,臺南市安南區,溪東里,2342,5796
67000350047,臺南市安南區,淵中里,1509,3955
67000350048,臺南市安南區,布袋里,863,2073
67000350049,臺南市安南區,國安里,3731,8076
67000350050,臺南市安南區,安富里,2530,6577
67000350051,臺南市安南區,大安里,1887,4579
67000350052,臺南市安南區,媽祖宮里,507,1523
67000360002,臺南市安平區,金城里,1020,2376
67000360004,臺南市安平區,漁光里,193,411
67000360005,臺南市安平區,建平里,3008,6578
67000360006,臺南市安平區,怡平里,2422,5258
67000360007,臺南市安平區,華平里,2463,5587
67000360008,臺南市安平區,平通里,4306,9049
67000360009,臺南市安平區,文平里,2836,6413
67000360010,臺南市安平區,國平里,6747,12647
67000360011,臺南市安平區,育平里,4636,10038
67000360012,臺南市安平區,億載里,1548,3916
67000360015,臺南市安平區,平安里,1507,3386
67000360016,臺南市安平區,天妃里,1374,3267
67000360017,臺南市安平區,王城里,1137,3012
67000370005,臺南市中西區,赤嵌里,2089,4496
67000370007,臺南市中西區,郡王里,1662,3917
67000370009,臺南市中西區,法華里,1501,3636
67000370011,臺南市中西區,開山里,1298,2989
67000370016,臺南市中西區,永華里,1445,3240
67000370022,臺南市中西區,藥王里,1584,3262
67000370025,臺南市中西區,光賢里,1601,3900
67000370031,臺南市中西區,大涼里,1434,3046
67000370033,臺南市中西區,西湖里,3054,6864
67000370034,臺南市中西區,西賢里,2197,5455
67000370039,臺南市中西區,城隍里,2261,4586
67000370040,臺南市中西區,南美里,1699,3727
67000370041,臺南市中西區,南門里,1379,3091
67000370042,臺南市中西區,小西門里,1639,3449
67000370043,臺南市中西區,五條港里,988,1929
67000370044,臺南市中西區,兌悅里,2015,4040
67000370045,臺南市中西區,淺草里,1557,2722
67000370046,臺南市中西區,府前里,1079,1988
67000370047,臺南市中西區,南廠里,1930,3886
67000370048,臺南市中西區,西和里,2157,4498
64000010001,高雄市鹽埕區,藍橋里,598,1296
64000010004,高雄市鹽埕區,壽星里,787,1323
64000010005,高雄市鹽埕區,中山里,730,1412
64000010006,高雄市鹽埕區,教仁里,955,1939
64000010007,高雄市鹽埕區,新樂里,382,793
64000010008,高雄市鹽埕區,中原里,283,565
64000010009,高雄市鹽埕區,光明里,895,1473
64000010010,高雄市鹽埕區,育仁里,412,806
64000010011,高雄市鹽埕區,河濱里,755,1538
64000010012,高雄市鹽埕區,沙地里,274,636
64000010013,高雄市鹽埕區,南端里,476,965
64000010014,高雄市鹽埕區,港都里,562,1056
64000010015,高雄市鹽埕區,江西里,472,993
64000010016,高雄市鹽埕區,新豐里,448,882
64000010017,高雄市鹽埕區,府北里,1343,2270
64000010018,高雄市鹽埕區,陸橋里,517,1064
64000010019,高雄市鹽埕區,瀨南里,272,524
64000010020,高雄市鹽埕區,新化里,254,561
64000010021,高雄市鹽埕區,江南里,293,616
64000010022,高雄市鹽埕區,北端里,462,922
64000020001,高雄市鼓山區,鼓峰里,969,1935
64000020002,高雄市鼓山區,雄峰里,1036,2011
64000020003,高雄市鼓山區,前峰里,1950,4113
64000020004,高雄市鼓山區,光榮里,1591,3704
64000020005,高雄市鼓山區,民族里,578,1317
64000020006,高雄市鼓山區,內惟里,499,1046
64000020007,高雄市鼓山區,建國里,1059,2471
64000020008,高雄市鼓山區,忠正里,1709,3804
64000020009,高雄市鼓山區,自強里,326,642
64000020010,高雄市鼓山區,龍井里,544,1195
64000020011,高雄市鼓山區,正德里,903,2030
64000020012,高雄市鼓山區,平和里,1537,3593
64000020013,高雄市鼓山區,民強里,1086,2539
64000020014,高雄市鼓山區,厚生里,1432,3165
64000020015,高雄市鼓山區,龍子里,9407,20947
64000020017,高雄市鼓山區,明誠里,9291,20568
64000020018,高雄市鼓山區,華豐里,1908,3991
64000020019,高雄市鼓山區,裕興里,1625,3450
64000020020,高雄市鼓山區,裕豐里,1213,2452
64000020021,高雄市鼓山區,鼓岩里,531,1142
64000020022,高雄市鼓山區,樹德里,456,1113
64000020023,高雄市鼓山區,寶樹里,1341,2034
64000020024,高雄市鼓山區,興宗里,600,1222
64000020025,高雄市鼓山區,光化里,612,1251
64000020026,高雄市鼓山區,山下里,681,1328
64000020027,高雄市鼓山區,河邊里,511,1099
64000020028,高雄市鼓山區,綠川里,625,1391
64000020029,高雄市鼓山區,登山里,294,559
64000020030,高雄市鼓山區,峰南里,366,749
64000020031,高雄市鼓山區,麗興里,443,907
64000020032,高雄市鼓山區,新民里,433,924
64000020033,高雄市鼓山區,延平里,318,712
64000020034,高雄市鼓山區,維生里,540,1180
64000020035,高雄市鼓山區,惠安里,484,1080
64000020036,高雄市鼓山區,壽山里,564,1287
64000020037,高雄市鼓山區,哨船頭里,473,922
64000020038,高雄市鼓山區,桃源里,244,501
64000020039,高雄市鼓山區,南美術館里,7559,16336
64000020040,高雄市鼓山區,北美術館里,9181,19480
64000030001,高雄市左營區,進學里,1809,2661
64000030002,高雄市左營區,尾西里,466,969
64000030003,高雄市左營區,頂北里,251,500
64000030004,高雄市左營區,中北里,488,1001
64000030006,高雄市左營區,廟東里,357,774
64000030007,高雄市左營區,廟北里,396,791
64000030008,高雄市左營區,尾南里,337,666
64000030009,高雄市左營區,尾北里,1796,3555
64000030011,高雄市左營區,屏山里,998,1870
64000030013,高雄市左營區,永清里,608,1816
64000030015,高雄市左營區,莒光里,776,1751
64000030016,高雄市左營區,光輝里,1210,2598
64000030017,高雄市左營區,合群里,1479,2872
64000030019,高雄市左營區,明建里,525,975
64000030021,高雄市左營區,頂西里,423,889
64000030022,高雄市左營區,聖后里,338,726
64000030025,高雄市左營區,城南里,214,439
64000030026,高雄市左營區,路東里,304,675
64000030029,高雄市左營區,埤西里,408,824
64000030030,高雄市左營區,埤北里,681,1178
64000030031,高雄市左營區,埤東里,439,835
64000030032,高雄市左營區,海勝里,2758,5793
64000030034,高雄市左營區,崇實里,2550,4765
64000030035,高雄市左營區,自助里,2142,3285
64000030036,高雄市左營區,果貿里,1581,2929
64000030037,高雄市左營區,果惠里,763,1447
64000030038,高雄市左營區,果峰里,815,1528
64000030039,高雄市左營區,新下里,7681,16312
64000030040,高雄市左營區,新上里,6378,14852
64000030041,高雄市左營區,新中里,2003,5192
64000030042,高雄市左營區,新光里,6889,16329
64000030043,高雄市左營區,菜公里,5723,14242
64000030044,高雄市左營區,福山里,6803,16549
64000030045,高雄市左營區,福愛里,5363,10798
64000030046,高雄市左營區,福華里,2042,4905
64000030047,高雄市左營區,福榮里,5284,13024
64000030048,高雄市左營區,新超里,7107,14759
64000030049,高雄市左營區,菜福里,4814,10956
64000030050,高雄市左營區,高鐵里,4095,9587
64000030051,高雄市左營區,廍後里,449,948
64000030052,高雄市左營區,崇聖里,369,787
64000040001,高雄市楠梓區,清豐里,6878,16477
64000040002,高雄市楠梓區,東寧里,2540,6110
64000040003,高雄市楠梓區,五常里,3298,7723
64000040004,高雄市楠梓區,享平里,1623,3640
64000040005,高雄市楠梓區,中陽里,1797,3909
64000040006,高雄市楠梓區,惠楠里,1987,3628
64000040007,高雄市楠梓區,惠民里,2794,5660
64000040008,高雄市楠梓區,惠豐里,2716,5612
64000040009,高雄市楠梓區,錦屏里,1189,2801
64000040010,高雄市楠梓區,玉屏里,780,2026
64000040011,高雄市楠梓區,金田里,2731,5243
64000040012,高雄市楠梓區,稔田里,703,1620
64000040013,高雄市楠梓區,瑞屏里,2226,4389
64000040014,高雄市楠梓區,翠屏里,8494,18144
64000040016,高雄市楠梓區,宏毅里,1213,2961
64000040017,高雄市楠梓區,宏榮里,1140,2924
64000040018,高雄市楠梓區,廣昌里,1285,3118
64000040019,高雄市楠梓區,久昌里,1362,3137
64000040020,高雄市楠梓區,大昌里,932,2216
64000040021,高雄市楠梓區,福昌里,974,2361
64000040022,高雄市楠梓區,盛昌里,2255,6026
64000040023,高雄市楠梓區,泰昌里,624,1548
64000040024,高雄市楠梓區,興昌里,2007,4969
64000040025,高雄市楠梓區,建昌里,1201,2687
64000040026,高雄市楠梓區,宏昌里,1580,3707
64000040027,高雄市楠梓區,和昌里,919,1995
64000040028,高雄市楠梓區,慶昌里,1432,3343
64000040029,高雄市楠梓區,隆昌里,1537,3413
64000040030,高雄市楠梓區,秀昌里,990,2231
64000040031,高雄市楠梓區,裕昌里,2382,5590
64000040032,高雄市楠梓區,國昌里,1521,3911
64000040033,高雄市楠梓區,加昌里,4084,9381
64000040034,高雄市楠梓區,仁昌里,2761,5979
64000040035,高雄市楠梓區,藍田里,6197,12912
64000040036,高雄市楠梓區,中興里,1544,3218
64000040037,高雄市楠梓區,中和里,4414,8804
64000040038,高雄市楠梓區,清翔里,4592,11748
64000050001,高雄市三民區,鼎金里,1811,4134
64000050002,高雄市三民區,鼎盛里,3602,8632
64000050003,高雄市三民區,鼎強里,1742,4277
64000050004,高雄市三民區,鼎力里,1840,4312
64000050005,高雄市三民區,鼎西里,3504,7694
64000050006,高雄市三民區,鼎中里,1981,4227
64000050007,高雄市三民區,鼎泰里,10853,25024
64000050008,高雄市三民區,本館里,4112,9036
64000050009,高雄市三民區,本和里,3318,7712
64000050010,高雄市三民區,本文里,907,1958
64000050011,高雄市三民區,本武里,801,1916
64000050012,高雄市三民區,本元里,2372,5877
64000050013,高雄市三民區,本安里,1919,5204
64000050014,高雄市三民區,本上里,2271,5984
64000050015,高雄市三民區,本揚里,3518,8987
64000050016,高雄市三民區,寶獅里,1655,3586
64000050017,高雄市三民區,寶德里,2495,5387
64000050018,高雄市三民區,寶泰里,2047,4222
64000050019,高雄市三民區,寶興里,3313,6981
64000050020,高雄市三民區,寶中里,1242,2953
64000050021,高雄市三民區,寶華里,1530,3505
64000050022,高雄市三民區,寶國里,3849,9233
64000050023,高雄市三民區,寶民里,1794,3883
64000050024,高雄市三民區,寶慶里,1271,2944
64000050025,高雄市三民區,寶業里,3129,7307
64000050026,高雄市三民區,寶盛里,2404,5138
64000050027,高雄市三民區,寶安里,3595,7519
64000050028,高雄市三民區,寶龍里,1850,4233
64000050029,高雄市三民區,寶珠里,4757,7973
64000050030,高雄市三民區,寶玉里,3989,9517
64000050031,高雄市三民區,灣子里,2014,4163
64000050032,高雄市三民區,灣愛里,1434,3036
64000050033,高雄市三民區,灣中里,2927,5656
64000050034,高雄市三民區,灣華里,1412,2737
64000050035,高雄市三民區,灣勝里,836,1820
64000050036,高雄市三民區,灣利里,1420,3064
64000050037,高雄市三民區,灣復里,2001,3721
64000050038,高雄市三民區,正興里,6191,13744
64000050039,高雄市三民區,正順里,1927,4060
64000050040,高雄市三民區,灣興里,811,2008
64000050041,高雄市三民區,灣成里,1764,3534
64000050042,高雄市三民區,安康里,1268,2684
64000050043,高雄市三民區,安寧里,876,1695
64000050044,高雄市三民區,安吉里,2722,5496
64000050045,高雄市三民區,安發里,2187,4850
64000050046,高雄市三民區,安東里,1622,3352
64000050047,高雄市三民區,安和里,1260,2730
64000050048,高雄市三民區,達德里,571,1264
64000050049,高雄市三民區,達明里,781,1663
64000050050,高雄市三民區,達仁里,644,1462
64000050051,高雄市三民區,達勇里,462,922
64000050052,高雄市三民區,同德里,1298,2731
64000050053,高雄市三民區,德智里,1103,2352
64000050054,高雄市三民區,德仁里,939,1887
64000050055,高雄市三民區,安生里,1104,1941
64000050056,高雄市三民區,德東里,365,750
64000050057,高雄市三民區,德行里,464,1044
64000050058,高雄市三民區,精華里,728,1465
64000050059,高雄市三民區,民享里,879,1907
64000050060,高雄市三民區,安宜里,1400,3212
64000050061,高雄市三民區,安泰里,1867,3932
64000050062,高雄市三民區,安邦里,2305,4649
64000050063,高雄市三民區,十全里,784,1712
64000050064,高雄市三民區,十美里,836,1776
64000050065,高雄市三民區,德北里,1244,2472
64000050066,高雄市三民區,立誠里,452,847
64000050067,高雄市三民區,立業里,415,861
64000050068,高雄市三民區,港東里,806,1381
64000050069,高雄市三民區,港新里,937,1852
64000050070,高雄市三民區,港西里,524,816
64000050072,高雄市三民區,博愛里,640,1138
64000050073,高雄市三民區,博惠里,1976,4353
64000050074,高雄市三民區,長明里,532,1000
64000050075,高雄市三民區,建東里,855,1311
64000050076,高雄市三民區,興德里,1162,2082
64000050077,高雄市三民區,鳳南里,566,1067
64000050078,高雄市三民區,鳳北里,586,1250
64000050079,高雄市三民區,德西里,2091,3273
64000050081,高雄市三民區,豐裕里,1065,2386
64000050082,高雄市三民區,川東里,555,1186
64000050083,高雄市三民區,裕民里,621,1407
64000050084,高雄市三民區,力行里,453,1046
64000050085,高雄市三民區,千歲里,547,1113
64000050086,高雄市三民區,立德里,602,1202
64000050087,高雄市三民區,千北里,454,1033
64000050088,高雄市三民區,千秋里,943,1955
64000060001,高雄市新興區,浩然里,953,1792
64000060002,高雄市新興區,振成里,567,985
64000060003,高雄市新興區,德生里,1561,3151
64000060004,高雄市新興區,振華里,536,1022
64000060005,高雄市新興區,正氣里,683,1296
64000060006,高雄市新興區,德政里,339,644
64000060007,高雄市新興區,仁聲里,700,1167
64000060008,高雄市新興區,德望里,980,1897
64000060009,高雄市新興區,華聲里,477,912
64000060010,高雄市新興區,蕉園里,350,730
64000060011,高雄市新興區,永寧里,780,1443
64000060012,高雄市新興區,玉衡里,812,1181
64000060013,高雄市新興區,順昌里,1343,2837
64000060014,高雄市新興區,文昌里,1611,3643
64000060015,高雄市新興區,光耀里,1161,2667
64000060016,高雄市新興區,興昌里,779,1785
64000060017,高雄市新興區,開平里,2030,4487
64000060018,高雄市新興區,成功里,794,1413
64000060019,高雄市新興區,新江里,613,1106
64000060020,高雄市新興區,黎明里,457,826
64000060021,高雄市新興區,愛平里,564,1017
64000060022,高雄市新興區,南港里,1065,2076
64000060023,高雄市新興區,中東里,1677,3158
64000060024,高雄市新興區,明莊里,400,724
64000060025,高雄市新興區,大明里,610,1115
64000060026,高雄市新興區,秋山里,673,1079
64000060027,高雄市新興區,長驛里,560,961
64000060028,高雄市新興區,建興里,585,1030
64000060029,高雄市新興區,建華里,535,893
64000060030,高雄市新興區,漢民里,396,771
64000060031,高雄市新興區,榮治里,366,718
64000060032,高雄市新興區,東坡里,630,1169
64000070001,高雄市前金區,三川里,607,1035
64000070002,高雄市前金區,草江里,925,1582
64000070003,高雄市前金區,長城里,723,1388
64000070004,高雄市前金區,北金里,438,823
64000070005,高雄市前金區,東金里,562,1012
64000070006,高雄市前金區,新生里,2096,3969
64000070007,高雄市前金區,後金里,286,590
64000070008,高雄市前金區,長興里,815,1354
64000070009,高雄市前金區,青山里,1311,2207
64000070010,高雄市前金區,民生里,551,937
64000070011,高雄市前金區,復元里,578,1100
64000070012,高雄市前金區,林投里,629,1110
64000070013,高雄市前金區,國民里,546,988
64000070014,高雄市前金區,社東里,797,1546
64000070015,高雄市前金區,社西里,1147,1741
64000070016,高雄市前金區,博孝里,545,1015
64000070017,高雄市前金區,長生里,991,1830
64000070018,高雄市前金區,榮復里,554,1058
64000070019,高雄市前金區,文西里,566,1016
64000070020,高雄市前金區,文東里,592,1133
64000080001,高雄市苓雅區,博仁里,363,683
64000080002,高雄市苓雅區,苓洲里,956,1693
64000080003,高雄市苓雅區,苓昇里,553,1144
64000080004,高雄市苓雅區,苓中里,845,1679
64000080005,高雄市苓雅區,苓雅里,803,1483
64000080006,高雄市苓雅區,苓東里,756,1459
64000080007,高雄市苓雅區,城北里,1281,2200
64000080008,高雄市苓雅區,城西里,431,726
64000080009,高雄市苓雅區,城東里,1065,1974
64000080010,高雄市苓雅區,意誠里,2580,4429
64000080011,高雄市苓雅區,鼓中里,426,912
64000080012,高雄市苓雅區,田西里,901,1568
64000080013,高雄市苓雅區,人和里,957,1803
64000080014,高雄市苓雅區,仁政里,652,1225
64000080015,高雄市苓雅區,廣澤里,810,1740
64000080016,高雄市苓雅區,美田里,527,1123
64000080017,高雄市苓雅區,華堂里,1542,2976
64000080018,高雄市苓雅區,日中里,1040,2119
64000080019,高雄市苓雅區,普照里,1696,3231
64000080020,高雄市苓雅區,和煦里,885,1901
64000080021,高雄市苓雅區,晴朗里,1923,3060
64000080022,高雄市苓雅區,普天里,2027,3991
64000080023,高雄市苓雅區,林富里,1159,2907
64000080024,高雄市苓雅區,林圍里,1121,2733
64000080025,高雄市苓雅區,林安里,950,2132
64000080026,高雄市苓雅區,光華里,311,680
64000080027,高雄市苓雅區,林興里,614,1247
64000080028,高雄市苓雅區,林華里,1221,2693
64000080029,高雄市苓雅區,林西里,756,1532
64000080030,高雄市苓雅區,林中里,1420,2844
64000080031,高雄市苓雅區,林泉里,946,2243
64000080032,高雄市苓雅區,林南里,1504,3463
64000080033,高雄市苓雅區,中正里,1383,3360
64000080034,高雄市苓雅區,尚義里,896,1975
64000080035,高雄市苓雅區,同慶里,1084,2884
64000080036,高雄市苓雅區,凱旋里,1072,2499
64000080037,高雄市苓雅區,安祥里,1588,3344
64000080038,高雄市苓雅區,奏捷里,704,1667
64000080039,高雄市苓雅區,福壽里,605,1331
64000080040,高雄市苓雅區,福南里,808,1663
64000080041,高雄市苓雅區,五權里,1329,2513
64000080042,高雄市苓雅區,民主里,2440,4661
64000080043,高雄市苓雅區,林德里,868,1706
64000080044,高雄市苓雅區,林貴里,875,1949
64000080045,高雄市苓雅區,林榮里,2065,4417
64000080046,高雄市苓雅區,英明里,852,1838
64000080047,高雄市苓雅區,林靖里,800,1569
64000080048,高雄市苓雅區,朝陽里,634,1394
64000080049,高雄市苓雅區,福隆里,1456,2908
64000080050,高雄市苓雅區,福祥里,596,1289
64000080051,高雄市苓雅區,福海里,446,986
64000080052,高雄市苓雅區,福康里,835,1803
64000080053,高雄市苓雅區,福人里,914,2007
64000080054,高雄市苓雅區,福地里,1198,2543
64000080055,高雄市苓雅區,福居里,1116,2480
64000080056,高雄市苓雅區,福東里,1200,2658
64000080057,高雄市苓雅區,福西里,910,1870
64000080058,高雄市苓雅區,永康里,1030,2043
64000080059,高雄市苓雅區,正文里,1394,2669
64000080060,高雄市苓雅區,正言里,1649,3078
64000080061,高雄市苓雅區,正大里,2739,5500
64000080062,高雄市苓雅區,五福里,1787,3630
64000080063,高雄市苓雅區,正心里,1713,3568
64000080064,高雄市苓雅區,正道里,1905,4124
64000080065,高雄市苓雅區,正義里,1039,2438
64000080066,高雄市苓雅區,正仁里,1154,2487
64000080067,高雄市苓雅區,文昌里,1581,3613
64000080068,高雄市苓雅區,建軍里,835,2073
64000080069,高雄市苓雅區,衛武里,918,1836
64000090001,高雄市前鎮區,草衙里,4309,9950
64000090002,高雄市前鎮區,明孝里,1065,2407
64000090003,高雄市前鎮區,明正里,2621,5590
64000090004,高雄市前鎮區,明義里,1101,2452
64000090005,高雄市前鎮區,仁愛里,682,1268
64000090006,高雄市前鎮區,德昌里,892,1870
64000090007,高雄市前鎮區,平等里,2136,3341
64000090008,高雄市前鎮區,平昌里,433,833
64000090009,高雄市前鎮區,明禮里,952,1794
64000090010,高雄市前鎮區,信義里,647,1317
64000090011,高雄市前鎮區,信德里,1093,2201
64000090012,高雄市前鎮區,明道里,550,1039
64000090013,高雄市前鎮區,興化里,367,591
64000090014,高雄市前鎮區,興仁里,355,646
64000090015,高雄市前鎮區,前鎮里,609,1260
64000090016,高雄市前鎮區,鎮東里,760,1607
64000090017,高雄市前鎮區,鎮榮里,973,2029
64000090018,高雄市前鎮區,鎮昌里,888,1970
64000090019,高雄市前鎮區,鎮海里,1974,4179
64000090020,高雄市前鎮區,鎮陽里,467,886
64000090021,高雄市前鎮區,興邦里,1579,3317
64000090022,高雄市前鎮區,鎮中里,483,836
64000090023,高雄市前鎮區,鎮北里,652,1097
64000090024,高雄市前鎮區,忠純里,2921,5721
64000090025,高雄市前鎮區,忠誠里,817,1687
64000090028,高雄市前鎮區,西山里,1714,3268
64000090029,高雄市前鎮區,民權里,1935,4245
64000090030,高雄市前鎮區,建隆里,862,1609
64000090031,高雄市前鎮區,振興里,1784,3049
64000090032,高雄市前鎮區,良和里,1401,2933
64000090033,高雄市前鎮區,西甲里,1449,2595
64000090034,高雄市前鎮區,盛興里,1704,2996
64000090035,高雄市前鎮區,盛豐里,1794,3323
64000090036,高雄市前鎮區,興中里,1554,3061
64000090037,高雄市前鎮區,興東里,2858,6245
64000090038,高雄市前鎮區,忠孝里,2156,4162
64000090039,高雄市前鎮區,復國里,1283,2648
64000090040,高雄市前鎮區,竹內里,1240,2838
64000090041,高雄市前鎮區,竹東里,1065,2179
64000090042,高雄市前鎮區,竹南里,3669,8048
64000090043,高雄市前鎮區,竹北里,1301,2754
64000090044,高雄市前鎮區,竹西里,1845,4246
64000090045,高雄市前鎮區,竹中里,1749,3728
64000090046,高雄市前鎮區,瑞竹里,1296,2632
64000090047,高雄市前鎮區,瑞南里,1963,5102
64000090048,高雄市前鎮區,瑞豐里,1195,2982
64000090049,高雄市前鎮區,瑞祥里,2044,5008
64000090050,高雄市前鎮區,瑞東里,1014,2452
64000090051,高雄市前鎮區,瑞和里,761,2042
64000090052,高雄市前鎮區,瑞平里,1480,3687
64000090053,高雄市前鎮區,瑞隆里,1481,3578
64000090054,高雄市前鎮區,瑞北里,1509,3303
64000090055,高雄市前鎮區,瑞西里,1165,2562
64000090056,高雄市前鎮區,瑞崗里,1158,2517
64000090057,高雄市前鎮區,瑞興里,1089,2566
64000090058,高雄市前鎮區,瑞誠里,1213,2666
64000090059,高雄市前鎮區,瑞文里,1089,2533
64000090060,高雄市前鎮區,瑞華里,1980,4572
64000090061,高雄市前鎮區,瑞昌里,1572,3348
64000100001,高雄市旗津區,旗下里,468,1118
64000100002,高雄市旗津區,永安里,445,1041
64000100003,高雄市旗津區,振興里,612,1456
64000100004,高雄市旗津區,慈愛里,871,2248
64000100005,高雄市旗津區,復興里,1197,3028
64000100006,高雄市旗津區,中華里,605,1541
64000100007,高雄市旗津區,實踐里,694,1477
64000100008,高雄市旗津區,北汕里,1098,2645
64000100009,高雄市旗津區,南汕里,924,2015
64000100010,高雄市旗津區,上竹里,1287,2787
64000100011,高雄市旗津區,中洲里,868,1722
64000100012,高雄市旗津區,安順里,398,804
64000100013,高雄市旗津區,中興里,1027,2581
64000110001,高雄市小港區,小港里,1066,2346
64000110002,高雄市小港區,港口里,1549,3283
64000110003,高雄市小港區,港正里,1191,2709
64000110004,高雄市小港區,港墘里,824,1810
64000110005,高雄市小港區,港明里,1386,3229
64000110006,高雄市小港區,港后里,1192,2833
64000110007,高雄市小港區,港南里,2185,4083
64000110008,高雄市小港區,港興里,1091,2364
64000110009,高雄市小港區,鳳宮里,1385,3050
64000110010,高雄市小港區,店鎮里,3006,6166
64000110011,高雄市小港區,大苓里,1240,2642
64000110012,高雄市小港區,二苓里,1888,3826
64000110013,高雄市小港區,三苓里,1424,2867
64000110014,高雄市小港區,正苓里,2037,4258
64000110015,高雄市小港區,順苓里,2469,5078
64000110016,高雄市小港區,六苓里,1184,2916
64000110017,高雄市小港區,宏亮里,1494,3513
64000110018,高雄市小港區,山東里,1590,3230
64000110019,高雄市小港區,青島里,1212,2390
64000110020,高雄市小港區,濟南里,2068,4392
64000110021,高雄市小港區,泰山里,1535,3544
64000110022,高雄市小港區,山明里,5783,13494
64000110023,高雄市小港區,高松里,2409,5449
64000110024,高雄市小港區,松金里,1514,3197
64000110025,高雄市小港區,松山里,1863,3876
64000110026,高雄市小港區,大坪里,1311,3450
64000110027,高雄市小港區,坪頂里,3086,7662
64000110028,高雄市小港區,孔宅里,2569,5695
64000110029,高雄市小港區,廈莊里,2567,5414
64000110030,高雄市小港區,合作里,1327,3127
64000110031,高雄市小港區,桂林里,3713,8680
64000110032,高雄市小港區,中厝里,1733,4064
64000110033,高雄市小港區,鳳鳴里,1865,3188
64000110034,高雄市小港區,龍鳳里,2042,3238
64000110035,高雄市小港區,鳳森里,1454,2316
64000110036,高雄市小港區,鳳林里,2006,3116
64000110037,高雄市小港區,鳳興里,1670,2626
64000110038,高雄市小港區,鳳源里,2409,3818
64000120002,高雄市鳳山區,成功里,521,1010
64000120003,高雄市鳳山區,光明里,628,1347
64000120004,高雄市鳳山區,興中里,437,1045
64000120005,高雄市鳳山區,南興里,443,953
64000120006,高雄市鳳山區,和德里,1736,3704
64000120007,高雄市鳳山區,鳳崗里,537,1098
64000120008,高雄市鳳山區,中和里,1558,3432
64000120009,高雄市鳳山區,鎮北里,6198,12536
64000120010,高雄市鳳山區,縣衙里,434,877
64000120011,高雄市鳳山區,文英里,1729,3899
64000120012,高雄市鳳山區,鎮西里,2305,5074
64000120013,高雄市鳳山區,鎮東里,1300,2735
64000120014,高雄市鳳山區,埤頂里,2778,6605
64000120015,高雄市鳳山區,中正里,2171,4677
64000120016,高雄市鳳山區,鎮南里,2343,5100
64000120017,高雄市鳳山區,老爺里,3113,7271
64000120018,高雄市鳳山區,瑞竹里,2554,6020
64000120019,高雄市鳳山區,忠義里,2229,4770
64000120020,高雄市鳳山區,誠義里,1730,4204
64000120021,高雄市鳳山區,新興里,2641,3747
64000120022,高雄市鳳山區,海光里,1296,3104
64000120024,高雄市鳳山區,忠誠里,1960,4424
64000120025,高雄市鳳山區,新甲里,1456,3369
64000120026,高雄市鳳山區,武漢里,2323,5391
64000120027,高雄市鳳山區,正義里,2804,6540
64000120028,高雄市鳳山區,一甲里,1464,3316
64000120029,高雄市鳳山區,福興里,2561,6373
64000120030,高雄市鳳山區,東門里,2853,6185
64000120031,高雄市鳳山區,瑞興里,2343,5445
64000120032,高雄市鳳山區,天興里,1523,3683
64000120033,高雄市鳳山區,新強里,2384,6036
64000120034,高雄市鳳山區,國泰里,1882,3875
64000120035,高雄市鳳山區,鳳東里,3840,8790
64000120036,高雄市鳳山區,新富里,1896,4520
64000120037,高雄市鳳山區,國光里,1557,3310
64000120038,高雄市鳳山區,國隆里,1215,2475
64000120039,高雄市鳳山區,文德里,4883,10122
64000120040,高雄市鳳山區,過埤里,7941,18337
64000120041,高雄市鳳山區,曹公里,1048,2072
64000120042,高雄市鳳山區,興仁里,1604,3711
64000120043,高雄市鳳山區,五福里,1433,3455
64000120044,高雄市鳳山區,忠孝里,2680,5906
64000120045,高雄市鳳山區,生明里,1006,2256
64000120046,高雄市鳳山區,和興里,2080,5305
64000120047,高雄市鳳山區,協和里,1475,3431
64000120048,高雄市鳳山區,文山里,3090,6899
64000120049,高雄市鳳山區,福誠里,2877,6212
64000120050,高雄市鳳山區,誠德里,1264,2918
64000120051,高雄市鳳山區,三民里,562,1229
64000120053,高雄市鳳山區,北門里,1890,4410
64000120054,高雄市鳳山區,富甲里,793,1921
64000120055,高雄市鳳山區,南成里,5198,12575
64000120056,高雄市鳳山區,文華里,3963,9355
64000120057,高雄市鳳山區,大德里,2252,5357
64000120058,高雄市鳳山區,武松里,1263,2768
64000120059,高雄市鳳山區,文衡里,2274,4707
64000120060,高雄市鳳山區,文福里,5053,11243
64000120061,高雄市鳳山區,誠信里,1016,2204
64000120062,高雄市鳳山區,誠智里,1327,2938
64000120063,高雄市鳳山區,國富里,1201,2697
64000120064,高雄市鳳山區,武慶里,1063,2489
64000120065,高雄市鳳山區,海洋里,1768,4209
64000120066,高雄市鳳山區,新武里,1239,2896
64000120067,高雄市鳳山區,新樂里,1966,4890
64000120068,高雄市鳳山區,新泰里,1879,4631
64000120069,高雄市鳳山區,中崙里,1268,2533
64000120070,高雄市鳳山區,中榮里,2155,4699
64000120071,高雄市鳳山區,中民里,2168,4687
64000120072,高雄市鳳山區,二甲里,2221,5520
64000120073,高雄市鳳山區,龍成里,1397,3121
64000120074,高雄市鳳山區,富榮里,1063,2572
64000120075,高雄市鳳山區,善美里,2921,6349
64000120076,高雄市鳳山區,南和里,1183,2702
64000120077,高雄市鳳山區,福祥里,1292,3030
64000120078,高雄市鳳山區,保安里,3218,8521
64000130001,高雄市林園區,東林里,1476,3427
64000130002,高雄市林園區,林園里,1457,3524
64000130003,高雄市林園區,溪州里,2080,5178
64000130004,高雄市林園區,潭頭里,1112,2841
64000130005,高雄市林園區,中厝里,1236,3268
64000130006,高雄市林園區,中門里,1225,2751
64000130007,高雄市林園區,頂厝里,2442,5447
64000130008,高雄市林園區,港埔里,846,1926
64000130009,高雄市林園區,西溪里,1567,3718
64000130010,高雄市林園區,港嘴里,704,1838
64000130011,高雄市林園區,北汕里,799,1552
64000130012,高雄市林園區,林內里,876,2202
64000130013,高雄市林園區,王公里,2033,4694
64000130014,高雄市林園區,林家里,654,1446
64000130015,高雄市林園區,龔厝里,970,2231
64000130016,高雄市林園區,鳳芸里,829,1908
64000130017,高雄市林園區,中芸里,792,1897
64000130018,高雄市林園區,東汕里,422,839
64000130019,高雄市林園區,西汕里,375,719
64000130020,高雄市林園區,仁愛里,1338,3395
64000130021,高雄市林園區,文賢里,1134,2595
64000130022,高雄市林園區,廣應里,1571,3925
64000130023,高雄市林園區,五福里,1575,3456
64000130024,高雄市林園區,中汕里,1152,2195
64000140001,高雄市大寮區,拷潭里,617,1462
64000140002,高雄市大寮區,內坑里,3127,6931
64000140003,高雄市大寮區,大寮里,3543,8328
64000140004,高雄市大寮區,上寮里,1185,2887
64000140005,高雄市大寮區,三隆里,2242,5268
64000140006,高雄市大寮區,琉球里,2625,6144
64000140007,高雄市大寮區,翁園里,1774,4628
64000140008,高雄市大寮區,前庄里,1028,2456
64000140009,高雄市大寮區,中庄里,5183,12665
64000140010,高雄市大寮區,後庄里,3704,8815
64000140011,高雄市大寮區,義仁里,892,1877
64000140012,高雄市大寮區,新厝里,837,1941
64000140013,高雄市大寮區,過溪里,1276,3022
64000140014,高雄市大寮區,潮寮里,1196,3180
64000140015,高雄市大寮區,會結里,788,1775
64000140016,高雄市大寮區,會社里,3284,6961
64000140017,高雄市大寮區,山頂里,3426,8195
64000140018,高雄市大寮區,忠義里,194,451
64000140019,高雄市大寮區,永芳里,3100,7544
64000140020,高雄市大寮區,義和里,1068,2381
64000140021,高雄市大寮區,溪寮里,711,1701
64000140022,高雄市大寮區,江山里,860,2047
64000140023,高雄市大寮區,昭明里,2022,4232
64000140025,高雄市大寮區,中興里,3177,6895
64000150001,高雄市大樹區,竹寮里,1133,2939
64000150002,高雄市大樹區,九曲里,2600,6152
64000150003,高雄市大樹區,久堂里,1770,4404
64000150004,高雄市大樹區,水安里,936,2530
64000150005,高雄市大樹區,水寮里,846,2371
64000150006,高雄市大樹區,檨腳里,1529,3920
64000150007,高雄市大樹區,興山里,377,1077
64000150008,高雄市大樹區,和山里,343,971
64000150009,高雄市大樹區,姑山里,361,1047
64000150010,高雄市大樹區,大坑里,562,1500
64000150011,高雄市大樹區,井腳里,566,1555
64000150012,高雄市大樹區,小坪里,514,1380
64000150013,高雄市大樹區,龍目里,632,1781
64000150014,高雄市大樹區,大樹里,1052,2777
64000150015,高雄市大樹區,三和里,460,1061
64000150016,高雄市大樹區,溪埔里,659,1708
64000150017,高雄市大樹區,興田里,549,1907
64000150018,高雄市大樹區,統嶺里,255,647
64000160001,高雄市大社區,嘉誠里,413,927
64000160002,高雄市大社區,保社里,1626,3644
64000160003,高雄市大社區,大社里,2510,5406
64000160004,高雄市大社區,翠屏里,771,1800
64000160005,高雄市大社區,三奶里,1219,2819
64000160006,高雄市大社區,觀音里,2357,5829
64000160007,高雄市大社區,神農里,2426,5458
64000160008,高雄市大社區,中里里,1623,3784
64000160009,高雄市大社區,保安里,1600,3831
64000170001,高雄市仁武區,大灣里,2917,5859
64000170002,高雄市仁武區,灣內里,4278,10199
64000170003,高雄市仁武區,考潭里,1216,2851
64000170004,高雄市仁武區,烏林里,1390,4103
64000170005,高雄市仁武區,仁福里,375,866
64000170006,高雄市仁武區,仁武里,2922,6230
64000170007,高雄市仁武區,文武里,4388,11133
64000170008,高雄市仁武區,竹後里,1204,2420
64000170009,高雄市仁武區,八卦里,4339,8521
64000170010,高雄市仁武區,高楠里,2284,4534
64000170011,高雄市仁武區,後安里,1277,2942
64000170012,高雄市仁武區,中華里,891,1695
64000170013,高雄市仁武區,五和里,2920,6673
64000170014,高雄市仁武區,仁和里,1830,4582
64000170015,高雄市仁武區,赤山里,3865,8915
64000170016,高雄市仁武區,仁慈里,1124,2600
64000170017,高雄市仁武區,八德里,7669,16617
64000180001,高雄市鳥松區,鳥松里,5939,11336
64000180002,高雄市鳥松區,夢裡里,2881,5603
64000180003,高雄市鳥松區,大華里,5045,10762
64000180004,高雄市鳥松區,坔埔里,1532,3642
64000180005,高雄市鳥松區,仁美里,3167,7204
64000180006,高雄市鳥松區,大竹里,322,722
64000180007,高雄市鳥松區,華美里,1673,4089
64000190001,高雄市岡山區,平安里,526,1139
64000190002,高雄市岡山區,岡山里,2408,5257
64000190003,高雄市岡山區,壽天里,1521,3649
64000190004,高雄市岡山區,維仁里,443,988
64000190005,高雄市岡山區,後紅里,2006,4844
64000190006,高雄市岡山區,大遼里,576,1540
64000190007,高雄市岡山區,忠孝里,1522,3286
64000190008,高雄市岡山區,和平里,291,580
64000190009,高雄市岡山區,前峰里,1379,3348
64000190010,高雄市岡山區,劉厝里,593,1507
64000190011,高雄市岡山區,協和里,1403,3846
64000190012,高雄市岡山區,後協里,2629,6347
64000190013,高雄市岡山區,信義里,1027,2219
64000190014,高雄市岡山區,潭底里,326,835
64000190015,高雄市岡山區,三和里,350,907
64000190016,高雄市岡山區,仁壽里,1506,3474
64000190017,高雄市岡山區,碧紅里,1817,4310
64000190018,高雄市岡山區,程香里,1774,4551
64000190019,高雄市岡山區,竹圍里,3175,8524
64000190020,高雄市岡山區,台上里,2738,7301
64000190021,高雄市岡山區,灣裡里,792,2184
64000190022,高雄市岡山區,白米里,1167,2669
64000190023,高雄市岡山區,石潭里,777,2035
64000190024,高雄市岡山區,福興里,493,1207
64000190025,高雄市岡山區,本洲里,753,1798
64000190026,高雄市岡山區,嘉興里,1480,3628
64000190027,高雄市岡山區,嘉峰里,692,1863
64000190028,高雄市岡山區,華崗里,669,1656
64000190029,高雄市岡山區,大莊里,432,1133
64000190030,高雄市岡山區,協榮里,936,2189
64000190031,高雄市岡山區,為隨里,308,885
64000190032,高雄市岡山區,壽峰里,971,2508
64000190033,高雄市岡山區,仁義里,960,2000
64000200001,高雄市橋頭區,橋頭里,1088,2411
64000200002,高雄市橋頭區,橋南里,533,1114
64000200003,高雄市橋頭區,仕隆里,1046,2409
64000200004,高雄市橋頭區,仕豐里,1213,2903
64000200005,高雄市橋頭區,芋寮里,557,1344
64000200006,高雄市橋頭區,東林里,937,2451
64000200007,高雄市橋頭區,西林里,539,1397
64000200008,高雄市橋頭區,白樹里,1528,3780
64000200009,高雄市橋頭區,筆秀里,595,1589
64000200010,高雄市橋頭區,新莊里,4910,8858
64000200011,高雄市橋頭區,甲北里,2158,4124
64000200012,高雄市橋頭區,甲南里,1075,2614
64000200013,高雄市橋頭區,頂鹽里,642,1446
64000200014,高雄市橋頭區,中崎里,257,642
64000200015,高雄市橋頭區,仕和里,1615,3992
64000200016,高雄市橋頭區,德松里,713,1774
64000200017,高雄市橋頭區,三德里,319,902
64000210001,高雄市燕巢區,尖山里,501,1164
64000210002,高雄市燕巢區,瓊林里,905,2286
64000210003,高雄市燕巢區,安招里,1337,3544
64000210004,高雄市燕巢區,角宿里,1348,3137
64000210005,高雄市燕巢區,鳳雄里,1119,2613
64000210006,高雄市燕巢區,金山里,204,465
64000210007,高雄市燕巢區,東燕里,859,2506
64000210008,高雄市燕巢區,南燕里,1942,4438
64000210009,高雄市燕巢區,西燕里,1451,3625
64000210010,高雄市燕巢區,橫山里,853,1916
64000210011,高雄市燕巢區,深水里,1026,2516
64000220001,高雄市田寮區,鹿埔里,149,353
64000220002,高雄市田寮區,南安里,474,942
64000220003,高雄市田寮區,大同里,173,340
64000220004,高雄市田寮區,田寮里,177,309
64000220005,高雄市田寮區,七星里,334,544
64000220006,高雄市田寮區,崇德里,363,909
64000220007,高雄市田寮區,西德里,340,735
64000220008,高雄市田寮區,三和里,184,331
64000220009,高雄市田寮區,古亭里,220,426
64000220010,高雄市田寮區,新興里,521,1131
64000230001,高雄市阿蓮區,石安里,504,1334
64000230002,高雄市阿蓮區,中路里,757,2060
64000230003,高雄市阿蓮區,峯山里,506,1317
64000230004,高雄市阿蓮區,港後里,837,2267
64000230005,高雄市阿蓮區,崗山里,298,813
64000230006,高雄市阿蓮區,阿蓮里,2051,5476
64000230007,高雄市阿蓮區,清蓮里,1051,2867
64000230008,高雄市阿蓮區,和蓮里,1020,2632
64000230009,高雄市阿蓮區,青旗里,621,1653
64000230010,高雄市阿蓮區,復安里,662,1699
64000230011,高雄市阿蓮區,玉庫里,466,1139
64000230012,高雄市阿蓮區,南蓮里,1248,3298
64000240001,高雄市路竹區,竹滬里,1263,3657
64000240002,高雄市路竹區,頂寮里,448,1244
64000240003,高雄市路竹區,新達里,445,1281
64000240004,高雄市路竹區,後鄉里,415,1197
64000240005,高雄市路竹區,北嶺里,494,1296
64000240006,高雄市路竹區,社西里,1020,2465
64000240007,高雄市路竹區,甲北里,807,2419
64000240008,高雄市路竹區,甲南里,1262,3682
64000240009,高雄市路竹區,下坑里,985,2871
64000240010,高雄市路竹區,竹園里,703,2001
64000240011,高雄市路竹區,竹東里,1583,4173
64000240012,高雄市路竹區,竹西里,885,2375
64000240013,高雄市路竹區,文北里,1228,3450
64000240014,高雄市路竹區,文南里,955,2561
64000240015,高雄市路竹區,三爺里,333,864
64000240016,高雄市路竹區,鴨寮里,856,2300
64000240017,高雄市路竹區,社東里,708,1844
64000240018,高雄市路竹區,社中里,345,833
64000240019,高雄市路竹區,竹南里,1239,2942
64000240020,高雄市路竹區,社南里,2064,5077
64000250001,高雄市湖內區,海山里,440,1089
64000250002,高雄市湖內區,劉家里,403,972
64000250003,高雄市湖內區,太爺里,368,841
64000250004,高雄市湖內區,公舘里,1011,2610
64000250005,高雄市湖內區,葉厝里,1154,3049
64000250006,高雄市湖內區,大湖里,1778,4297
64000250007,高雄市湖內區,田尾里,508,1164
64000250008,高雄市湖內區,湖內里,1801,4423
64000250009,高雄市湖內區,海埔里,727,1832
64000250010,高雄市湖內區,文賢里,570,1370
64000250011,高雄市湖內區,中賢里,1011,2433
64000250012,高雄市湖內區,逸賢里,528,1261
64000250013,高雄市湖內區,忠興里,298,713
64000250014,高雄市湖內區,湖東里,1484,3128
64000260001,高雄市茄萣區,福德里,381,969
64000260002,高雄市茄萣區,萬福里,377,898
64000260003,高雄市茄萣區,白雲里,779,1924
64000260004,高雄市茄萣區,嘉賜里,1475,4241
64000260005,高雄市茄萣區,嘉安里,669,1991
64000260006,高雄市茄萣區,嘉定里,443,1067
64000260007,高雄市茄萣區,保定里,1217,3137
64000260008,高雄市茄萣區,光定里,383,934
64000260009,高雄市茄萣區,大定里,424,1056
64000260010,高雄市茄萣區,吉定里,442,1155
64000260011,高雄市茄萣區,嘉樂里,725,2232
64000260012,高雄市茄萣區,嘉泰里,438,1124
64000260013,高雄市茄萣區,嘉福里,415,1053
64000260014,高雄市茄萣區,和協里,465,1209
64000260015,高雄市茄萣區,崎漏里,2331,5484
64000270001,高雄市永安區,永安里,746,1774
64000270002,高雄市永安區,永華里,920,1965
64000270003,高雄市永安區,新港里,1057,2557
64000270004,高雄市永安區,鹽田里,214,485
64000270005,高雄市永安區,保寧里,1267,2918
64000270006,高雄市永安區,維新里,1628,3693
64000280001,高雄市彌陀區,光和里,523,1375
64000280002,高雄市彌陀區,彌靖里,861,2070
64000280003,高雄市彌陀區,彌仁里,254,567
64000280004,高雄市彌陀區,彌壽里,326,810
64000280005,高雄市彌陀區,彌陀里,722,1816
64000280006,高雄市彌陀區,舊港里,671,1635
64000280007,高雄市彌陀區,文安里,730,1713
64000280008,高雄市彌陀區,鹽埕里,890,2172
64000280009,高雄市彌陀區,過港里,397,982
64000280010,高雄市彌陀區,海尾里,336,909
64000280011,高雄市彌陀區,漯底里,475,1290
64000280012,高雄市彌陀區,南寮里,793,2286
64000290001,高雄市梓官區,梓信里,1006,2429
64000290002,高雄市梓官區,梓義里,1078,2503
64000290003,高雄市梓官區,梓和里,932,2351
64000290004,高雄市梓官區,梓平里,672,1762
64000290005,高雄市梓官區,中崙里,530,1270
64000290006,高雄市梓官區,赤崁里,807,1969
64000290007,高雄市梓官區,禮蚵里,842,2168
64000290008,高雄市梓官區,智蚵里,1197,3058
64000290009,高雄市梓官區,信蚵里,1149,2828
64000290010,高雄市梓官區,同安里,419,1110
64000290011,高雄市梓官區,大舍里,1816,4448
64000290012,高雄市梓官區,赤東里,927,2246
64000290013,高雄市梓官區,赤西里,347,821
64000290014,高雄市梓官區,茄苳里,938,2329
64000290015,高雄市梓官區,典寶里,1402,3221
64000300001,高雄市旗山區,太平里,1049,2546
64000300002,高雄市旗山區,大德里,1118,2557
64000300003,高雄市旗山區,湄洲里,806,1584
64000300004,高雄市旗山區,圓富里,801,1898
64000300005,高雄市旗山區,中正里,594,1446
64000300006,高雄市旗山區,大林里,586,1346
64000300007,高雄市旗山區,上洲里,455,994
64000300008,高雄市旗山區,新光里,337,737
64000300009,高雄市旗山區,南勝里,872,2083
64000300010,高雄市旗山區,中寮里,109,184
64000300011,高雄市旗山區,東平里,891,2000
64000300012,高雄市旗山區,東昌里,463,1039
64000300013,高雄市旗山區,竹峰里,722,1590
64000300014,高雄市旗山區,瑞吉里,919,2190
64000300015,高雄市旗山區,永和里,1460,3638
64000300016,高雄市旗山區,三協里,1120,2580
64000300017,高雄市旗山區,鯤洲里,325,712
64000300018,高雄市旗山區,大山里,536,1241
64000300019,高雄市旗山區,中洲里,361,784
64000300020,高雄市旗山區,南洲里,569,1224
64000300021,高雄市旗山區,廣福里,273,665
64000310001,高雄市美濃區,福安里,1164,2579
64000310002,高雄市美濃區,合和里,1204,2570
64000310003,高雄市美濃區,祿興里,1162,2682
64000310004,高雄市美濃區,中壇里,868,2045
64000310005,高雄市美濃區,德興里,641,1474
64000310006,高雄市美濃區,龍山里,997,2145
64000310007,高雄市美濃區,獅山里,1097,2555
64000310008,高雄市美濃區,龍肚里,669,1426
64000310009,高雄市美濃區,廣德里,570,1275
64000310010,高雄市美濃區,興隆里,525,1081
64000310011,高雄市美濃區,中圳里,1019,2252
64000310012,高雄市美濃區,東門里,566,1177
64000310013,高雄市美濃區,泰安里,827,1757
64000310014,高雄市美濃區,瀰濃里,1226,2531
64000310015,高雄市美濃區,清水里,762,1745
64000310016,高雄市美濃區,吉洋里,778,1806
64000310017,高雄市美濃區,吉和里,581,1398
64000310018,高雄市美濃區,吉東里,772,1842
64000310019,高雄市美濃區,廣林里,632,1389
64000320001,高雄市六龜區,新威里,333,685
64000320002,高雄市六龜區,新興里,292,644
64000320003,高雄市六龜區,新寮里,281,586
64000320004,高雄市六龜區,新發里,501,939
64000320005,高雄市六龜區,荖濃里,648,1378
64000320006,高雄市六龜區,六龜里,473,951
64000320007,高雄市六龜區,義寶里,495,1031
64000320008,高雄市六龜區,興龍里,367,783
64000320009,高雄市六龜區,中興里,714,1466
64000320010,高雄市六龜區,寶來里,433,869
64000320011,高雄市六龜區,文武里,698,1437
64000320012,高雄市六龜區,大津里,146,300
64000330001,高雄市甲仙區,東安里,199,394
64000330002,高雄市甲仙區,西安里,381,872
64000330003,高雄市甲仙區,和安里,357,709
64000330004,高雄市甲仙區,大田里,646,1550
64000330005,高雄市甲仙區,寶隆里,245,604
64000330006,高雄市甲仙區,關山里,241,569
64000330007,高雄市甲仙區,小林里,226,508
64000340001,高雄市杉林區,杉林里,280,580
64000340002,高雄市杉林區,木梓里,299,631
64000340003,高雄市杉林區,集來里,574,1178
64000340004,高雄市杉林區,新庄里,695,1390
64000340005,高雄市杉林區,上平里,740,1522
64000340006,高雄市杉林區,月眉里,746,1582
64000340007,高雄市杉林區,月美里,576,1258
64000340008,高雄市杉林區,大愛里,935,2258
64000350001,高雄市內門區,溝坪里,374,926
64000350002,高雄市內門區,金竹里,281,626
64000350003,高雄市內門區,永富里,381,961
64000350004,高雄市內門區,永吉里,180,392
64000350005,高雄市內門區,永興里,179,397
64000350006,高雄市內門區,石坑里,194,488
64000350007,高雄市內門區,內門里,402,931
64000350008,高雄市內門區,內豊里,499,1206
64000350009,高雄市內門區,觀亭里,721,1657
64000350010,高雄市內門區,中埔里,224,562
64000350011,高雄市內門區,內東里,318,764
64000350012,高雄市內門區,內南里,150,360
64000350013,高雄市內門區,東埔里,189,466
64000350014,高雄市內門區,三平里,272,658
64000350015,高雄市內門區,木柵里,240,554
64000350016,高雄市內門區,內興里,228,583
64000350017,高雄市內門區,瑞山里,145,294
64000350018,高雄市內門區,光興里,265,641
64000360001,高雄市茂林區,茂林里,308,873
64000360002,高雄市茂林區,萬山里,137,413
64000360003,高雄市茂林區,多納里,207,621
64000370001,高雄市桃源區,桃源里,336,941
64000370002,高雄市桃源區,寶山里,186,490
64000370003,高雄市桃源區,建山里,240,719
64000370004,高雄市桃源區,高中里,261,793
64000370005,高雄市桃源區,勤和里,121,277
64000370006,高雄市桃源區,復興里,123,317
64000370007,高雄市桃源區,拉芙蘭里,108,316
64000370008,高雄市桃源區,梅山里,102,303
64000380001,高雄市那瑪夏區,達卡努瓦里,306,1081
64000380002,高雄市那瑪夏區,瑪雅里,286,779
64000380003,高雄市那瑪夏區,南沙魯里,194,602
64000380004,高雄市那瑪夏區,瑪星哈蘭里,167,628
10002010001,宜蘭縣宜蘭市,神農里,1285,2676
10002010002,宜蘭縣宜蘭市,民權里,1190,2150
10002010008,宜蘭縣宜蘭市,進士里,1237,2522
10002010009,宜蘭縣宜蘭市,南橋里,654,1654
10002010010,宜蘭縣宜蘭市,建業里,1310,2919
10002010011,宜蘭縣宜蘭市,南津里,1366,3000
10002010012,宜蘭縣宜蘭市,凱旋里,671,1679
10002010013,宜蘭縣宜蘭市,黎明里,929,2381
10002010014,宜蘭縣宜蘭市,東村里,1121,2753
10002010015,宜蘭縣宜蘭市,延平里,1575,4030
10002010016,宜蘭縣宜蘭市,七張里,638,1745
10002010017,宜蘭縣宜蘭市,慈安里,855,1961
10002010018,宜蘭縣宜蘭市,新民里,773,1488
10002010019,宜蘭縣宜蘭市,東門里,474,972
10002010021,宜蘭縣宜蘭市,小東里,800,1728
10002010022,宜蘭縣宜蘭市,菜園里,773,1524
10002010023,宜蘭縣宜蘭市,孝廉里,544,1167
10002010024,宜蘭縣宜蘭市,新生里,1506,3461
10002010025,宜蘭縣宜蘭市,茭白里,1086,2695
10002010026,宜蘭縣宜蘭市,北津里,1037,2522
10002010027,宜蘭縣宜蘭市,梅洲里,1475,3662
10002010028,宜蘭縣宜蘭市,北門里,548,1226
10002010031,宜蘭縣宜蘭市,中山里,461,866
10002010032,宜蘭縣宜蘭市,西門里,854,1903
10002010034,宜蘭縣宜蘭市,南門里,626,1425
10002010035,宜蘭縣宜蘭市,負郭里,1482,3457
10002010036,宜蘭縣宜蘭市,民族里,1086,2329
10002010037,宜蘭縣宜蘭市,建軍里,851,1875
10002010038,宜蘭縣宜蘭市,思源里,2422,5482
10002010039,宜蘭縣宜蘭市,文化里,1516,3473
10002010040,宜蘭縣宜蘭市,復興里,1394,2747
10002010041,宜蘭縣宜蘭市,成功里,1572,3786
10002010042,宜蘭縣宜蘭市,新東里,1456,3645
10002010043,宜蘭縣宜蘭市,七結里,1512,3385
10002010044,宜蘭縣宜蘭市,泰山里,922,2234
10002010045,宜蘭縣宜蘭市,大新里,423,810
10002010046,宜蘭縣宜蘭市,中興里,1424,3368
10002010047,宜蘭縣宜蘭市,擺厘里,1618,3272
10002020004,宜蘭縣羅東鎮,大新里,910,1820
10002020005,宜蘭縣羅東鎮,東安里,2007,4575
10002020006,宜蘭縣羅東鎮,新群里,1297,3286
10002020007,宜蘭縣羅東鎮,羅莊里,1606,3541
10002020008,宜蘭縣羅東鎮,南昌里,1311,2796
10002020009,宜蘭縣羅東鎮,南豪里,590,1407
10002020010,宜蘭縣羅東鎮,成功里,703,1614
10002020011,宜蘭縣羅東鎮,仁德里,607,1269
10002020016,宜蘭縣羅東鎮,漢民里,1814,4396
10002020017,宜蘭縣羅東鎮,西安里,1265,3137
10002020018,宜蘭縣羅東鎮,北成里,1297,3223
10002020019,宜蘭縣羅東鎮,賢文里,1799,4093
10002020020,宜蘭縣羅東鎮,公正里,1319,3218
10002020021,宜蘭縣羅東鎮,集祥里,735,1321
10002020022,宜蘭縣羅東鎮,信義里,1591,3774
10002020023,宜蘭縣羅東鎮,竹林里,1270,3382
10002020024,宜蘭縣羅東鎮,仁愛里,1601,4284
10002020025,宜蘭縣羅東鎮,樹林里,1686,4160
10002020026,宜蘭縣羅東鎮,國華里,2202,5438
10002020027,宜蘭縣羅東鎮,維揚里,1471,3628
10002020028,宜蘭縣羅東鎮,開明里,647,1392
10002020029,宜蘭縣羅東鎮,中山里,708,1443
10002020030,宜蘭縣羅東鎮,仁和里,538,1087
10002030001,宜蘭縣蘇澳鎮,龍德里,1528,3669
10002030002,宜蘭縣蘇澳鎮,頂寮里,400,1123
10002030003,宜蘭縣蘇澳鎮,永榮里,1849,4711
10002030004,宜蘭縣蘇澳鎮,存仁里,354,825
10002030005,宜蘭縣蘇澳鎮,港邊里,513,1325
10002030007,宜蘭縣蘇澳鎮,隘丁里,1574,4000
10002030008,宜蘭縣蘇澳鎮,新城里,748,1805
10002030009,宜蘭縣蘇澳鎮,聖湖里,924,2365
10002030010,宜蘭縣蘇澳鎮,蘇西里,1107,2365
10002030011,宜蘭縣蘇澳鎮,蘇北里,433,917
10002030012,宜蘭縣蘇澳鎮,蘇南里,195,413
10002030013,宜蘭縣蘇澳鎮,蘇東里,263,516
10002030014,宜蘭縣蘇澳鎮,長安里,227,517
10002030015,宜蘭縣蘇澳鎮,永光里,201,395
10002030016,宜蘭縣蘇澳鎮,永春里,288,541
10002030017,宜蘭縣蘇澳鎮,永樂里,214,473
10002030018,宜蘭縣蘇澳鎮,南安里,368,831
10002030019,宜蘭縣蘇澳鎮,南正里,375,836
10002030020,宜蘭縣蘇澳鎮,南成里,409,969
10002030021,宜蘭縣蘇澳鎮,南興里,562,1325
10002030022,宜蘭縣蘇澳鎮,南寧里,388,910
10002030023,宜蘭縣蘇澳鎮,南建里,434,1050
10002030024,宜蘭縣蘇澳鎮,東澳里,141,297
10002030025,宜蘭縣蘇澳鎮,南強里,351,693
10002030026,宜蘭縣蘇澳鎮,朝陽里,277,538
10002030027,宜蘭縣蘇澳鎮,聖愛里,1183,2832
10002040001,宜蘭縣頭城鎮,石城里,130,290
10002040002,宜蘭縣頭城鎮,大里里,285,705
10002040003,宜蘭縣頭城鎮,大溪里,376,943
10002040004,宜蘭縣頭城鎮,合興里,149,337
10002040005,宜蘭縣頭城鎮,更新里,526,1379
10002040006,宜蘭縣頭城鎮,外澳里,343,889
10002040007,宜蘭縣頭城鎮,港口里,468,872
10002040008,宜蘭縣頭城鎮,武營里,739,1820
10002040009,宜蘭縣頭城鎮,大坑里,759,1662
10002040010,宜蘭縣頭城鎮,城東里,370,755
10002040011,宜蘭縣頭城鎮,城北里,209,526
10002040012,宜蘭縣頭城鎮,城西里,222,537
10002040013,宜蘭縣頭城鎮,城南里,307,730
10002040014,宜蘭縣頭城鎮,竹安里,834,2269
10002040015,宜蘭縣頭城鎮,新建里,1009,2382
10002040016,宜蘭縣頭城鎮,拔雅里,1348,2851
10002040017,宜蘭縣頭城鎮,福成里,397,985
10002040018,宜蘭縣頭城鎮,金面里,775,1868
10002040019,宜蘭縣頭城鎮,金盈里,294,711
10002040020,宜蘭縣頭城鎮,頂埔里,586,1485
10002040021,宜蘭縣頭城鎮,下埔里,406,950
10002040022,宜蘭縣頭城鎮,中崙里,400,1093
10002040023,宜蘭縣頭城鎮,二城里,467,1160
10002040024,宜蘭縣頭城鎮,龜山里,247,751
10002050001,宜蘭縣礁溪鄉,白雲村,821,1853
10002050002,宜蘭縣礁溪鄉,玉石村,1616,2683
10002050003,宜蘭縣礁溪鄉,德陽村,3278,5427
10002050004,宜蘭縣礁溪鄉,大忠村,1893,3226
10002050005,宜蘭縣礁溪鄉,大義村,312,727
10002050006,宜蘭縣礁溪鄉,六結村,638,1387
10002050007,宜蘭縣礁溪鄉,二龍村,558,1251
10002050008,宜蘭縣礁溪鄉,時潮村,730,1611
10002050009,宜蘭縣礁溪鄉,玉田村,1150,2387
10002050010,宜蘭縣礁溪鄉,三民村,1132,2704
10002050011,宜蘭縣礁溪鄉,林美村,502,1198
10002050012,宜蘭縣礁溪鄉,白鵝村,399,911
10002050013,宜蘭縣礁溪鄉,玉光村,567,1268
10002050014,宜蘭縣礁溪鄉,光武村,733,1630
10002050015,宜蘭縣礁溪鄉,吳沙村,1239,2863
10002050016,宜蘭縣礁溪鄉,龍潭村,1695,3951
10002050017,宜蘭縣礁溪鄉,匏崙村,408,978
10002050018,宜蘭縣礁溪鄉,二結村,196,428
10002060001,宜蘭縣壯圍鄉,吉祥村,1426,3281
10002060002,宜蘭縣壯圍鄉,美福村,906,2118
10002060003,宜蘭縣壯圍鄉,新南村,454,1045
10002060004,宜蘭縣壯圍鄉,東港村,398,1007
10002060005,宜蘭縣壯圍鄉,復興村,714,1752
10002060006,宜蘭縣壯圍鄉,過嶺村,633,1495
10002060007,宜蘭縣壯圍鄉,永鎮村,339,843
10002060009,宜蘭縣壯圍鄉,古亭村,824,1848
10002060010,宜蘭縣壯圍鄉,功勞村,590,1463
10002060011,宜蘭縣壯圍鄉,美城村,640,1352
10002060012,宜蘭縣壯圍鄉,新社村,484,1101
10002060013,宜蘭縣壯圍鄉,大福村,749,1780
10002060014,宜蘭縣壯圍鄉,古結村,521,1299
10002060015,宜蘭縣壯圍鄉,壯六村,411,1006
10002060016,宜蘭縣壯圍鄉,順和村,696,1734
10002060017,宜蘭縣壯圍鄉,美間村,659,1425
10002070001,宜蘭縣員山鄉,員山村,1140,2575
10002070002,宜蘭縣員山鄉,尚德村,1093,2462
10002070003,宜蘭縣員山鄉,惠好村,848,2110
10002070004,宜蘭縣員山鄉,七賢村,754,1799
10002070005,宜蘭縣員山鄉,深溝村,1200,2513
10002070006,宜蘭縣員山鄉,蓁巷村,567,1386
10002070007,宜蘭縣員山鄉,內城村,711,1649
10002070008,宜蘭縣員山鄉,中華村,272,554
10002070009,宜蘭縣員山鄉,永和村,782,1972
10002070010,宜蘭縣員山鄉,頭分村,560,1428
10002070011,宜蘭縣員山鄉,枕山村,997,2417
10002070012,宜蘭縣員山鄉,同樂村,1075,2661
10002070013,宜蘭縣員山鄉,湖東村,420,991
10002070014,宜蘭縣員山鄉,逸仙村,419,964
10002070015,宜蘭縣員山鄉,湖北村,417,1002
10002070016,宜蘭縣員山鄉,湖西村,593,1283
10002070017,宜蘭縣員山鄉,金古村,661,1604
10002070018,宜蘭縣員山鄉,金泰村,1257,2920
10002080001,宜蘭縣冬山鄉,武淵村,715,1506
10002080002,宜蘭縣冬山鄉,珍珠村,775,1819
10002080003,宜蘭縣冬山鄉,補城村,585,1372
10002080004,宜蘭縣冬山鄉,三奇村,445,1088
10002080005,宜蘭縣冬山鄉,大興村,413,953
10002080006,宜蘭縣冬山鄉,東城村,632,1614
10002080007,宜蘭縣冬山鄉,香和村,1440,3752
10002080008,宜蘭縣冬山鄉,南興村,1598,3876
10002080009,宜蘭縣冬山鄉,冬山村,331,716
10002080010,宜蘭縣冬山鄉,安平村,285,793
10002080011,宜蘭縣冬山鄉,太和村,703,1726
10002080012,宜蘭縣冬山鄉,八寶村,432,970
10002080013,宜蘭縣冬山鄉,丸山村,657,1590
10002080014,宜蘭縣冬山鄉,中山村,211,443
10002080015,宜蘭縣冬山鄉,順安村,2352,5474
10002080016,宜蘭縣冬山鄉,永美村,1638,3722
10002080017,宜蘭縣冬山鄉,群英村,2274,5086
10002080018,宜蘭縣冬山鄉,清溝村,1840,4497
10002080019,宜蘭縣冬山鄉,鹿埔村,1422,3219
10002080020,宜蘭縣冬山鄉,得安村,557,1138
10002080021,宜蘭縣冬山鄉,廣興村,1218,2755
10002080022,宜蘭縣冬山鄉,廣安村,792,1857
10002080023,宜蘭縣冬山鄉,柯林村,967,2098
10002080024,宜蘭縣冬山鄉,大進村,346,795
10002090001,宜蘭縣五結鄉,三興村,1105,2489
10002090002,宜蘭縣五結鄉,二結村,962,2117
10002090003,宜蘭縣五結鄉,鎮安村,1251,2983
10002090004,宜蘭縣五結鄉,上四村,856,1736
10002090005,宜蘭縣五結鄉,中興村,795,1646
10002090006,宜蘭縣五結鄉,四結村,1428,2975
10002090007,宜蘭縣五結鄉,福興村,928,2038
10002090008,宜蘭縣五結鄉,五結村,1901,4342
10002090009,宜蘭縣五結鄉,大吉村,1922,4638
10002090010,宜蘭縣五結鄉,協和村,1889,4032
10002090011,宜蘭縣五結鄉,孝威村,935,1959
10002090012,宜蘭縣五結鄉,錦眾村,697,1632
10002090013,宜蘭縣五結鄉,利澤村,951,2096
10002090014,宜蘭縣五結鄉,成興村,1821,4014
10002090015,宜蘭縣五結鄉,季新村,1312,2992
10002100001,宜蘭縣三星鄉,員山村,100,168
10002100002,宜蘭縣三星鄉,天山村,208,449
10002100003,宜蘭縣三星鄉,天福村,313,731
10002100004,宜蘭縣三星鄉,雙賢村,374,762
10002100005,宜蘭縣三星鄉,人和村,234,489
10002100006,宜蘭縣三星鄉,義德村,672,1306
10002100007,宜蘭縣三星鄉,集慶村,514,1183
10002100008,宜蘭縣三星鄉,月眉村,390,894
10002100009,宜蘭縣三星鄉,拱照村,824,1433
10002100010,宜蘭縣三星鄉,大隱村,2266,5049
10002100011,宜蘭縣三星鄉,行健村,494,992
10002100012,宜蘭縣三星鄉,萬德村,289,612
10002100013,宜蘭縣三星鄉,貴林村,286,589
10002100014,宜蘭縣三星鄉,萬富村,390,753
10002100015,宜蘭縣三星鄉,大義村,729,1412
10002100016,宜蘭縣三星鄉,尚武村,476,914
10002100017,宜蘭縣三星鄉,大洲村,859,1946
10002100018,宜蘭縣三星鄉,尾塹村,831,1805
10002110001,宜蘭縣大同鄉,寒溪村,407,1190
10002110002,宜蘭縣大同鄉,崙埤村,254,731
10002110003,宜蘭縣大同鄉,松羅村,306,844
10002110004,宜蘭縣大同鄉,復興村,116,275
10002110005,宜蘭縣大同鄉,英士村,145,413
10002110006,宜蘭縣大同鄉,樂水村,179,485
10002110007,宜蘭縣大同鄉,太平村,21,37
10002110008,宜蘭縣大同鄉,四季村,322,944
10002110009,宜蘭縣大同鄉,南山村,281,893
10002110010,宜蘭縣大同鄉,茂安村,74,227
10002120001,宜蘭縣南澳鄉,南澳村,541,1534
10002120002,宜蘭縣南澳鄉,碧候村,450,1321
10002120003,宜蘭縣南澳鄉,東岳村,218,683
10002120004,宜蘭縣南澳鄉,金岳村,194,536
10002120005,宜蘭縣南澳鄉,武塔村,203,543
10002120006,宜蘭縣南澳鄉,金洋村,242,629
10002120007,宜蘭縣南澳鄉,澳花村,348,976
10004010001,新竹縣竹北市,斗崙里,4404,10645
10004010002,新竹縣竹北市,鹿場里,6455,17132
10004010003,新竹縣竹北市,東平里,8329,19754
10004010004,新竹縣竹北市,中興里,5477,13253
10004010005,新竹縣竹北市,隘口里,3148,6517
10004010006,新竹縣竹北市,東海里,2007,4460
10004010007,新竹縣竹北市,竹北里,5035,11980
10004010008,新竹縣竹北市,竹仁里,4186,10880
10004010009,新竹縣竹北市,竹義里,3427,7469
10004010010,新竹縣竹北市,泰和里,2970,7754
10004010011,新竹縣竹北市,新社里,3465,8801
10004010012,新竹縣竹北市,聯興里,1940,5364
10004010013,新竹縣竹北市,麻園里,879,2410
10004010014,新竹縣竹北市,溪州里,1116,2945
10004010015,新竹縣竹北市,白地里,970,2451
10004010016,新竹縣竹北市,新港里,507,1387
10004010017,新竹縣竹北市,大義里,766,1915
10004010018,新竹縣竹北市,崇義里,815,2045
10004010019,新竹縣竹北市,大眉里,911,2182
10004010020,新竹縣竹北市,尚義里,804,1908
10004010021,新竹縣竹北市,十興里,4150,10574
10004010022,新竹縣竹北市,新國里,3818,8417
10004010023,新竹縣竹北市,新庄里,503,1334
10004010024,新竹縣竹北市,北崙里,1851,5033
10004010025,新竹縣竹北市,新崙里,3621,8534
10004010026,新竹縣竹北市,福德里,1521,3795
10004010027,新竹縣竹北市,東興里,5659,12351
10004010028,新竹縣竹北市,北興里,5006,10937
10004010029,新竹縣竹北市,興安里,1800,4825
10004010030,新竹縣竹北市,文化里,1637,4211
10004010031,新竹縣竹北市,中崙里,4031,9970
10004040001,新竹縣關西鎮,東興里,177,497
10004040002,新竹縣關西鎮,西安里,887,2297
10004040003,新竹縣關西鎮,南雄里,295,731
10004040004,新竹縣關西鎮,北斗里,1642,4390
10004040005,新竹縣關西鎮,仁安里,394,1010
10004040006,新竹縣關西鎮,北山里,251,770
10004040007,新竹縣關西鎮,南山里,369,1158
10004040008,新竹縣關西鎮,東安里,1752,4719
10004040009,新竹縣關西鎮,東光里,481,1308
10004040010,新竹縣關西鎮,新富里,216,556
10004040011,新竹縣關西鎮,金山里,211,544
10004040012,新竹縣關西鎮,錦山里,400,973
10004040013,新竹縣關西鎮,玉山里,175,432
10004040014,新竹縣關西鎮,大同里,285,788
10004040015,新竹縣關西鎮,石光里,603,1897
10004040016,新竹縣關西鎮,上林里,339,845
10004040017,新竹縣關西鎮,新力里,225,572
10004040018,新竹縣關西鎮,南和里,250,844
10004040019,新竹縣關西鎮,東山里,334,882
10004040020,新竹縣關西鎮,南新里,356,926
10004040021,新竹縣關西鎮,東平里,391,1024
10004030001,新竹縣新埔鎮,內立里,421,1118
10004030002,新竹縣新埔鎮,寶石里,339,871
10004030003,新竹縣新埔鎮,文山里,2558,5625
10004030004,新竹縣新埔鎮,五埔里,788,2121
10004030005,新竹縣新埔鎮,四座里,1305,3520
10004030006,新竹縣新埔鎮,旱坑里,635,1776
10004030007,新竹縣新埔鎮,田新里,2622,5174
10004030008,新竹縣新埔鎮,新埔里,396,974
10004030009,新竹縣新埔鎮,新生里,221,525
10004030010,新竹縣新埔鎮,新民里,488,1079
10004030011,新竹縣新埔鎮,上寮里,698,1931
10004030012,新竹縣新埔鎮,下寮里,1204,2801
10004030013,新竹縣新埔鎮,南平里,355,1021
10004030014,新竹縣新埔鎮,北平里,266,635
10004030015,新竹縣新埔鎮,巨埔里,395,1115
10004030016,新竹縣新埔鎮,照門里,510,1344
10004030017,新竹縣新埔鎮,清水里,162,367
10004030018,新竹縣新埔鎮,鹿鳴里,259,681
10004030019,新竹縣新埔鎮,新北里,214,551
10004020001,新竹縣竹東鎮,上坪里,139,300
10004020002,新竹縣竹東鎮,瑞峰里,211,369
10004020003,新竹縣竹東鎮,軟橋里,147,389
10004020004,新竹縣竹東鎮,員崠里,1029,2564
10004020005,新竹縣竹東鎮,東寧里,1527,3688
10004020006,新竹縣竹東鎮,上舘里,4541,11187
10004020007,新竹縣竹東鎮,大鄉里,1872,5020
10004020008,新竹縣竹東鎮,東華里,293,641
10004020009,新竹縣竹東鎮,商華里,1560,3408
10004020010,新竹縣竹東鎮,竹東里,594,1367
10004020011,新竹縣竹東鎮,榮樂里,587,1384
10004020012,新竹縣竹東鎮,鷄林里,1726,4199
10004020013,新竹縣竹東鎮,仁愛里,1439,3742
10004020014,新竹縣竹東鎮,五豐里,3531,9224
10004020015,新竹縣竹東鎮,三重里,2995,7850
10004020016,新竹縣竹東鎮,頭重里,2319,5221
10004020017,新竹縣竹東鎮,員山里,876,2096
10004020018,新竹縣竹東鎮,柯湖里,271,626
10004020019,新竹縣竹東鎮,二重里,7207,16972
10004020020,新竹縣竹東鎮,中山里,685,1770
10004020021,新竹縣竹東鎮,中正里,1364,3083
10004020022,新竹縣竹東鎮,南華里,450,1108
10004020023,新竹縣竹東鎮,榮華里,3703,9022
10004020024,新竹縣竹東鎮,忠孝里,708,1656
10004020025,新竹縣竹東鎮,陸豐里,214,622
10004050001,新竹縣湖口鄉,孝勢村,563,1311
10004050002,新竹縣湖口鄉,仁勢村,387,930
10004050003,新竹縣湖口鄉,愛勢村,1837,4692
10004050004,新竹縣湖口鄉,信勢村,2897,6717
10004050005,新竹縣湖口鄉,中勢村,1845,4868
10004050006,新竹縣湖口鄉,德盛村,2388,6108
10004050007,新竹縣湖口鄉,和興村,1257,3296
10004050008,新竹縣湖口鄉,長嶺村,1355,3693
10004050009,新竹縣湖口鄉,長安村,416,1121
10004050010,新竹縣湖口鄉,湖口村,1277,3179
10004050011,新竹縣湖口鄉,湖鏡村,1193,2952
10004050012,新竹縣湖口鄉,湖南村,711,1746
10004050013,新竹縣湖口鄉,波羅村,1033,2523
10004050014,新竹縣湖口鄉,鳳凰村,2922,6286
10004050015,新竹縣湖口鄉,鳳山村,1558,3643
10004050016,新竹縣湖口鄉,中興村,3387,7669
10004050017,新竹縣湖口鄉,信義村,2367,5720
10004050018,新竹縣湖口鄉,中正村,2614,6195
10004050019,新竹縣湖口鄉,東興村,3272,7343
10004050020,新竹縣湖口鄉,勝利村,2184,5103
10004080001,新竹縣橫山鄉,橫山村,1263,3522
10004080002,新竹縣橫山鄉,田寮村,317,914
10004080003,新竹縣橫山鄉,南昌村,104,193
10004080004,新竹縣橫山鄉,豐鄉村,111,227
10004080005,新竹縣橫山鄉,豐田村,133,346
10004080006,新竹縣橫山鄉,內灣村,396,897
10004080007,新竹縣橫山鄉,福興村,170,391
10004080008,新竹縣橫山鄉,沙坑村,400,967
10004080009,新竹縣橫山鄉,新興村,642,1713
10004080010,新竹縣橫山鄉,大肚村,647,1961
10004080011,新竹縣橫山鄉,力行村,318,807
10004060001,新竹縣新豐鄉,福興村,521,1186
10004060002,新竹縣新豐鄉,後湖村,755,1925
10004060003,新竹縣新豐鄉,青埔村,871,2172
10004060004,新竹縣新豐鄉,埔和村,1216,3232
10004060005,新竹縣新豐鄉,瑞興村,853,2152
10004060006,新竹縣新豐鄉,坡頭村,292,866
10004060007,新竹縣新豐鄉,中崙村,1592,3936
10004060008,新竹縣新豐鄉,重興村,2621,6502
10004060009,新竹縣新豐鄉,新豐村,876,2360
10004060010,新竹縣新豐鄉,員山村,1458,3738
10004060011,新竹縣新豐鄉,松林村,2259,5828
10004060012,新竹縣新豐鄉,上坑村,720,1821
10004060013,新竹縣新豐鄉,鳳坑村,475,1116
10004060014,新竹縣新豐鄉,忠孝村,1602,4433
10004060015,新竹縣新豐鄉,山崎村,2134,5378
10004060016,新竹縣新豐鄉,松柏村,2146,5585
10004060017,新竹縣新豐鄉,崎頂村,1576,3676
10004060018,新竹縣新豐鄉,明新村,2094,4292
10004070001,新竹縣芎林鄉,五龍村,163,483
10004070002,新竹縣芎林鄉,華龍村,144,372
10004070003,新竹縣芎林鄉,秀湖村,359,949
10004070004,新竹縣芎林鄉,永興村,171,450
10004070005,新竹縣芎林鄉,石潭村,1047,2794
10004070006,新竹縣芎林鄉,新鳳村,588,1648
10004070007,新竹縣芎林鄉,中坑村,244,665
10004070008,新竹縣芎林鄉,水坑村,297,843
10004070009,新竹縣芎林鄉,文林村,1060,2586
10004070010,新竹縣芎林鄉,芎林村,695,1749
10004070011,新竹縣芎林鄉,上山村,2823,6267
10004070012,新竹縣芎林鄉,下山村,723,1524
10004100001,新竹縣寶山鄉,雙溪村,1462,3057
10004100002,新竹縣寶山鄉,大崎村,1068,2176
10004100003,新竹縣寶山鄉,三峰村,481,1063
10004100004,新竹縣寶山鄉,新城村,489,1203
10004100005,新竹縣寶山鄉,深井村,302,798
10004100006,新竹縣寶山鄉,寶斗村,259,708
10004100007,新竹縣寶山鄉,山湖村,278,548
10004100008,新竹縣寶山鄉,寶山村,651,1277
10004100009,新竹縣寶山鄉,油田村,282,560
10004100010,新竹縣寶山鄉,雙新村,1424,3190
10004090001,新竹縣北埔鄉,北埔村,438,1142
10004090002,新竹縣北埔鄉,南興村,482,1215
10004090003,新竹縣北埔鄉,埔尾村,979,2751
10004090004,新竹縣北埔鄉,水磜村,344,851
10004090005,新竹縣北埔鄉,南埔村,135,369
10004090006,新竹縣北埔鄉,大林村,295,768
10004090007,新竹縣北埔鄉,大湖村,220,507
10004090008,新竹縣北埔鄉,南坑村,139,326
10004090009,新竹縣北埔鄉,外坪村,144,274
10004110001,新竹縣峨眉鄉,峨眉村,352,850
10004110002,新竹縣峨眉鄉,中盛村,282,692
10004110003,新竹縣峨眉鄉,石井村,252,540
10004110004,新竹縣峨眉鄉,富興村,533,1416
10004110005,新竹縣峨眉鄉,七星村,274,587
10004110006,新竹縣峨眉鄉,湖光村,426,837
10004120001,新竹縣尖石鄉,義興村,287,676
10004120002,新竹縣尖石鄉,嘉樂村,375,877
10004120003,新竹縣尖石鄉,新樂村,517,1500
10004120004,新竹縣尖石鄉,梅花村,292,778
10004120005,新竹縣尖石鄉,錦屏村,511,1515
10004120006,新竹縣尖石鄉,玉峰村,434,1809
10004120007,新竹縣尖石鄉,秀巒村,590,2366
10004130001,新竹縣五峰鄉,大隘村,596,1514
10004130002,新竹縣五峰鄉,花園村,347,820
10004130003,新竹縣五峰鄉,竹林村,189,415
10004130004,新竹縣五峰鄉,桃山村,657,1647
10005010001,苗栗縣苗栗市,中苗里,588,1312
10005010002,苗栗縣苗栗市,建功里,2032,4757
10005010003,苗栗縣苗栗市,青苗里,495,1119
10005010004,苗栗縣苗栗市,玉清里,1037,2460
10005010005,苗栗縣苗栗市,玉華里,1525,3866
10005010006,苗栗縣苗栗市,維新里,1466,3942
10005010007,苗栗縣苗栗市,維祥里,1527,3794
10005010008,苗栗縣苗栗市,綠苗里,424,831
10005010009,苗栗縣苗栗市,高苗里,1437,3507
10005010010,苗栗縣苗栗市,玉苗里,389,876
10005010011,苗栗縣苗栗市,大同里,259,517
10005010012,苗栗縣苗栗市,新苗里,373,837
10005010013,苗栗縣苗栗市,勝利里,1709,4152
10005010014,苗栗縣苗栗市,恭敬里,715,1477
10005010015,苗栗縣苗栗市,上苗里,775,1604
10005010016,苗栗縣苗栗市,北苗里,2547,6076
10005010017,苗栗縣苗栗市,清華里,1537,3275
10005010018,苗栗縣苗栗市,嘉盛里,1479,3755
10005010019,苗栗縣苗栗市,福星里,1951,4728
10005010020,苗栗縣苗栗市,新川里,522,1253
10005010021,苗栗縣苗栗市,文山里,2405,6114
10005010022,苗栗縣苗栗市,福麗里,2931,6866
10005010023,苗栗縣苗栗市,水源里,1225,2711
10005010024,苗栗縣苗栗市,新英里,751,1927
10005010025,苗栗縣苗栗市,福安里,1715,4099
10005010026,苗栗縣苗栗市,嘉新里,1158,3006
10005010027,苗栗縣苗栗市,南勢里,844,2047
10005010028,苗栗縣苗栗市,文聖里,1568,4407
10005050001,苗栗縣頭份市,流東里,840,2346
10005050002,苗栗縣頭份市,珊湖里,793,1947
10005050003,苗栗縣頭份市,斗煥里,1152,3091
10005050004,苗栗縣頭份市,新華里,1488,4166
10005050005,苗栗縣頭份市,興隆里,1565,4074
10005050006,苗栗縣頭份市,上埔里,1128,2975
10005050007,苗栗縣頭份市,土牛里,648,1442
10005050008,苗栗縣頭份市,頭份里,1579,3831
10005050009,苗栗縣頭份市,忠孝里,1488,3823
10005050010,苗栗縣頭份市,仁愛里,773,1727
10005050011,苗栗縣頭份市,信義里,717,1207
10005050012,苗栗縣頭份市,和平里,461,1174
10005050013,苗栗縣頭份市,民族里,1114,2545
10005050014,苗栗縣頭份市,東庄里,1802,3596
10005050015,苗栗縣頭份市,後庄里,3098,6991
10005050016,苗栗縣頭份市,山下里,1957,5199
10005050017,苗栗縣頭份市,蟠桃里,1870,4659
10005050018,苗栗縣頭份市,田寮里,2033,4918
10005050019,苗栗縣頭份市,蘆竹里,496,1389
10005050020,苗栗縣頭份市,上興里,1185,2804
10005050021,苗栗縣頭份市,下興里,1089,2984
10005050022,苗栗縣頭份市,尖山里,501,1290
10005050023,苗栗縣頭份市,尖下里,988,2703
10005050024,苗栗縣頭份市,廣興里,368,918
10005050025,苗栗縣頭份市,濫坑里,890,2348
10005050026,苗栗縣頭份市,民權里,1190,2894
10005050027,苗栗縣頭份市,民生里,1147,2988
10005050028,苗栗縣頭份市,建國里,1525,4090
10005050029,苗栗縣頭份市,成功里,1645,4446
10005050030,苗栗縣頭份市,自強里,963,2211
10005050031,苗栗縣頭份市,合興里,1204,3242
10005050032,苗栗縣頭份市,文化里,2026,4920
10005050033,苗栗縣頭份市,中興里,1520,3941
10005050034,苗栗縣頭份市,興安里,672,1303
10005050035,苗栗縣頭份市,上庄里,1982,4069
10005020001,苗栗縣苑裡鎮,苑東里,1073,2642
10005020002,苗栗縣苑裡鎮,苑南里,702,1502
10005020003,苗栗縣苑裡鎮,苑北里,409,934
10005020004,苗栗縣苑裡鎮,西平里,647,1755
10005020005,苗栗縣苑裡鎮,苑港里,439,1221
10005020006,苗栗縣苑裡鎮,西勢里,947,2399
10005020007,苗栗縣苑裡鎮,海岸里,405,1062
10005020008,苗栗縣苑裡鎮,房裡里,886,2327
10005020009,苗栗縣苑裡鎮,客庄里,1993,4998
10005020010,苗栗縣苑裡鎮,中正里,921,2533
10005020011,苗栗縣苑裡鎮,苑坑里,428,1037
10005020012,苗栗縣苑裡鎮,水坡里,249,641
10005020013,苗栗縣苑裡鎮,新復里,559,1402
10005020014,苗栗縣苑裡鎮,山脚里,571,1331
10005020015,苗栗縣苑裡鎮,舊社里,729,1867
10005020016,苗栗縣苑裡鎮,福田里,471,1291
10005020017,苗栗縣苑裡鎮,石鎮里,220,488
10005020018,苗栗縣苑裡鎮,蕉埔里,361,816
10005020019,苗栗縣苑裡鎮,社苓里,1031,2755
10005020020,苗栗縣苑裡鎮,泰田里,756,1912
10005020021,苗栗縣苑裡鎮,上舘里,647,1695
10005020022,苗栗縣苑裡鎮,玉田里,755,1915
10005020023,苗栗縣苑裡鎮,南勢里,294,673
10005020024,苗栗縣苑裡鎮,山柑里,590,1512
10005020025,苗栗縣苑裡鎮,田心里,835,2208
10005030001,苗栗縣通霄鎮,通東里,475,1084
10005030002,苗栗縣通霄鎮,通西里,865,2023
10005030003,苗栗縣通霄鎮,平元里,716,1959
10005030004,苗栗縣通霄鎮,梅南里,589,1635
10005030005,苗栗縣通霄鎮,圳頭里,279,716
10005030006,苗栗縣通霄鎮,通南里,1040,2861
10005030007,苗栗縣通霄鎮,城北里,246,649
10005030008,苗栗縣通霄鎮,城南里,392,888
10005030009,苗栗縣通霄鎮,南和里,340,729
10005030010,苗栗縣通霄鎮,福興里,300,623
10005030011,苗栗縣通霄鎮,坪頂里,477,1229
10005030012,苗栗縣通霄鎮,五南里,516,1408
10005030013,苗栗縣通霄鎮,五北里,516,1431
10005030014,苗栗縣通霄鎮,內湖里,724,1968
10005030015,苗栗縣通霄鎮,楓樹里,213,430
10005030016,苗栗縣通霄鎮,烏眉里,409,884
10005030017,苗栗縣通霄鎮,福龍里,187,364
10005030018,苗栗縣通霄鎮,福源里,314,801
10005030019,苗栗縣通霄鎮,通灣里,862,2300
10005030020,苗栗縣通霄鎮,新埔里,431,1155
10005030021,苗栗縣通霄鎮,內島里,305,737
10005030022,苗栗縣通霄鎮,白東里,607,1557
10005030023,苗栗縣通霄鎮,白西里,289,746
10005030024,苗栗縣通霄鎮,平安里,869,2278
10005040001,苗栗縣竹南鎮,竹南里,994,2150
10005040002,苗栗縣竹南鎮,照南里,1763,4574
10005040003,苗栗縣竹南鎮,正南里,1579,3282
10005040004,苗栗縣竹南鎮,新南里,3169,7042
10005040005,苗栗縣竹南鎮,大厝里,2662,6650
10005040006,苗栗縣竹南鎮,營盤里,1660,4326
10005040007,苗栗縣竹南鎮,聖福里,1505,4583
10005040008,苗栗縣竹南鎮,竹興里,1570,3848
10005040009,苗栗縣竹南鎮,龍鳳里,899,2473
10005040010,苗栗縣竹南鎮,山佳里,2628,6625
10005040011,苗栗縣竹南鎮,中港里,516,1281
10005040012,苗栗縣竹南鎮,中華里,1382,3379
10005040013,苗栗縣竹南鎮,中英里,678,1790
10005040014,苗栗縣竹南鎮,中美里,713,2105
10005040015,苗栗縣竹南鎮,開元里,708,1629
10005040016,苗栗縣竹南鎮,海口里,2048,5476
10005040017,苗栗縣竹南鎮,港墘里,900,2651
10005040018,苗栗縣竹南鎮,公舘里,464,1316
10005040019,苗栗縣竹南鎮,大埔里,4185,7733
10005040020,苗栗縣竹南鎮,頂埔里,892,2240
10005040021,苗栗縣竹南鎮,崎頂里,1833,4470
10005040022,苗栗縣竹南鎮,公義里,406,1061
10005040023,苗栗縣竹南鎮,佳興里,1680,4682
10005040024,苗栗縣竹南鎮,天文里,1100,3126
10005040025,苗栗縣竹南鎮,龍山里,1149,3104
10005060001,苗栗縣後龍鎮,南龍里,570,1530
10005060002,苗栗縣後龍鎮,中龍里,303,764
10005060003,苗栗縣後龍鎮,北龍里,613,1442
10005060004,苗栗縣後龍鎮,大庄里,1896,5105
10005060005,苗栗縣後龍鎮,溪洲里,884,2386
10005060006,苗栗縣後龍鎮,豐富里,601,1447
10005060007,苗栗縣後龍鎮,校椅里,923,1907
10005060008,苗栗縣後龍鎮,埔頂里,1060,3009
10005060009,苗栗縣後龍鎮,新民里,485,1358
10005060010,苗栗縣後龍鎮,復興里,293,724
10005060011,苗栗縣後龍鎮,東明里,628,1570
10005060012,苗栗縣後龍鎮,大山里,623,1544
10005060013,苗栗縣後龍鎮,灣寶里,498,1238
10005060014,苗栗縣後龍鎮,海寶里,375,990
10005060015,苗栗縣後龍鎮,外埔里,398,954
10005060016,苗栗縣後龍鎮,海埔里,375,897
10005060017,苗栗縣後龍鎮,秀水里,252,654
10005060018,苗栗縣後龍鎮,水尾里,412,1050
10005060019,苗栗縣後龍鎮,龍津里,228,595
10005060020,苗栗縣後龍鎮,龍坑里,535,1342
10005060021,苗栗縣後龍鎮,福寧里,265,686
10005060022,苗栗縣後龍鎮,中和里,462,969
10005060023,苗栗縣後龍鎮,南港里,506,1205
10005070001,苗栗縣卓蘭鎮,中街里,325,682
10005070002,苗栗縣卓蘭鎮,新厝里,663,1508
10005070003,苗栗縣卓蘭鎮,上新里,836,2056
10005070004,苗栗縣卓蘭鎮,豐田里,380,926
10005070005,苗栗縣卓蘭鎮,西坪里,310,787
10005070006,苗栗縣卓蘭鎮,景山里,337,972
10005070007,苗栗縣卓蘭鎮,老庄里,801,1816
10005070008,苗栗縣卓蘭鎮,新榮里,436,1031
10005070009,苗栗縣卓蘭鎮,內灣里,814,2014
10005070010,苗栗縣卓蘭鎮,苗豐里,286,709
10005070011,苗栗縣卓蘭鎮,坪林里,576,1784
10005080001,苗栗縣大湖鄉,大湖村,732,1686
10005080002,苗栗縣大湖鄉,明湖村,253,549
10005080003,苗栗縣大湖鄉,靜湖村,738,1736
10005080004,苗栗縣大湖鄉,富興村,600,1341
10005080005,苗栗縣大湖鄉,大南村,241,472
10005080006,苗栗縣大湖鄉,大寮村,486,1149
10005080007,苗栗縣大湖鄉,南湖村,261,596
10005080008,苗栗縣大湖鄉,義和村,563,1499
10005080009,苗栗縣大湖鄉,東興村,298,706
10005080010,苗栗縣大湖鄉,武榮村,205,449
10005080011,苗栗縣大湖鄉,栗林村,380,979
10005080012,苗栗縣大湖鄉,新開村,362,968
10005090001,苗栗縣公館鄉,館中村,710,1703
10005090002,苗栗縣公館鄉,館東村,1067,2755
10005090003,苗栗縣公館鄉,館南村,1418,4012
10005090004,苗栗縣公館鄉,大坑村,389,986
10005090005,苗栗縣公館鄉,中義村,875,2404
10005090006,苗栗縣公館鄉,玉泉村,1132,2810
10005090007,苗栗縣公館鄉,石墻村,487,1464
10005090008,苗栗縣公館鄉,福基村,411,1030
10005090009,苗栗縣公館鄉,福星村,826,2269
10005090010,苗栗縣公館鄉,開礦村,130,251
10005090011,苗栗縣公館鄉,福德村,144,296
10005090012,苗栗縣公館鄉,五谷村,890,2303
10005090013,苗栗縣公館鄉,玉谷村,656,1539
10005090014,苗栗縣公館鄉,鶴岡村,631,1667
10005090015,苗栗縣公館鄉,鶴山村,568,1498
10005090016,苗栗縣公館鄉,仁安村,488,1289
10005090017,苗栗縣公館鄉,尖山村,556,1432
10005090018,苗栗縣公館鄉,南河村,108,217
10005090019,苗栗縣公館鄉,北河村,166,323
10005100001,苗栗縣銅鑼鄉,福興村,431,1057
10005100002,苗栗縣銅鑼鄉,銅鑼村,1887,4861
10005100003,苗栗縣銅鑼鄉,朝陽村,753,1786
10005100004,苗栗縣銅鑼鄉,樟樹村,481,1320
10005100005,苗栗縣銅鑼鄉,九湖村,436,1200
10005100006,苗栗縣銅鑼鄉,竹森村,449,1030
10005100007,苗栗縣銅鑼鄉,中平村,1324,3365
10005100008,苗栗縣銅鑼鄉,興隆村,261,595
10005100009,苗栗縣銅鑼鄉,盛隆村,215,433
10005100010,苗栗縣銅鑼鄉,新隆村,237,502
10005110001,苗栗縣南庄鄉,東村,536,1126
10005110002,苗栗縣南庄鄉,西村,292,654
10005110003,苗栗縣南庄鄉,南江村,559,1345
10005110004,苗栗縣南庄鄉,田美村,382,791
10005110005,苗栗縣南庄鄉,獅山村,349,737
10005110006,苗栗縣南庄鄉,南富村,479,1059
10005110007,苗栗縣南庄鄉,員林村,387,972
10005110008,苗栗縣南庄鄉,蓬萊村,401,901
10005110009,苗栗縣南庄鄉,東河村,425,978
10005120001,苗栗縣頭屋鄉,頭屋村,1134,2761
10005120002,苗栗縣頭屋鄉,象山村,689,1790
10005120003,苗栗縣頭屋鄉,北坑村,280,688
10005120004,苗栗縣頭屋鄉,獅潭村,614,1672
10005120005,苗栗縣頭屋鄉,曲洞村,334,870
10005120006,苗栗縣頭屋鄉,飛鳳村,190,397
10005120007,苗栗縣頭屋鄉,明德村,398,884
10005120008,苗栗縣頭屋鄉,鳴鳳村,140,275
10005130001,苗栗縣三義鄉,廣盛村,1594,4162
10005130002,苗栗縣三義鄉,双湖村,840,2019
10005130003,苗栗縣三義鄉,双潭村,586,1353
10005130004,苗栗縣三義鄉,勝興村,1415,3641
10005130005,苗栗縣三義鄉,西湖村,614,1497
10005130006,苗栗縣三義鄉,龍騰村,176,411
10005130007,苗栗縣三義鄉,鯉魚潭村,570,1263
10005140001,苗栗縣西湖鄉,高埔村,252,578
10005140002,苗栗縣西湖鄉,下埔村,233,518
10005140003,苗栗縣西湖鄉,五湖村,325,700
10005140004,苗栗縣西湖鄉,四湖村,237,565
10005140005,苗栗縣西湖鄉,金獅村,219,467
10005140006,苗栗縣西湖鄉,龍洞村,228,419
10005140007,苗栗縣西湖鄉,三湖村,386,846
10005140008,苗栗縣西湖鄉,湖東村,461,1093
10005140009,苗栗縣西湖鄉,二湖村,234,640
10005150001,苗栗縣造橋鄉,造橋村,883,2157
10005150002,苗栗縣造橋鄉,平興村,187,428
10005150003,苗栗縣造橋鄉,豐湖村,405,999
10005150004,苗栗縣造橋鄉,大西村,1254,3531
10005150005,苗栗縣造橋鄉,錦水村,193,484
10005150006,苗栗縣造橋鄉,大龍村,171,470
10005150007,苗栗縣造橋鄉,朝陽村,558,1433
10005150008,苗栗縣造橋鄉,談文村,498,1048
10005150009,苗栗縣造橋鄉,龍昇村,357,912
10005160001,苗栗縣三灣鄉,三灣村,819,2284
10005160002,苗栗縣三灣鄉,內灣村,243,628
10005160003,苗栗縣三灣鄉,銅鏡村,323,808
10005160004,苗栗縣三灣鄉,頂寮村,107,230
10005160005,苗栗縣三灣鄉,北埔村,207,506
10005160006,苗栗縣三灣鄉,大河村,243,505
10005160007,苗栗縣三灣鄉,大坪村,173,377
10005160008,苗栗縣三灣鄉,永和村,192,353
10005170001,苗栗縣獅潭鄉,百壽村,151,324
10005170002,苗栗縣獅潭鄉,永興村,231,510
10005170003,苗栗縣獅潭鄉,新店村,407,906
10005170004,苗栗縣獅潭鄉,和興村,241,580
10005170005,苗栗縣獅潭鄉,豐林村,253,589
10005170006,苗栗縣獅潭鄉,新豐村,146,321
10005170007,苗栗縣獅潭鄉,竹木村,306,684
10005180001,苗栗縣泰安鄉,八卦村,122,371
10005180002,苗栗縣泰安鄉,錦水村,416,1081
10005180003,苗栗縣泰安鄉,清安村,341,816
10005180004,苗栗縣泰安鄉,大興村,210,557
10005180005,苗栗縣泰安鄉,中興村,191,557
10005180006,苗栗縣泰安鄉,梅園村,196,602
10005180007,苗栗縣泰安鄉,象鼻村,281,762
10005180008,苗栗縣泰安鄉,士林村,226,686
10007010001,彰化縣彰化市,文化里,546,1286
10007010002,彰化縣彰化市,下廍里,2428,6618
10007010003,彰化縣彰化市,興北里,794,1894
10007010004,彰化縣彰化市,信義里,437,886
10007010005,彰化縣彰化市,民生里,636,1452
10007010006,彰化縣彰化市,陽明里,747,1854
10007010007,彰化縣彰化市,萬安里,1637,4155
10007010008,彰化縣彰化市,新興里,2307,6296
10007010009,彰化縣彰化市,新華里,692,2016
10007010010,彰化縣彰化市,龍山里,897,2127
10007010011,彰化縣彰化市,中山里,414,921
10007010012,彰化縣彰化市,中正里,684,1538
10007010013,彰化縣彰化市,永福里,415,848
10007010014,彰化縣彰化市,光復里,305,644
10007010015,彰化縣彰化市,光華里,344,716
10007010016,彰化縣彰化市,萬壽里,386,825
10007010017,彰化縣彰化市,中央里,334,677
10007010018,彰化縣彰化市,富貴里,374,838
10007010019,彰化縣彰化市,民權里,464,1038
10007010020,彰化縣彰化市,西興里,1460,3735
10007010021,彰化縣彰化市,西勢里,1597,4220
10007010022,彰化縣彰化市,忠孝里,508,1276
10007010023,彰化縣彰化市,忠權里,1450,3773
10007010024,彰化縣彰化市,五權里,1909,4843
10007010025,彰化縣彰化市,長樂里,431,880
10007010026,彰化縣彰化市,東芳里,1415,3953
10007010027,彰化縣彰化市,南安里,794,2329
10007010028,彰化縣彰化市,南美里,739,2177
10007010029,彰化縣彰化市,莿桐里,1341,3339
10007010030,彰化縣彰化市,磚󿾨里,1257,3616
10007010031,彰化縣彰化市,平和里,2014,4961
10007010032,彰化縣彰化市,桃源里,904,2465
10007010033,彰化縣彰化市,卦山里,1161,2725
10007010034,彰化縣彰化市,東興里,710,1574
10007010035,彰化縣彰化市,大同里,465,942
10007010036,彰化縣彰化市,永生里,550,1187
10007010037,彰化縣彰化市,華陽里,791,1811
10007010038,彰化縣彰化市,華北里,740,1579
10007010039,彰化縣彰化市,南瑶里,3369,8573
10007010040,彰化縣彰化市,成功里,647,1526
10007010041,彰化縣彰化市,延和里,2284,6174
10007010042,彰化縣彰化市,南興里,3837,9893
10007010043,彰化縣彰化市,西安里,1262,2943
10007010044,彰化縣彰化市,彰安里,1284,3106
10007010045,彰化縣彰化市,光南里,690,1491
10007010046,彰化縣彰化市,介壽里,1580,2907
10007010047,彰化縣彰化市,延平里,4641,11994
10007010048,彰化縣彰化市,建寶里,1022,2340
10007010049,彰化縣彰化市,福安里,586,1216
10007010050,彰化縣彰化市,大竹里,1415,3716
10007010051,彰化縣彰化市,竹中里,676,1828
10007010052,彰化縣彰化市,安溪里,831,2195
10007010053,彰化縣彰化市,香山里,1376,3804
10007010054,彰化縣彰化市,牛埔里,1145,3182
10007010055,彰化縣彰化市,福山里,2669,7288
10007010056,彰化縣彰化市,中庄里,1026,2605
10007010057,彰化縣彰化市,三村里,388,1190
10007010058,彰化縣彰化市,國聖里,1102,2943
10007010059,彰化縣彰化市,寶廍里,443,1376
10007010060,彰化縣彰化市,茄苳里,353,1023
10007010061,彰化縣彰化市,茄南里,1358,3776
10007010062,彰化縣彰化市,阿夷里,3930,10349
10007010063,彰化縣彰化市,古夷里,1026,2811
10007010064,彰化縣彰化市,復興里,1763,4573
10007010065,彰化縣彰化市,和調里,1125,3049
10007010066,彰化縣彰化市,石牌里,386,1119
10007010067,彰化縣彰化市,福田里,469,1321
10007010068,彰化縣彰化市,竹巷里,340,907
10007010069,彰化縣彰化市,田中里,295,953
10007010070,彰化縣彰化市,快官里,467,1169
10007010071,彰化縣彰化市,台鳳里,1781,4843
10007010072,彰化縣彰化市,崙平里,2424,5815
10007010073,彰化縣彰化市,向陽里,2483,6721
10007100001,彰化縣員林市,東和里,467,1071
10007100002,彰化縣員林市,民生里,1283,3023
10007100003,彰化縣員林市,中正里,1504,3645
10007100004,彰化縣員林市,仁美里,1143,2810
10007100005,彰化縣員林市,新興里,286,707
10007100006,彰化縣員林市,和平里,1337,3168
10007100007,彰化縣員林市,光明里,340,809
10007100008,彰化縣員林市,中山里,252,593
10007100009,彰化縣員林市,黎明里,850,1941
10007100010,彰化縣員林市,惠來里,2583,6432
10007100011,彰化縣員林市,三義里,1224,3108
10007100012,彰化縣員林市,新生里,1928,4732
10007100013,彰化縣員林市,南平里,3172,7548
10007100014,彰化縣員林市,南興里,2144,5855
10007100015,彰化縣員林市,源潭里,672,2009
10007100016,彰化縣員林市,大埔里,790,2432
10007100017,彰化縣員林市,三條里,1335,3495
10007100018,彰化縣員林市,三和里,2914,7881
10007100019,彰化縣員林市,三橋里,1302,3666
10007100020,彰化縣員林市,中央里,769,2169
10007100021,彰化縣員林市,溝皂里,1346,3282
10007100022,彰化縣員林市,大饒里,1430,3796
10007100023,彰化縣員林市,大明里,832,2459
10007100024,彰化縣員林市,萬年里,1894,4735
10007100025,彰化縣員林市,崙雅里,902,2480
10007100026,彰化縣員林市,振興里,1138,3038
10007100027,彰化縣員林市,林厝里,1047,3027
10007100028,彰化縣員林市,出水里,678,1840
10007100029,彰化縣員林市,湖水里,370,1146
10007100030,彰化縣員林市,大峯里,252,762
10007100031,彰化縣員林市,鎮興里,828,2227
10007100032,彰化縣員林市,浮圳里,847,2446
10007100033,彰化縣員林市,西東里,750,2236
10007100034,彰化縣員林市,南東里,663,1865
10007100035,彰化縣員林市,中東里,699,1963
10007100036,彰化縣員林市,東北里,817,2392
10007100037,彰化縣員林市,三愛里,1453,3714
10007100038,彰化縣員林市,三信里,1030,2671
10007100039,彰化縣員林市,三多里,1714,4088
10007100040,彰化縣員林市,仁愛里,578,1688
10007100041,彰化縣員林市,忠孝里,1008,2652
10007020001,彰化縣鹿港鎮,大有里,503,1251
10007020002,彰化縣鹿港鎮,中興里,242,549
10007020003,彰化縣鹿港鎮,洛津里,333,893
10007020004,彰化縣鹿港鎮,順興里,426,981
10007020005,彰化縣鹿港鎮,頂厝里,1289,3719
10007020006,彰化縣鹿港鎮,東崎里,2114,6134
10007020007,彰化縣鹿港鎮,埔崙里,2162,6224
10007020008,彰化縣鹿港鎮,東石里,1783,5216
10007020009,彰化縣鹿港鎮,郭厝里,218,571
10007020010,彰化縣鹿港鎮,新宮里,321,791
10007020011,彰化縣鹿港鎮,玉順里,428,1142
10007020012,彰化縣鹿港鎮,景福里,488,1111
10007020013,彰化縣鹿港鎮,泰興里,511,1338
10007020014,彰化縣鹿港鎮,長興里,105,272
10007020015,彰化縣鹿港鎮,龍山里,249,683
10007020016,彰化縣鹿港鎮,興化里,219,609
10007020017,彰化縣鹿港鎮,菜園里,324,958
10007020018,彰化縣鹿港鎮,街尾里,935,2455
10007020019,彰化縣鹿港鎮,頂番里,1521,4471
10007020020,彰化縣鹿港鎮,頭崙里,921,2922
10007020021,彰化縣鹿港鎮,廖厝里,1718,4918
10007020022,彰化縣鹿港鎮,溝墘里,1511,4725
10007020023,彰化縣鹿港鎮,草中里,1214,3475
10007020024,彰化縣鹿港鎮,頭南里,816,2424
10007020025,彰化縣鹿港鎮,山崙里,1101,3242
10007020026,彰化縣鹿港鎮,海埔里,1454,4129
10007020027,彰化縣鹿港鎮,詔安里,856,2463
10007020028,彰化縣鹿港鎮,洋厝里,900,2543
10007020029,彰化縣鹿港鎮,永安里,1917,4997
10007020030,彰化縣鹿港鎮,鹿和里,1058,3094
10007020031,彰化縣鹿港鎮,鹿東里,1100,3333
10007030001,彰化縣和美鎮,竹營里,2539,7120
10007030002,彰化縣和美鎮,和東里,2258,5656
10007030003,彰化縣和美鎮,和南里,148,389
10007030004,彰化縣和美鎮,和北里,815,2045
10007030005,彰化縣和美鎮,和西里,1324,3421
10007030006,彰化縣和美鎮,四張里,1199,3197
10007030007,彰化縣和美鎮,頭前里,658,1992
10007030008,彰化縣和美鎮,還社里,336,985
10007030009,彰化縣和美鎮,面前里,949,2700
10007030010,彰化縣和美鎮,鎮平里,1176,3176
10007030011,彰化縣和美鎮,大霞里,584,1602
10007030012,彰化縣和美鎮,源埤里,703,1998
10007030013,彰化縣和美鎮,南佃里,868,2430
10007030014,彰化縣和美鎮,雅溝里,501,1451
10007030015,彰化縣和美鎮,山犁里,2201,6368
10007030016,彰化縣和美鎮,嘉犁里,751,2074
10007030017,彰化縣和美鎮,鐵山里,1282,3074
10007030018,彰化縣和美鎮,詔安里,910,2182
10007030019,彰化縣和美鎮,柑井里,1444,4190
10007030020,彰化縣和美鎮,竹園里,382,1089
10007030021,彰化縣和美鎮,新庄里,1038,2580
10007030022,彰化縣和美鎮,犁盛里,969,2600
10007030023,彰化縣和美鎮,中寮里,420,1210
10007030024,彰化縣和美鎮,中圍里,1108,3094
10007030025,彰化縣和美鎮,糖友里,1975,5104
10007030026,彰化縣和美鎮,塗厝里,644,1779
10007030027,彰化縣和美鎮,地潭里,288,778
10007030028,彰化縣和美鎮,湖內里,500,1290
10007030029,彰化縣和美鎮,嘉寶里,732,2148
10007030030,彰化縣和美鎮,月眉里,1187,3280
10007030031,彰化縣和美鎮,好修里,603,1653
10007030032,彰化縣和美鎮,仁愛里,1308,3373
10007190001,彰化縣北斗鎮,光復里,923,2403
10007190002,彰化縣北斗鎮,新政里,405,894
10007190003,彰化縣北斗鎮,重慶里,219,523
10007190004,彰化縣北斗鎮,五權里,267,666
10007190005,彰化縣北斗鎮,七星里,567,1533
10007190006,彰化縣北斗鎮,居仁里,561,1380
10007190007,彰化縣北斗鎮,東光里,1015,2678
10007190008,彰化縣北斗鎮,文昌里,1530,3883
10007190009,彰化縣北斗鎮,中和里,521,1438
10007190010,彰化縣北斗鎮,西德里,1978,5306
10007190011,彰化縣北斗鎮,西安里,878,2215
10007190012,彰化縣北斗鎮,中寮里,1098,3133
10007190013,彰化縣北斗鎮,大道里,931,2406
10007190014,彰化縣北斗鎮,新生里,893,2348
10007190015,彰化縣北斗鎮,大新里,835,2120
10007110001,彰化縣溪湖鎮,光平里,561,1434
10007110002,彰化縣溪湖鎮,平和里,273,630
10007110003,彰化縣溪湖鎮,太平里,830,2336
10007110004,彰化縣溪湖鎮,光華里,190,444
10007110005,彰化縣溪湖鎮,東寮里,1647,4666
10007110006,彰化縣溪湖鎮,西寮里,893,2779
10007110007,彰化縣溪湖鎮,大突里,1508,4310
10007110008,彰化縣溪湖鎮,北勢里,560,1612
10007110009,彰化縣溪湖鎮,汴頭里,1300,3487
10007110010,彰化縣溪湖鎮,大竹里,1124,2853
10007110011,彰化縣溪湖鎮,湖西里,1025,2556
10007110012,彰化縣溪湖鎮,田中里,322,884
10007110013,彰化縣溪湖鎮,河東里,709,1982
10007110014,彰化縣溪湖鎮,中山里,958,2673
10007110015,彰化縣溪湖鎮,中竹里,276,845
10007110016,彰化縣溪湖鎮,東溪里,568,1564
10007110017,彰化縣溪湖鎮,西溪里,728,1992
10007110018,彰化縣溪湖鎮,湖東里,1936,5619
10007110019,彰化縣溪湖鎮,頂庄里,279,722
10007110020,彰化縣溪湖鎮,忠覺里,467,1313
10007110021,彰化縣溪湖鎮,湳底里,304,804
10007110022,彰化縣溪湖鎮,大庭里,535,1413
10007110023,彰化縣溪湖鎮,媽厝里,471,1289
10007110024,彰化縣溪湖鎮,西勢里,860,2389
10007110025,彰化縣溪湖鎮,番婆里,686,1950
10007120001,彰化縣田中鎮,香山里,365,934
10007120002,彰化縣田中鎮,碧峰里,347,961
10007120003,彰化縣田中鎮,東源里,337,828
10007120004,彰化縣田中鎮,復興里,571,1510
10007120005,彰化縣田中鎮,平和里,593,1597
10007120006,彰化縣田中鎮,頂潭里,476,1301
10007120007,彰化縣田中鎮,中潭里,811,2042
10007120008,彰化縣田中鎮,龍潭里,224,575
10007120009,彰化縣田中鎮,北路里,1483,3821
10007120010,彰化縣田中鎮,西路里,1119,2732
10007120011,彰化縣田中鎮,東路里,478,1123
10007120012,彰化縣田中鎮,南路里,456,1173
10007120013,彰化縣田中鎮,中路里,897,2069
10007120014,彰化縣田中鎮,新庄里,1024,2692
10007120015,彰化縣田中鎮,三安里,570,1545
10007120016,彰化縣田中鎮,大崙里,508,1356
10007120017,彰化縣田中鎮,沙崙里,756,2143
10007120018,彰化縣田中鎮,新民里,1646,4718
10007120019,彰化縣田中鎮,梅州里,561,1429
10007120020,彰化縣田中鎮,三民里,605,1655
10007120021,彰化縣田中鎮,三光里,361,902
10007120022,彰化縣田中鎮,大社里,351,874
10007200001,彰化縣二林鎮,東和里,1007,2301
10007200002,彰化縣二林鎮,南光里,1549,3810
10007200003,彰化縣二林鎮,西平里,722,1839
10007200004,彰化縣二林鎮,北平里,1380,3385
10007200005,彰化縣二林鎮,中西里,550,1660
10007200006,彰化縣二林鎮,廣興里,500,1383
10007200007,彰化縣二林鎮,香田里,401,1078
10007200008,彰化縣二林鎮,外竹里,347,976
10007200009,彰化縣二林鎮,興華里,414,1214
10007200010,彰化縣二林鎮,東興里,647,1761
10007200011,彰化縣二林鎮,後厝里,1833,4461
10007200012,彰化縣二林鎮,豐田里,1045,2756
10007200013,彰化縣二林鎮,頂厝里,585,1415
10007200014,彰化縣二林鎮,趙甲里,556,1508
10007200015,彰化縣二林鎮,振興里,426,1174
10007200016,彰化縣二林鎮,萬興里,275,783
10007200017,彰化縣二林鎮,永興里,569,1535
10007200018,彰化縣二林鎮,西庄里,531,1379
10007200019,彰化縣二林鎮,梅芳里,384,1079
10007200020,彰化縣二林鎮,華崙里,1387,3612
10007200021,彰化縣二林鎮,東勢里,341,936
10007200022,彰化縣二林鎮,萬合里,396,1105
10007200023,彰化縣二林鎮,大永里,293,844
10007200024,彰化縣二林鎮,原斗里,478,1265
10007200025,彰化縣二林鎮,西斗里,382,1022
10007200026,彰化縣二林鎮,東華里,396,993
10007200027,彰化縣二林鎮,復豐里,226,682
10007040001,彰化縣線西鄉,線西村,826,2537
10007040002,彰化縣線西鄉,頂庄村,449,1335
10007040003,彰化縣線西鄉,寓埔村,1007,2842
10007040004,彰化縣線西鄉,塭仔村,461,1379
10007040005,彰化縣線西鄉,溝內村,473,1408
10007040006,彰化縣線西鄉,下犁村,676,2030
10007040007,彰化縣線西鄉,頂犁村,976,2920
10007040008,彰化縣線西鄉,德興村,552,1553
10007050001,彰化縣伸港鄉,曾家村,611,1875
10007050002,彰化縣伸港鄉,蚵寮村,407,1223
10007050003,彰化縣伸港鄉,埤墘村,670,1983
10007050004,彰化縣伸港鄉,溪底村,907,2656
10007050005,彰化縣伸港鄉,泉州村,784,2277
10007050006,彰化縣伸港鄉,泉厝村,464,1362
10007050007,彰化縣伸港鄉,海尾村,649,1989
10007050008,彰化縣伸港鄉,全興村,675,1949
10007050009,彰化縣伸港鄉,定興村,1028,3055
10007050010,彰化縣伸港鄉,新港村,2193,6201
10007050011,彰化縣伸港鄉,什股村,1147,3178
10007050012,彰化縣伸港鄉,大同村,1391,3910
10007050013,彰化縣伸港鄉,七嘉村,1195,3725
10007050014,彰化縣伸港鄉,汴頭村,781,2524
10007060001,彰化縣福興鄉,番社村,606,1686
10007060002,彰化縣福興鄉,社尾村,570,1588
10007060003,彰化縣福興鄉,大崙村,504,1327
10007060004,彰化縣福興鄉,外埔村,634,1805
10007060005,彰化縣福興鄉,外中村,475,1279
10007060006,彰化縣福興鄉,元中村,515,1386
10007060007,彰化縣福興鄉,三汴村,525,1477
10007060008,彰化縣福興鄉,萬豐村,346,883
10007060009,彰化縣福興鄉,番婆村,1028,2752
10007060010,彰化縣福興鄉,橋頭村,1274,2968
10007060011,彰化縣福興鄉,秀厝村,948,3023
10007060012,彰化縣福興鄉,鎮平村,465,1273
10007060013,彰化縣福興鄉,三和村,359,1071
10007060014,彰化縣福興鄉,麥厝村,795,2342
10007060015,彰化縣福興鄉,廈粘村,699,2115
10007060016,彰化縣福興鄉,頂粘村,784,2601
10007060017,彰化縣福興鄉,福寶村,433,1375
10007060018,彰化縣福興鄉,二港村,445,1368
10007060019,彰化縣福興鄉,福興村,1534,4048
10007060020,彰化縣福興鄉,福南村,967,2864
10007060021,彰化縣福興鄉,同安村,870,2600
10007060022,彰化縣福興鄉,西勢村,687,2097
10007070001,彰化縣秀水鄉,秀水村,624,1914
10007070002,彰化縣秀水鄉,安溪村,852,2308
10007070003,彰化縣秀水鄉,莊雅村,1023,3086
10007070004,彰化縣秀水鄉,金興村,740,2039
10007070005,彰化縣秀水鄉,陝西村,569,1569
10007070006,彰化縣秀水鄉,安東村,1586,4367
10007070007,彰化縣秀水鄉,鶴鳴村,1201,3289
10007070008,彰化縣秀水鄉,馬興村,862,2464
10007070009,彰化縣秀水鄉,義興村,579,1579
10007070010,彰化縣秀水鄉,福安村,1925,5744
10007070011,彰化縣秀水鄉,埔崙村,806,2320
10007070012,彰化縣秀水鄉,曾厝村,698,2042
10007070013,彰化縣秀水鄉,金陵村,703,2056
10007070014,彰化縣秀水鄉,下崙村,825,2320
10007080001,彰化縣花壇鄉,花壇村,1406,3615
10007080002,彰化縣花壇鄉,金墩村,800,1977
10007080003,彰化縣花壇鄉,中庄村,865,2417
10007080004,彰化縣花壇鄉,劉厝村,446,1145
10007080005,彰化縣花壇鄉,崙雅村,535,1550
10007080006,彰化縣花壇鄉,南口村,785,2044
10007080007,彰化縣花壇鄉,中口村,284,733
10007080008,彰化縣花壇鄉,北口村,815,2128
10007080009,彰化縣花壇鄉,長沙村,2156,5815
10007080010,彰化縣花壇鄉,文德村,1337,3480
10007080011,彰化縣花壇鄉,白沙村,1966,5075
10007080012,彰化縣花壇鄉,岩竹村,537,1407
10007080013,彰化縣花壇鄉,橋頭村,1261,3704
10007080014,彰化縣花壇鄉,灣雅村,355,978
10007080015,彰化縣花壇鄉,灣東村,355,947
10007080016,彰化縣花壇鄉,三春村,720,2128
10007080017,彰化縣花壇鄉,永春村,780,2137
10007080018,彰化縣花壇鄉,長春村,577,1759
10007090001,彰化縣芬園鄉,舊社村,624,1787
10007090002,彰化縣芬園鄉,大埔村,527,1414
10007090003,彰化縣芬園鄉,竹林村,612,1879
10007090004,彰化縣芬園鄉,社口村,1015,2807
10007090005,彰化縣芬園鄉,茄荖村,898,2445
10007090006,彰化縣芬園鄉,嘉興村,656,1704
10007090007,彰化縣芬園鄉,芬園村,310,921
10007090008,彰化縣芬園鄉,縣庄村,414,1161
10007090009,彰化縣芬園鄉,圳墘村,250,618
10007090010,彰化縣芬園鄉,溪頭村,640,1767
10007090011,彰化縣芬園鄉,進芬村,357,1048
10007090012,彰化縣芬園鄉,同安村,404,1149
10007090013,彰化縣芬園鄉,中崙村,316,859
10007090014,彰化縣芬園鄉,大竹村,363,982
10007090015,彰化縣芬園鄉,楓坑村,198,589
10007130001,彰化縣大村鄉,大村村,1659,4650
10007130002,彰化縣大村鄉,茄苳村,574,1695
10007130003,彰化縣大村鄉,南勢村,616,1738
10007130004,彰化縣大村鄉,田洋村,454,1395
10007130005,彰化縣大村鄉,新興村,447,1265
10007130006,彰化縣大村鄉,過溝村,1450,3765
10007130007,彰化縣大村鄉,美港村,1212,3333
10007130008,彰化縣大村鄉,平和村,1054,2937
10007130009,彰化縣大村鄉,貢旗村,618,1849
10007130010,彰化縣大村鄉,加錫村,656,1811
10007130011,彰化縣大村鄉,村上村,586,1588
10007130012,彰化縣大村鄉,大橋村,775,2208
10007130013,彰化縣大村鄉,大崙村,611,1802
10007130014,彰化縣大村鄉,擺塘村,1037,2958
10007130015,彰化縣大村鄉,黃厝村,1141,2943
10007130016,彰化縣大村鄉,福興村,921,2511
10007140001,彰化縣埔鹽鄉,埔鹽村,702,1874
10007140002,彰化縣埔鹽鄉,埔南村,635,1667
10007140003,彰化縣埔鹽鄉,廍子村,506,1311
10007140004,彰化縣埔鹽鄉,出水村,337,1005
10007140005,彰化縣埔鹽鄉,南港村,691,1846
10007140006,彰化縣埔鹽鄉,打廉村,359,952
10007140007,彰化縣埔鹽鄉,豐澤村,514,1377
10007140008,彰化縣埔鹽鄉,崑崙村,442,1113
10007140009,彰化縣埔鹽鄉,角樹村,260,687
10007140010,彰化縣埔鹽鄉,瓦󿾨村,460,1308
10007140011,彰化縣埔鹽鄉,好修村,858,2290
10007140012,彰化縣埔鹽鄉,西湖村,670,2174
10007140013,彰化縣埔鹽鄉,大有村,492,1273
10007140014,彰化縣埔鹽鄉,新興村,176,459
10007140015,彰化縣埔鹽鄉,永平村,487,1231
10007140016,彰化縣埔鹽鄉,永樂村,298,876
10007140017,彰化縣埔鹽鄉,石埤村,522,1481
10007140018,彰化縣埔鹽鄉,天盛村,333,859
10007140019,彰化縣埔鹽鄉,太平村,578,1597
10007140020,彰化縣埔鹽鄉,新水村,560,1554
10007140021,彰化縣埔鹽鄉,三省村,548,1414
10007140022,彰化縣埔鹽鄉,南新村,527,1416
10007150001,彰化縣埔心鄉,東門村,1428,4004
10007150002,彰化縣埔心鄉,埔心村,473,1299
10007150003,彰化縣埔心鄉,義民村,731,1794
10007150004,彰化縣埔心鄉,油車村,483,1320
10007150005,彰化縣埔心鄉,瓦北村,791,2000
10007150006,彰化縣埔心鄉,瓦中村,994,2312
10007150007,彰化縣埔心鄉,瓦南村,561,1499
10007150008,彰化縣埔心鄉,太平村,800,2248
10007150009,彰化縣埔心鄉,經口村,987,2589
10007150010,彰化縣埔心鄉,大華村,260,688
10007150011,彰化縣埔心鄉,仁里村,518,1411
10007150012,彰化縣埔心鄉,舊舘村,641,1736
10007150013,彰化縣埔心鄉,南舘村,437,1168
10007150014,彰化縣埔心鄉,新舘村,419,1140
10007150015,彰化縣埔心鄉,羅厝村,517,1350
10007150016,彰化縣埔心鄉,芎蕉村,791,2087
10007150017,彰化縣埔心鄉,二重村,594,1609
10007150018,彰化縣埔心鄉,梧鳳村,339,914
10007150019,彰化縣埔心鄉,埤霞村,294,764
10007150020,彰化縣埔心鄉,埤脚村,347,940
10007160001,彰化縣永靖鄉,永東村,326,895
10007160002,彰化縣永靖鄉,永西村,616,1675
10007160003,彰化縣永靖鄉,永南村,701,1984
10007160004,彰化縣永靖鄉,永北村,869,2490
10007160005,彰化縣永靖鄉,港西村,658,1757
10007160006,彰化縣永靖鄉,五福村,588,1567
10007160007,彰化縣永靖鄉,湳港村,429,1222
10007160008,彰化縣永靖鄉,新莊村,444,1269
10007160009,彰化縣永靖鄉,瑚璉村,1158,3331
10007160010,彰化縣永靖鄉,五汴村,533,1486
10007160011,彰化縣永靖鄉,浮圳村,448,1256
10007160012,彰化縣永靖鄉,光雲村,620,1717
10007160013,彰化縣永靖鄉,東寧村,790,2233
10007160014,彰化縣永靖鄉,永興村,576,1649
10007160015,彰化縣永靖鄉,崙子村,556,1479
10007160016,彰化縣永靖鄉,獨鰲村,321,861
10007160017,彰化縣永靖鄉,敦厚村,298,808
10007160018,彰化縣永靖鄉,崙美村,295,834
10007160019,彰化縣永靖鄉,同安村,255,677
10007160020,彰化縣永靖鄉,同仁村,341,849
10007160021,彰化縣永靖鄉,湳墘村,296,848
10007160022,彰化縣永靖鄉,四芳村,233,623
10007160023,彰化縣永靖鄉,福興村,436,1157
10007160024,彰化縣永靖鄉,竹子村,493,1295
10007170001,彰化縣社頭鄉,社頭村,1160,2953
10007170002,彰化縣社頭鄉,東興村,602,1586
10007170003,彰化縣社頭鄉,山湖村,455,1244
10007170004,彰化縣社頭鄉,廣興村,1725,4924
10007170005,彰化縣社頭鄉,廣福村,375,1002
10007170006,彰化縣社頭鄉,朝興村,437,1162
10007170007,彰化縣社頭鄉,仁雅村,1250,3354
10007170008,彰化縣社頭鄉,橋頭村,795,2245
10007170009,彰化縣社頭鄉,仁和村,315,847
10007170010,彰化縣社頭鄉,崙雅村,397,1068
10007170011,彰化縣社頭鄉,湳底村,785,2009
10007170012,彰化縣社頭鄉,泰安村,379,1035
10007170013,彰化縣社頭鄉,美雅村,510,1408
10007170014,彰化縣社頭鄉,新厝村,554,1428
10007170015,彰化縣社頭鄉,平和村,366,1013
10007170016,彰化縣社頭鄉,里仁村,520,1256
10007170017,彰化縣社頭鄉,張厝村,470,1347
10007170018,彰化縣社頭鄉,龍井村,300,841
10007170019,彰化縣社頭鄉,舊社村,686,1863
10007170020,彰化縣社頭鄉,埤斗村,368,999
10007170021,彰化縣社頭鄉,湳雅村,556,1594
10007170022,彰化縣社頭鄉,松竹村,424,1212
10007170023,彰化縣社頭鄉,清水村,488,1364
10007170024,彰化縣社頭鄉,協和村,879,2308
10007180001,彰化縣二水鄉,合和村,349,818
10007180002,彰化縣二水鄉,上豊村,394,974
10007180003,彰化縣二水鄉,過圳村,251,627
10007180004,彰化縣二水鄉,五伯村,282,666
10007180005,彰化縣二水鄉,光化村,370,896
10007180006,彰化縣二水鄉,文化村,401,975
10007180007,彰化縣二水鄉,二水村,356,815
10007180008,彰化縣二水鄉,聖化村,187,406
10007180009,彰化縣二水鄉,裕民村,431,1013
10007180010,彰化縣二水鄉,惠民村,339,774
10007180011,彰化縣二水鄉,大園村,303,785
10007180012,彰化縣二水鄉,修仁村,307,781
10007180013,彰化縣二水鄉,合興村,270,657
10007180014,彰化縣二水鄉,源泉村,252,617
10007180015,彰化縣二水鄉,倡和村,254,550
10007180016,彰化縣二水鄉,復興村,396,1032
10007180017,彰化縣二水鄉,十五村,249,688
10007210001,彰化縣田尾鄉,田尾村,526,1431
10007210002,彰化縣田尾鄉,豐田村,333,833
10007210003,彰化縣田尾鄉,饒平村,1084,2907
10007210004,彰化縣田尾鄉,睦宜村,397,1116
10007210005,彰化縣田尾鄉,福田村,337,791
10007210006,彰化縣田尾鄉,新興村,377,1100
10007210007,彰化縣田尾鄉,北鎮村,515,1320
10007210008,彰化縣田尾鄉,南鎮村,240,623
10007210009,彰化縣田尾鄉,新生村,529,1488
10007210010,彰化縣田尾鄉,南曾村,505,1439
10007210011,彰化縣田尾鄉,北曾村,632,1710
10007210012,彰化縣田尾鄉,溪畔村,499,1380
10007210013,彰化縣田尾鄉,打簾村,558,1782
10007210014,彰化縣田尾鄉,柳鳳村,367,1035
10007210015,彰化縣田尾鄉,陸豐村,336,924
10007210016,彰化縣田尾鄉,海豐村,545,1432
10007210017,彰化縣田尾鄉,仁里村,618,1680
10007210018,彰化縣田尾鄉,新厝村,100,262
10007210019,彰化縣田尾鄉,溪頂村,271,665
10007210020,彰化縣田尾鄉,正義村,365,1027
10007220001,彰化縣埤頭鄉,和豊村,986,2639
10007220002,彰化縣埤頭鄉,興農村,741,1985
10007220003,彰化縣埤頭鄉,埤頭村,584,1666
10007220004,彰化縣埤頭鄉,豊崙村,821,2330
10007220005,彰化縣埤頭鄉,崙子村,510,1378
10007220007,彰化縣埤頭鄉,合興村,1429,3662
10007220008,彰化縣埤頭鄉,平原村,981,2663
10007220009,彰化縣埤頭鄉,崙腳村,253,742
10007220010,彰化縣埤頭鄉,元埔村,210,601
10007220011,彰化縣埤頭鄉,芙朝村,518,1477
10007220012,彰化縣埤頭鄉,新庄村,349,991
10007220013,彰化縣埤頭鄉,陸嘉村,346,871
10007220014,彰化縣埤頭鄉,竹圍村,493,1320
10007220015,彰化縣埤頭鄉,中和村,547,1513
10007220016,彰化縣埤頭鄉,庄內村,403,1146
10007220017,彰化縣埤頭鄉,大湖村,348,938
10007220018,彰化縣埤頭鄉,永豐村,595,1741
10007230001,彰化縣芳苑鄉,芳苑村,385,956
10007230002,彰化縣芳苑鄉,芳中村,171,399
10007230003,彰化縣芳苑鄉,仁愛村,308,742
10007230004,彰化縣芳苑鄉,信義村,194,500
10007230005,彰化縣芳苑鄉,後寮村,380,1035
10007230006,彰化縣芳苑鄉,三合村,899,2323
10007230007,彰化縣芳苑鄉,永興村,444,1355
10007230008,彰化縣芳苑鄉,五俊村,180,465
10007230009,彰化縣芳苑鄉,路上村,240,603
10007230010,彰化縣芳苑鄉,路平村,305,843
10007230011,彰化縣芳苑鄉,三成村,360,1007
10007230012,彰化縣芳苑鄉,福榮村,231,532
10007230013,彰化縣芳苑鄉,頂廍村,224,540
10007230014,彰化縣芳苑鄉,新街村,328,731
10007230015,彰化縣芳苑鄉,王功村,809,2177
10007230016,彰化縣芳苑鄉,博愛村,224,625
10007230017,彰化縣芳苑鄉,和平村,251,703
10007230018,彰化縣芳苑鄉,民生村,252,626
10007230019,彰化縣芳苑鄉,興仁村,441,1311
10007230020,彰化縣芳苑鄉,新寶村,672,1818
10007230021,彰化縣芳苑鄉,草湖村,561,1496
10007230022,彰化縣芳苑鄉,文津村,370,1052
10007230023,彰化縣芳苑鄉,建平村,802,2193
10007230024,彰化縣芳苑鄉,崙腳村,264,764
10007230025,彰化縣芳苑鄉,新生村,453,1322
10007230026,彰化縣芳苑鄉,漢寶村,1229,3445
10007240001,彰化縣大城鄉,潭墘村,424,1040
10007240002,彰化縣大城鄉,上山村,357,1012
10007240003,彰化縣大城鄉,東城村,474,1327
10007240004,彰化縣大城鄉,西城村,291,834
10007240005,彰化縣大城鄉,大城村,379,1026
10007240006,彰化縣大城鄉,菜寮村,345,1047
10007240007,彰化縣大城鄉,山腳村,438,1278
10007240008,彰化縣大城鄉,永和村,258,679
10007240009,彰化縣大城鄉,頂庄村,235,588
10007240010,彰化縣大城鄉,公館村,380,917
10007240011,彰化縣大城鄉,臺西村,321,807
10007240012,彰化縣大城鄉,東港村,427,1178
10007240013,彰化縣大城鄉,西港村,320,810
10007240014,彰化縣大城鄉,豐美村,299,871
10007240015,彰化縣大城鄉,三豐村,232,604
10007250001,彰化縣竹塘鄉,竹元村,522,1433
10007250002,彰化縣竹塘鄉,竹塘村,876,2487
10007250003,彰化縣竹塘鄉,小西村,247,744
10007250004,彰化縣竹塘鄉,民靖村,291,764
10007250005,彰化縣竹塘鄉,五庄村,543,1639
10007250006,彰化縣竹塘鄉,樹腳村,249,719
10007250007,彰化縣竹塘鄉,田頭村,366,1163
10007250008,彰化縣竹塘鄉,新廣村,396,1089
10007250009,彰化縣竹塘鄉,溪墘村,187,482
10007250010,彰化縣竹塘鄉,竹林村,288,838
10007250011,彰化縣竹塘鄉,土庫村,222,605
10007250012,彰化縣竹塘鄉,內新村,198,505
10007250013,彰化縣竹塘鄉,長安村,319,843
10007250014,彰化縣竹塘鄉,永安村,216,546
10007260001,彰化縣溪州鄉,溪厝村,718,1925
10007260002,彰化縣溪州鄉,舊眉村,562,1552
10007260003,彰化縣溪州鄉,柑園村,419,1220
10007260004,彰化縣溪州鄉,水尾村,527,1588
10007260005,彰化縣溪州鄉,坑厝村,273,729
10007260006,彰化縣溪州鄉,圳寮村,505,1527
10007260007,彰化縣溪州鄉,潮洋村,311,868
10007260008,彰化縣溪州鄉,瓦厝村,406,960
10007260009,彰化縣溪州鄉,西畔村,705,2055
10007260010,彰化縣溪州鄉,張厝村,232,649
10007260011,彰化縣溪州鄉,溪州村,744,1738
10007260012,彰化縣溪州鄉,成功村,680,1924
10007260013,彰化縣溪州鄉,菜公村,319,884
10007260014,彰化縣溪州鄉,尾厝村,778,2057
10007260015,彰化縣溪州鄉,大庄村,676,1936
10007260016,彰化縣溪州鄉,三圳村,471,1321
10007260017,彰化縣溪州鄉,東州村,881,2238
10007260018,彰化縣溪州鄉,榮光村,340,853
10007260019,彰化縣溪州鄉,三條村,343,926
10008010001,南投縣南投市,龍泉里,399,928
10008010002,南投縣南投市,康壽里,657,1500
10008010003,南投縣南投市,三民里,404,985
10008010004,南投縣南投市,仁和里,220,507
10008010005,南投縣南投市,南投里,260,543
10008010006,南投縣南投市,彰仁里,163,371
10008010007,南投縣南投市,崇文里,433,1015
10008010008,南投縣南投市,漳興里,1251,2959
10008010009,南投縣南投市,漳和里,3361,8341
10008010010,南投縣南投市,軍功里,1926,5156
10008010011,南投縣南投市,東山里,168,410
10008010012,南投縣南投市,平和里,3097,6921
10008010013,南投縣南投市,振興里,902,2292
10008010014,南投縣南投市,千秋里,392,1079
10008010015,南投縣南投市,三興里,2455,6348
10008010016,南投縣南投市,三和里,1201,2964
10008010017,南投縣南投市,嘉興里,960,2456
10008010018,南投縣南投市,嘉和里,2133,5369
10008010019,南投縣南投市,福山里,736,2057
10008010020,南投縣南投市,永興里,283,802
10008010021,南投縣南投市,鳳鳴里,252,540
10008010022,南投縣南投市,鳳山里,383,1005
10008010023,南投縣南投市,平山里,2509,6236
10008010024,南投縣南投市,新興里,2363,5905
10008010025,南投縣南投市,永豐里,1199,2992
10008010026,南投縣南投市,福興里,1530,3474
10008010027,南投縣南投市,營北里,2792,6908
10008010028,南投縣南投市,營南里,1093,2718
10008010029,南投縣南投市,內興里,2413,6382
10008010030,南投縣南投市,內新里,1410,3822
10008010031,南投縣南投市,光華里,276,533
10008010032,南投縣南投市,光榮里,389,853
10008010033,南投縣南投市,光明里,307,628
10008010034,南投縣南投市,光輝里,220,535
10008020001,南投縣埔里鎮,東門里,1271,2872
10008020002,南投縣埔里鎮,南門里,387,775
10008020003,南投縣埔里鎮,西門里,1410,3368
10008020004,南投縣埔里鎮,北門里,1251,2677
10008020005,南投縣埔里鎮,同聲里,984,2449
10008020006,南投縣埔里鎮,薰化里,506,1034
10008020007,南投縣埔里鎮,清新里,1684,3943
10008020008,南投縣埔里鎮,大城里,2889,6480
10008020009,南投縣埔里鎮,籃城里,409,1005
10008020010,南投縣埔里鎮,枇杷里,3548,8860
10008020011,南投縣埔里鎮,水頭里,1733,4459
10008020012,南投縣埔里鎮,麒麟里,430,1071
10008020013,南投縣埔里鎮,珠格里,448,1267
10008020014,南投縣埔里鎮,溪南里,469,1238
10008020015,南投縣埔里鎮,桃米里,509,1067
10008020016,南投縣埔里鎮,成功里,129,273
10008020017,南投縣埔里鎮,南村里,572,1439
10008020018,南投縣埔里鎮,愛蘭里,657,1599
10008020019,南投縣埔里鎮,鐵山里,769,1912
10008020020,南投縣埔里鎮,房里里,562,1541
10008020021,南投縣埔里鎮,向善里,262,649
10008020022,南投縣埔里鎮,一新里,267,961
10008020023,南投縣埔里鎮,廣成里,440,1145
10008020024,南投縣埔里鎮,史港里,245,576
10008020025,南投縣埔里鎮,福興里,446,1040
10008020026,南投縣埔里鎮,牛眠里,1222,3149
10008020027,南投縣埔里鎮,大湳里,885,2094
10008020028,南投縣埔里鎮,蜈蚣里,1125,2628
10008020029,南投縣埔里鎮,合成里,639,1694
10008020030,南投縣埔里鎮,北安里,1404,3485
10008020031,南投縣埔里鎮,杷城里,1138,2928
10008020032,南投縣埔里鎮,北梅里,1512,3740
10008020033,南投縣埔里鎮,泰安里,941,2252
10008030001,南投縣草屯鎮,玉峰里,1089,2708
10008030002,南投縣草屯鎮,炎峰里,1012,2370
10008030003,南投縣草屯鎮,和平里,473,1130
10008030004,南投縣草屯鎮,敦和里,2759,7432
10008030005,南投縣草屯鎮,山腳里,3692,9245
10008030006,南投縣草屯鎮,富寮里,3708,9121
10008030007,南投縣草屯鎮,御史里,2820,7212
10008030008,南投縣草屯鎮,新豐里,1632,4518
10008030009,南投縣草屯鎮,碧峰里,2078,5636
10008030010,南投縣草屯鎮,碧洲里,1113,2912
10008030011,南投縣草屯鎮,復興里,1144,3162
10008030012,南投縣草屯鎮,上林里,1337,3586
10008030013,南投縣草屯鎮,新庄里,1641,4267
10008030014,南投縣草屯鎮,北投里,1283,3418
10008030015,南投縣草屯鎮,石川里,749,1890
10008030016,南投縣草屯鎮,加老里,953,2535
10008030017,南投縣草屯鎮,北勢里,708,1928
10008030018,南投縣草屯鎮,中原里,918,2379
10008030019,南投縣草屯鎮,南埔里,1840,4753
10008030020,南投縣草屯鎮,土城里,706,1708
10008030021,南投縣草屯鎮,坪頂里,409,1059
10008030022,南投縣草屯鎮,雙冬里,944,2339
10008030023,南投縣草屯鎮,平林里,412,1138
10008030024,南投縣草屯鎮,中正里,301,671
10008030025,南投縣草屯鎮,中山里,1320,3020
10008030026,南投縣草屯鎮,明正里,1705,4246
10008030027,南投縣草屯鎮,新厝里,1565,3871
10008040001,南投縣竹山鎮,竹山里,965,2044
10008040002,南投縣竹山鎮,中正里,293,571
10008040003,南投縣竹山鎮,中山里,2231,5255
10008040004,南投縣竹山鎮,雲林里,1665,3743
10008040005,南投縣竹山鎮,硘󿾨里,839,2008
10008040006,南投縣竹山鎮,下坪里,590,1320
10008040007,南投縣竹山鎮,桂林里,1659,4033
10008040008,南投縣竹山鎮,中和里,334,830
10008040009,南投縣竹山鎮,中崎里,683,1573
10008040010,南投縣竹山鎮,德興里,369,916
10008040011,南投縣竹山鎮,延平里,1296,2946
10008040012,南投縣竹山鎮,延正里,710,1809
10008040013,南投縣竹山鎮,延山里,342,823
10008040014,南投縣竹山鎮,延和里,2219,5462
10008040015,南投縣竹山鎮,山崇里,767,1845
10008040016,南投縣竹山鎮,社寮里,509,1490
10008040017,南投縣竹山鎮,中央里,476,1070
10008040018,南投縣竹山鎮,富州里,271,584
10008040019,南投縣竹山鎮,大鞍里,244,395
10008040020,南投縣竹山鎮,田子里,250,581
10008040021,南投縣竹山鎮,福興里,261,571
10008040022,南投縣竹山鎮,鯉魚里,325,748
10008040023,南投縣竹山鎮,瑞竹里,263,533
10008040024,南投縣竹山鎮,坪頂里,190,418
10008040025,南投縣竹山鎮,桶頭里,368,865
10008040026,南投縣竹山鎮,秀林里,289,642
10008040027,南投縣竹山鎮,延祥里,1597,3945
10008040028,南投縣竹山鎮,竹圍里,1072,2437
10008050001,南投縣集集鎮,集集里,508,1219
10008050002,南投縣集集鎮,和平里,424,1046
10008050003,南投縣集集鎮,林尾里,268,678
10008050004,南投縣集集鎮,田寮里,502,1190
10008050005,南投縣集集鎮,隘寮里,231,568
10008050006,南投縣集集鎮,玉映里,279,616
10008050007,南投縣集集鎮,吳厝里,466,957
10008050008,南投縣集集鎮,八張里,706,1554
10008050009,南投縣集集鎮,永昌里,435,1037
10008050010,南投縣集集鎮,富山里,229,539
10008050011,南投縣集集鎮,廣明里,408,930
10008060001,南投縣名間鄉,南雅村,456,1095
10008060002,南投縣名間鄉,中正村,1509,3681
10008060003,南投縣名間鄉,中山村,913,2320
10008060004,南投縣名間鄉,濁水村,660,1590
10008060005,南投縣名間鄉,炭寮村,371,966
10008060006,南投縣名間鄉,新民村,395,1029
10008060007,南投縣名間鄉,新街村,1789,4536
10008060008,南投縣名間鄉,東湖村,629,1622
10008060009,南投縣名間鄉,萬丹村,359,878
10008060010,南投縣名間鄉,田仔村,499,1291
10008060011,南投縣名間鄉,大庄村,727,1803
10008060012,南投縣名間鄉,廍下村,367,927
10008060013,南投縣名間鄉,大坑村,277,725
10008060014,南投縣名間鄉,竹圍村,359,923
10008060015,南投縣名間鄉,赤水村,475,1146
10008060016,南投縣名間鄉,三崙村,606,1612
10008060017,南投縣名間鄉,松山村,643,1566
10008060018,南投縣名間鄉,松柏村,464,1218
10008060019,南投縣名間鄉,埔中村,344,848
10008060020,南投縣名間鄉,崁腳村,338,875
10008060021,南投縣名間鄉,新厝村,320,746
10008060022,南投縣名間鄉,新光村,711,1817
10008060023,南投縣名間鄉,仁和村,344,905
10008070001,南投縣鹿谷鄉,鹿谷村,981,1907
10008070002,南投縣鹿谷鄉,初鄉村,738,1407
10008070003,南投縣鹿谷鄉,彰雅村,604,1261
10008070004,南投縣鹿谷鄉,廣興村,994,1930
10008070005,南投縣鹿谷鄉,內湖村,477,1000
10008070006,南投縣鹿谷鄉,竹林村,724,1470
10008070007,南投縣鹿谷鄉,竹豐村,474,873
10008070008,南投縣鹿谷鄉,和雅村,298,611
10008070009,南投縣鹿谷鄉,鳳凰村,628,1276
10008070010,南投縣鹿谷鄉,永隆村,842,1556
10008070011,南投縣鹿谷鄉,秀峰村,387,743
10008070012,南投縣鹿谷鄉,清水村,343,602
10008070013,南投縣鹿谷鄉,瑞田村,294,681
10008080001,南投縣中寮鄉,廣興村,334,753
10008080002,南投縣中寮鄉,崁頂村,208,445
10008080003,南投縣中寮鄉,八仙村,349,762
10008080004,南投縣中寮鄉,和興村,272,574
10008080005,南投縣中寮鄉,福盛村,307,632
10008080006,南投縣中寮鄉,永平村,748,1764
10008080007,南投縣中寮鄉,復興村,114,256
10008080008,南投縣中寮鄉,中寮村,254,612
10008080009,南投縣中寮鄉,廣福村,212,486
10008080010,南投縣中寮鄉,永福村,611,1382
10008080011,南投縣中寮鄉,義和村,420,1076
10008080012,南投縣中寮鄉,清水村,367,869
10008080013,南投縣中寮鄉,龍安村,301,685
10008080014,南投縣中寮鄉,龍岩村,280,614
10008080015,南投縣中寮鄉,永和村,235,495
10008080016,南投縣中寮鄉,內城村,214,475
10008080017,南投縣中寮鄉,永芳村,198,433
10008080018,南投縣中寮鄉,爽文村,204,426
10008090001,南投縣魚池鄉,東池村,675,1626
10008090002,南投縣魚池鄉,魚池村,847,2021
10008090003,南投縣魚池鄉,中明村,411,978
10008090004,南投縣魚池鄉,新城村,571,1426
10008090005,南投縣魚池鄉,大林村,426,1056
10008090006,南投縣魚池鄉,東光村,522,1274
10008090007,南投縣魚池鄉,共和村,389,1037
10008090008,南投縣魚池鄉,大雁村,269,613
10008090009,南投縣魚池鄉,五城村,277,705
10008090010,南投縣魚池鄉,水社村,356,884
10008090011,南投縣魚池鄉,頭社村,370,892
10008090012,南投縣魚池鄉,武登村,271,525
10008090013,南投縣魚池鄉,日月村,363,920
10008100001,南投縣國姓鄉,國姓村,778,1706
10008100002,南投縣國姓鄉,石門村,837,1834
10008100003,南投縣國姓鄉,大旗村,295,651
10008100004,南投縣國姓鄉,北港村,810,1761
10008100005,南投縣國姓鄉,長流村,578,1317
10008100006,南投縣國姓鄉,長福村,345,701
10008100007,南投縣國姓鄉,福龜村,744,1741
10008100008,南投縣國姓鄉,乾溝村,334,715
10008100009,南投縣國姓鄉,柑林村,459,1073
10008100010,南投縣國姓鄉,北山村,586,1409
10008100011,南投縣國姓鄉,南港村,628,1498
10008100012,南投縣國姓鄉,大石村,297,642
10008100013,南投縣國姓鄉,長豐村,362,711
10008110001,南投縣水里鄉,水里村,325,697
10008110002,南投縣水里鄉,農富村,207,431
10008110003,南投縣水里鄉,新城村,680,1503
10008110004,南投縣水里鄉,中央村,287,571
10008110005,南投縣水里鄉,城中村,447,861
10008110006,南投縣水里鄉,北埔村,533,1129
10008110007,南投縣水里鄉,鉅工村,412,894
10008110008,南投縣水里鄉,永豐村,592,1402
10008110009,南投縣水里鄉,頂崁村,581,1307
10008110010,南投縣水里鄉,車埕村,211,415
10008110011,南投縣水里鄉,新興村,284,609
10008110012,南投縣水里鄉,新山村,79,186
10008110013,南投縣水里鄉,郡坑村,163,317
10008110014,南投縣水里鄉,上安村,533,1044
10008110015,南投縣水里鄉,民和村,407,790
10008110016,南投縣水里鄉,永興村,152,322
10008110017,南投縣水里鄉,玉峰村,383,834
10008110018,南投縣水里鄉,興隆村,121,250
10008110019,南投縣水里鄉,南光村,740,1736
10008120001,南投縣信義鄉,人和村,426,1418
10008120002,南投縣信義鄉,地利村,359,1138
10008120003,南投縣信義鄉,潭南村,226,767
10008120004,南投縣信義鄉,明德村,645,1504
10008120005,南投縣信義鄉,愛國村,209,478
10008120006,南投縣信義鄉,自強村,286,666
10008120007,南投縣信義鄉,羅娜村,523,1605
10008120008,南投縣信義鄉,望美村,375,1110
10008120009,南投縣信義鄉,同富村,595,1465
10008120010,南投縣信義鄉,神木村,269,585
10008120011,南投縣信義鄉,東埔村,371,1166
10008120012,南投縣信義鄉,雙龍村,217,739
10008120013,南投縣信義鄉,新鄉村,216,719
10008120014,南投縣信義鄉,豐丘村,268,722
10008120015,南投縣信義鄉,卡里布安村,254,691
10008130001,南投縣仁愛鄉,法治村,255,1139
10008130002,南投縣仁愛鄉,中正村,325,1190
10008130003,南投縣仁愛鄉,互助村,463,1407
10008130004,南投縣仁愛鄉,新生村,157,478
10008130005,南投縣仁愛鄉,力行村,190,632
10008130006,南投縣仁愛鄉,發祥村,364,898
10008130008,南投縣仁愛鄉,親愛村,478,1434
10008130009,南投縣仁愛鄉,大同村,683,1728
10008130010,南投縣仁愛鄉,南豐村,477,1468
10008130011,南投縣仁愛鄉,春陽村,368,1172
10008130012,南投縣仁愛鄉,精英村,268,755
10008130013,南投縣仁愛鄉,萬豐村,222,844
10008130014,南投縣仁愛鄉,榮興村,22,37
10008130015,南投縣仁愛鄉,翠華村,229,539
10008130016,南投縣仁愛鄉,都達村,231,745
10008130017,南投縣仁愛鄉,德鹿谷村,226,724
10009010001,雲林縣斗六市,忠孝里,708,1570
10009010002,雲林縣斗六市,仁愛里,535,1295
10009010003,雲林縣斗六市,信義里,362,707
10009010004,雲林縣斗六市,四維里,303,622
10009010005,雲林縣斗六市,太平里,422,972
10009010006,雲林縣斗六市,中和里,367,784
10009010007,雲林縣斗六市,光興里,424,719
10009010008,雲林縣斗六市,三平里,2742,6385
10009010009,雲林縣斗六市,八德里,1597,3964
10009010010,雲林縣斗六市,鎮北里,1289,3201
10009010011,雲林縣斗六市,龍潭里,1037,2113
10009010012,雲林縣斗六市,鎮南里,1838,3968
10009010013,雲林縣斗六市,林頭里,1888,4735
10009010014,雲林縣斗六市,重光里,1004,2551
10009010015,雲林縣斗六市,溝埧里,294,707
10009010016,雲林縣斗六市,江厝里,1025,2577
10009010017,雲林縣斗六市,三光里,241,530
10009010018,雲林縣斗六市,崙峯里,1206,2764
10009010019,雲林縣斗六市,嘉東里,852,1943
10009010020,雲林縣斗六市,久安里,1062,2596
10009010021,雲林縣斗六市,長平里,898,2215
10009010022,雲林縣斗六市,保庄里,2531,6449
10009010023,雲林縣斗六市,虎溪里,1459,3787
10009010024,雲林縣斗六市,梅林里,741,1969
10009010025,雲林縣斗六市,湖山里,474,1277
10009010026,雲林縣斗六市,榴中里,2107,5241
10009010027,雲林縣斗六市,榴北里,449,1209
10009010028,雲林縣斗六市,榴南里,1066,2761
10009010029,雲林縣斗六市,溪洲里,1399,3665
10009010030,雲林縣斗六市,長安里,1769,4395
10009010031,雲林縣斗六市,十三里,532,1355
10009010032,雲林縣斗六市,鎮東里,1124,2742
10009010033,雲林縣斗六市,鎮西里,1982,4319
10009010034,雲林縣斗六市,公正里,1604,3929
10009010035,雲林縣斗六市,社口里,1170,2541
10009010036,雲林縣斗六市,公誠里,1138,2588
10009010037,雲林縣斗六市,明德里,1823,4831
10009010038,雲林縣斗六市,成功里,1332,3681
10009010039,雲林縣斗六市,文化里,1145,2900
10009010040,雲林縣斗六市,正心里,1054,2420
10009020001,雲林縣斗南鎮,東仁里,591,1360
10009020002,雲林縣斗南鎮,西岐里,1023,2389
10009020003,雲林縣斗南鎮,南昌里,1392,2664
10009020004,雲林縣斗南鎮,北銘里,651,1609
10009020005,雲林縣斗南鎮,中天里,566,1237
10009020006,雲林縣斗南鎮,舊社里,1301,3324
10009020007,雲林縣斗南鎮,林子里,537,1389
10009020008,雲林縣斗南鎮,石龜里,310,799
10009020009,雲林縣斗南鎮,靖興里,366,856
10009020010,雲林縣斗南鎮,新南里,336,790
10009020011,雲林縣斗南鎮,阿丹里,470,1147
10009020012,雲林縣斗南鎮,將軍里,718,1729
10009020013,雲林縣斗南鎮,東明里,415,990
10009020014,雲林縣斗南鎮,新光里,1258,3172
10009020015,雲林縣斗南鎮,田頭里,925,2343
10009020016,雲林縣斗南鎮,明昌里,1767,4146
10009020017,雲林縣斗南鎮,大東里,390,932
10009020018,雲林縣斗南鎮,埤麻里,350,788
10009020019,雲林縣斗南鎮,西伯里,387,901
10009020020,雲林縣斗南鎮,新崙里,630,1501
10009020021,雲林縣斗南鎮,小東里,629,1536
10009020022,雲林縣斗南鎮,石溪里,322,840
10009020023,雲林縣斗南鎮,大同里,1515,3634
10009020024,雲林縣斗南鎮,僑真里,1271,3087
10009030001,雲林縣虎尾鎮,中山里,436,963
10009030002,雲林縣虎尾鎮,新興里,1037,1985
10009030003,雲林縣虎尾鎮,東仁里,1266,3216
10009030004,雲林縣虎尾鎮,公安里,1459,3542
10009030005,雲林縣虎尾鎮,德興里,1319,3041
10009030006,雲林縣虎尾鎮,西安里,1596,3482
10009030007,雲林縣虎尾鎮,安慶里,641,1397
10009030008,雲林縣虎尾鎮,平和里,2366,6142
10009030009,雲林縣虎尾鎮,興南里,1110,2722
10009030010,雲林縣虎尾鎮,新吉里,1999,4865
10009030011,雲林縣虎尾鎮,穎川里,968,2467
10009030012,雲林縣虎尾鎮,延平里,532,1345
10009030013,雲林縣虎尾鎮,三合里,671,1603
10009030014,雲林縣虎尾鎮,北溪里,331,965
10009030015,雲林縣虎尾鎮,墾地里,2056,3692
10009030016,雲林縣虎尾鎮,西屯里,636,1590
10009030017,雲林縣虎尾鎮,芳草里,390,1009
10009030018,雲林縣虎尾鎮,埒內里,1129,2888
10009030019,雲林縣虎尾鎮,堀頭里,409,964
10009030020,雲林縣虎尾鎮,安溪里,738,1917
10009030021,雲林縣虎尾鎮,興中里,836,1885
10009030022,雲林縣虎尾鎮,廉使里,2069,4710
10009030023,雲林縣虎尾鎮,惠來里,1015,2543
10009030024,雲林縣虎尾鎮,頂溪里,1024,2765
10009030025,雲林縣虎尾鎮,中溪里,539,1431
10009030026,雲林縣虎尾鎮,下溪里,594,1609
10009030027,雲林縣虎尾鎮,建國里,355,638
10009030028,雲林縣虎尾鎮,立仁里,1854,4366
10009030029,雲林縣虎尾鎮,東屯里,527,1394
10009040001,雲林縣西螺鎮,振興里,578,1595
10009040002,雲林縣西螺鎮,大園里,867,2158
10009040003,雲林縣西螺鎮,廣福里,977,2461
10009040004,雲林縣西螺鎮,正興里,1344,3244
10009040005,雲林縣西螺鎮,永安里,147,329
10009040006,雲林縣西螺鎮,中和里,268,574
10009040007,雲林縣西螺鎮,福興里,280,640
10009040008,雲林縣西螺鎮,光華里,582,1377
10009040009,雲林縣西螺鎮,中興里,1474,3785
10009040010,雲林縣西螺鎮,漢光里,2336,6067
10009040011,雲林縣西螺鎮,新安里,453,1339
10009040012,雲林縣西螺鎮,新豐里,612,1608
10009040013,雲林縣西螺鎮,詔安里,488,1175
10009040014,雲林縣西螺鎮,河南里,508,1264
10009040015,雲林縣西螺鎮,安定里,735,2111
10009040016,雲林縣西螺鎮,福田里,546,1564
10009040017,雲林縣西螺鎮,大新里,618,1687
10009040018,雲林縣西螺鎮,埤頭里,321,878
10009040019,雲林縣西螺鎮,東興里,373,946
10009040020,雲林縣西螺鎮,廣興里,346,921
10009040021,雲林縣西螺鎮,鹿場里,562,1498
10009040022,雲林縣西螺鎮,頂湳里,372,985
10009040023,雲林縣西螺鎮,下湳里,332,899
10009040024,雲林縣西螺鎮,九隆里,304,797
10009040025,雲林縣西螺鎮,吳厝里,500,1350
10009040026,雲林縣西螺鎮,七座里,340,928
10009040027,雲林縣西螺鎮,公舘里,542,1482
10009050001,雲林縣土庫鎮,忠正里,354,808
10009050002,雲林縣土庫鎮,順天里,367,951
10009050003,雲林縣土庫鎮,宮北里,653,1538
10009050004,雲林縣土庫鎮,越港里,579,1437
10009050005,雲林縣土庫鎮,溪邊里,503,1215
10009050006,雲林縣土庫鎮,興新里,615,1579
10009050007,雲林縣土庫鎮,奮起里,515,1242
10009050008,雲林縣土庫鎮,埤腳里,479,1183
10009050009,雲林縣土庫鎮,大荖里,382,933
10009050010,雲林縣土庫鎮,石廟里,1562,4064
10009050011,雲林縣土庫鎮,東平里,705,1947
10009050012,雲林縣土庫鎮,南平里,745,1928
10009050013,雲林縣土庫鎮,北平里,319,868
10009050014,雲林縣土庫鎮,西平里,710,1818
10009050015,雲林縣土庫鎮,後埔里,951,2557
10009050016,雲林縣土庫鎮,崙內里,627,1594
10009050017,雲林縣土庫鎮,新庄里,531,1381
10009060001,雲林縣北港鎮,東陽里,367,721
10009060002,雲林縣北港鎮,光民里,354,680
10009060003,雲林縣北港鎮,東華里,231,410
10009060004,雲林縣北港鎮,南安里,422,841
10009060005,雲林縣北港鎮,中和里,169,309
10009060006,雲林縣北港鎮,義民里,205,387
10009060007,雲林縣北港鎮,共榮里,207,387
10009060008,雲林縣北港鎮,西勢里,593,1099
10009060009,雲林縣北港鎮,仁和里,253,423
10009060010,雲林縣北港鎮,賜福里,165,310
10009060011,雲林縣北港鎮,公舘里,278,521
10009060012,雲林縣北港鎮,大同里,599,1182
10009060013,雲林縣北港鎮,仁安里,245,437
10009060014,雲林縣北港鎮,華勝里,2449,5397
10009060015,雲林縣北港鎮,光復里,903,1915
10009060016,雲林縣北港鎮,新街里,3475,8040
10009060017,雲林縣北港鎮,劉厝里,490,1160
10009060018,雲林縣北港鎮,府番里,345,796
10009060019,雲林縣北港鎮,草湖里,567,1435
10009060020,雲林縣北港鎮,溝皂里,480,1120
10009060021,雲林縣北港鎮,後溝里,399,1005
10009060022,雲林縣北港鎮,番溝里,354,710
10009060023,雲林縣北港鎮,大北里,264,538
10009060024,雲林縣北港鎮,好收里,676,1580
10009060025,雲林縣北港鎮,樹腳里,1429,3390
10009060026,雲林縣北港鎮,扶朝里,380,914
10009060027,雲林縣北港鎮,水埔里,206,447
10009060028,雲林縣北港鎮,新厝里,187,442
10009070001,雲林縣古坑鄉,水碓村,477,1216
10009070002,雲林縣古坑鄉,田心村,517,1210
10009070003,雲林縣古坑鄉,高林村,530,1261
10009070004,雲林縣古坑鄉,荷苞村,566,1459
10009070005,雲林縣古坑鄉,東和村,1391,3482
10009070006,雲林縣古坑鄉,新庄村,575,1447
10009070007,雲林縣古坑鄉,棋盤村,817,2042
10009070008,雲林縣古坑鄉,華山村,303,660
10009070009,雲林縣古坑鄉,華南村,112,258
10009070010,雲林縣古坑鄉,永光村,960,2263
10009070011,雲林縣古坑鄉,桂林村,421,1010
10009070012,雲林縣古坑鄉,崁腳村,648,1336
10009070013,雲林縣古坑鄉,樟湖村,187,423
10009070014,雲林縣古坑鄉,草嶺村,251,510
10009070015,雲林縣古坑鄉,永昌村,914,2184
10009070016,雲林縣古坑鄉,麻園村,408,811
10009070017,雲林縣古坑鄉,古坑村,1029,2430
10009070018,雲林縣古坑鄉,朝陽村,943,2243
10009070019,雲林縣古坑鄉,西平村,844,1855
10009070020,雲林縣古坑鄉,湳仔村,322,716
10009080001,雲林縣大埤鄉,北和村,333,757
10009080002,雲林縣大埤鄉,南和村,922,2335
10009080003,雲林縣大埤鄉,大德村,389,997
10009080004,雲林縣大埤鄉,松竹村,361,911
10009080005,雲林縣大埤鄉,尚義村,905,2164
10009080006,雲林縣大埤鄉,嘉興村,735,1892
10009080007,雲林縣大埤鄉,豐田村,687,1757
10009080008,雲林縣大埤鄉,三結村,458,1190
10009080009,雲林縣大埤鄉,吉田村,308,738
10009080010,雲林縣大埤鄉,豐岡村,281,601
10009080011,雲林縣大埤鄉,聯美村,403,1117
10009080012,雲林縣大埤鄉,怡然村,315,763
10009080013,雲林縣大埤鄉,北鎮村,274,701
10009080014,雲林縣大埤鄉,興安村,296,696
10009080015,雲林縣大埤鄉,西鎮村,289,694
10009090001,雲林縣莿桐鄉,莿桐村,2026,5054
10009090002,雲林縣莿桐鄉,甘厝村,326,931
10009090003,雲林縣莿桐鄉,甘西村,592,1591
10009090004,雲林縣莿桐鄉,興桐村,451,1169
10009090005,雲林縣莿桐鄉,義和村,404,1107
10009090006,雲林縣莿桐鄉,埔子村,869,2292
10009090007,雲林縣莿桐鄉,大美村,1329,3492
10009090008,雲林縣莿桐鄉,埔尾村,481,1308
10009090009,雲林縣莿桐鄉,饒平村,481,1258
10009090010,雲林縣莿桐鄉,興貴村,746,2078
10009090011,雲林縣莿桐鄉,四合村,676,1860
10009090012,雲林縣莿桐鄉,麻園村,604,1559
10009090013,雲林縣莿桐鄉,五華村,487,1437
10009090014,雲林縣莿桐鄉,六合村,703,1916
10009100001,雲林縣林內鄉,林南村,443,1186
10009100002,雲林縣林內鄉,林中村,1621,4012
10009100003,雲林縣林內鄉,林北村,856,2207
10009100004,雲林縣林內鄉,坪頂村,200,477
10009100005,雲林縣林內鄉,林茂村,354,890
10009100006,雲林縣林內鄉,九芎村,1034,2812
10009100007,雲林縣林內鄉,湖本村,253,640
10009100008,雲林縣林內鄉,烏塗村,437,1132
10009100009,雲林縣林內鄉,烏麻村,426,1051
10009100010,雲林縣林內鄉,重興村,691,1876
10009110001,雲林縣二崙鄉,崙東村,657,1587
10009110002,雲林縣二崙鄉,崙西村,816,1994
10009110003,雲林縣二崙鄉,來惠村,622,1623
10009110004,雲林縣二崙鄉,三和村,597,1438
10009110005,雲林縣二崙鄉,湳仔村,466,1181
10009110006,雲林縣二崙鄉,田尾村,719,1901
10009110007,雲林縣二崙鄉,定安村,361,913
10009110008,雲林縣二崙鄉,大華村,354,917
10009110009,雲林縣二崙鄉,義庄村,251,767
10009110010,雲林縣二崙鄉,楊賢村,593,1590
10009110011,雲林縣二崙鄉,港後村,711,1758
10009110012,雲林縣二崙鄉,大義村,332,815
10009110013,雲林縣二崙鄉,油車村,784,1863
10009110014,雲林縣二崙鄉,大庄村,506,1246
10009110015,雲林縣二崙鄉,庄西村,395,898
10009110016,雲林縣二崙鄉,大同村,342,869
10009110017,雲林縣二崙鄉,復興村,398,1055
10009110018,雲林縣二崙鄉,永定村,542,1453
10009120001,雲林縣崙背鄉,東明村,531,1144
10009120002,雲林縣崙背鄉,西榮村,619,1527
10009120003,雲林縣崙背鄉,南陽村,1137,2670
10009120004,雲林縣崙背鄉,崙前村,1027,2274
10009120005,雲林縣崙背鄉,羅厝村,913,2216
10009120006,雲林縣崙背鄉,港尾村,538,1317
10009120007,雲林縣崙背鄉,阿勸村,820,2161
10009120008,雲林縣崙背鄉,五魁村,366,854
10009120009,雲林縣崙背鄉,大有村,629,1507
10009120010,雲林縣崙背鄉,豐榮村,767,1743
10009120011,雲林縣崙背鄉,草湖村,589,1429
10009120012,雲林縣崙背鄉,舊庄村,447,1179
10009120013,雲林縣崙背鄉,水尾村,528,1237
10009120014,雲林縣崙背鄉,枋南村,304,765
10009130001,雲林縣麥寮鄉,麥津村,1832,5284
10009130002,雲林縣麥寮鄉,麥豐村,3306,9710
10009130003,雲林縣麥寮鄉,瓦󿾨村,787,2331
10009130004,雲林縣麥寮鄉,興華村,1260,3711
10009130005,雲林縣麥寮鄉,崙後村,1041,3200
10009130006,雲林縣麥寮鄉,後安村,1153,3502
10009130007,雲林縣麥寮鄉,海豐村,891,2593
10009130008,雲林縣麥寮鄉,三盛村,913,2709
10009130009,雲林縣麥寮鄉,橋頭村,1685,4910
10009130010,雲林縣麥寮鄉,新吉村,465,1445
10009130011,雲林縣麥寮鄉,施厝村,1456,4381
10009130012,雲林縣麥寮鄉,雷厝村,859,2681
10009130013,雲林縣麥寮鄉,中興村,618,1771
10009140001,雲林縣東勢鄉,東南村,697,1550
10009140002,雲林縣東勢鄉,東北村,576,1300
10009140003,雲林縣東勢鄉,嘉隆村,698,1552
10009140004,雲林縣東勢鄉,復興村,246,530
10009140005,雲林縣東勢鄉,月眉村,496,1112
10009140006,雲林縣東勢鄉,程海村,228,545
10009140007,雲林縣東勢鄉,龍潭村,359,790
10009140008,雲林縣東勢鄉,安南村,406,776
10009140009,雲林縣東勢鄉,昌南村,358,837
10009140010,雲林縣東勢鄉,同安村,839,1847
10009140011,雲林縣東勢鄉,新坤村,470,1021
10009140012,雲林縣東勢鄉,四美村,463,925
10009150001,雲林縣褒忠鄉,中民村,830,2044
10009150002,雲林縣褒忠鄉,埔姜村,688,1672
10009150003,雲林縣褒忠鄉,中勝村,602,1501
10009150004,雲林縣褒忠鄉,新湖村,457,1114
10009150005,雲林縣褒忠鄉,馬鳴村,576,1506
10009150006,雲林縣褒忠鄉,有才村,343,822
10009150007,雲林縣褒忠鄉,田洋村,308,757
10009150008,雲林縣褒忠鄉,龍岩村,472,1168
10009150009,雲林縣褒忠鄉,潮厝村,366,838
10009160001,雲林縣臺西鄉,台西村,492,1230
10009160002,雲林縣臺西鄉,海北村,403,1037
10009160003,雲林縣臺西鄉,海南村,445,1148
10009160004,雲林縣臺西鄉,海口村,751,2031
10009160005,雲林縣臺西鄉,溪頂村,651,1452
10009160006,雲林縣臺西鄉,牛厝村,759,1822
10009160007,雲林縣臺西鄉,泉州村,253,607
10009160008,雲林縣臺西鄉,光華村,282,665
10009160009,雲林縣臺西鄉,五榔村,203,450
10009160010,雲林縣臺西鄉,山寮村,351,800
10009160011,雲林縣臺西鄉,富琦村,587,1580
10009160012,雲林縣臺西鄉,永豐村,531,1381
10009160013,雲林縣臺西鄉,和豐村,1180,2839
10009160014,雲林縣臺西鄉,蚊港村,721,1628
10009160015,雲林縣臺西鄉,五港村,757,1782
10009170001,雲林縣元長鄉,長南村,1473,3544
10009170002,雲林縣元長鄉,長北村,677,1487
10009170003,雲林縣元長鄉,子茂村,536,1273
10009170004,雲林縣元長鄉,後湖村,283,660
10009170005,雲林縣元長鄉,山內村,389,940
10009170006,雲林縣元長鄉,合和村,440,1064
10009170007,雲林縣元長鄉,五塊村,387,859
10009170008,雲林縣元長鄉,潭西村,323,698
10009170009,雲林縣元長鄉,潭東村,243,602
10009170010,雲林縣元長鄉,客厝村,318,805
10009170011,雲林縣元長鄉,卓運村,141,318
10009170012,雲林縣元長鄉,頂寮村,455,1146
10009170013,雲林縣元長鄉,下寮村,672,1599
10009170014,雲林縣元長鄉,龍岩村,370,941
10009170015,雲林縣元長鄉,西莊村,379,875
10009170016,雲林縣元長鄉,鹿北村,529,1210
10009170017,雲林縣元長鄉,鹿南村,357,816
10009170018,雲林縣元長鄉,瓦󿾨村,591,1425
10009170019,雲林縣元長鄉,內寮村,247,560
10009170020,雲林縣元長鄉,崙仔村,318,798
10009170021,雲林縣元長鄉,新吉村,261,691
10009180001,雲林縣四湖鄉,四湖村,854,1924
10009180002,雲林縣四湖鄉,新庄村,253,612
10009180003,雲林縣四湖鄉,溪底村,374,898
10009180004,雲林縣四湖鄉,鹿場村,384,920
10009180005,雲林縣四湖鄉,湖西村,1006,2355
10009180006,雲林縣四湖鄉,施湖村,542,1169
10009180007,雲林縣四湖鄉,湖寮村,289,716
10009180008,雲林縣四湖鄉,蔡厝村,304,807
10009180009,雲林縣四湖鄉,飛沙村,338,761
10009180010,雲林縣四湖鄉,三姓村,142,343
10009180011,雲林縣四湖鄉,內湖村,306,752
10009180012,雲林縣四湖鄉,羊調村,371,862
10009180013,雲林縣四湖鄉,崙北村,657,1581
10009180014,雲林縣四湖鄉,崙南村,334,771
10009180015,雲林縣四湖鄉,廣溝村,288,618
10009180016,雲林縣四湖鄉,󿿀子村,381,810
10009180017,雲林縣四湖鄉,林厝村,422,979
10009180018,雲林縣四湖鄉,林東村,376,903
10009180019,雲林縣四湖鄉,溪尾村,285,697
10009180020,雲林縣四湖鄉,飛東村,211,511
10009180021,雲林縣四湖鄉,󿿀東村,394,1012
10009190001,雲林縣口湖鄉,湖東村,495,1220
10009190002,雲林縣口湖鄉,口湖村,442,1139
10009190003,雲林縣口湖鄉,頂湖村,275,617
10009190004,雲林縣口湖鄉,埔北村,331,863
10009190005,雲林縣口湖鄉,埔南村,275,706
10009190006,雲林縣口湖鄉,謝厝村,413,1060
10009190007,雲林縣口湖鄉,蚵寮村,554,1386
10009190008,雲林縣口湖鄉,下崙村,786,2033
10009190009,雲林縣口湖鄉,崙中村,582,1498
10009190010,雲林縣口湖鄉,崙東村,559,1389
10009190011,雲林縣口湖鄉,青蚶村,189,473
10009190012,雲林縣口湖鄉,港東村,586,1452
10009190013,雲林縣口湖鄉,港西村,301,800
10009190014,雲林縣口湖鄉,台子村,696,1956
10009190015,雲林縣口湖鄉,成龍村,330,859
10009190016,雲林縣口湖鄉,湖口村,344,1010
10009190017,雲林縣口湖鄉,水井村,341,981
10009190018,雲林縣口湖鄉,後厝村,265,685
10009190019,雲林縣口湖鄉,梧南村,710,1846
10009190020,雲林縣口湖鄉,梧北村,482,1192
10009190021,雲林縣口湖鄉,過港村,246,613
10009200001,雲林縣水林鄉,水北村,952,2231
10009200002,雲林縣水林鄉,水南村,959,2214
10009200003,雲林縣水林鄉,海埔村,406,993
10009200004,雲林縣水林鄉,土厝村,560,1230
10009200005,雲林縣水林鄉,春埔村,389,932
10009200006,雲林縣水林鄉,西井村,267,593
10009200007,雲林縣水林鄉,車港村,249,531
10009200008,雲林縣水林鄉,蘇秦村,437,935
10009200009,雲林縣水林鄉,灣東村,256,552
10009200010,雲林縣水林鄉,灣西村,427,876
10009200011,雲林縣水林鄉,萬興村,288,649
10009200012,雲林縣水林鄉,尖山村,274,650
10009200013,雲林縣水林鄉,大山村,454,1017
10009200014,雲林縣水林鄉,大溝村,384,952
10009200015,雲林縣水林鄉,順興村,329,776
10009200016,雲林縣水林鄉,蕃薯村,397,950
10009200017,雲林縣水林鄉,山腳村,334,736
10009200018,雲林縣水林鄉,松北村,432,1044
10009200019,雲林縣水林鄉,松中村,226,468
10009200020,雲林縣水林鄉,松西村,278,626
10009200021,雲林縣水林鄉,𣐤埔村,276,602
10009200022,雲林縣水林鄉,塭底村,320,630
10009200023,雲林縣水林鄉,後寮村,287,599
10009200024,雲林縣水林鄉,溪墘村,315,763
10010010001,嘉義縣太保市,太保里,1505,3236
10010010002,嘉義縣太保市,後庄里,184,488
10010010003,嘉義縣太保市,前潭里,613,1527
10010010004,嘉義縣太保市,後潭里,850,1996
10010010005,嘉義縣太保市,梅埔里,432,1196
10010010006,嘉義縣太保市,春珠里,666,1404
10010010007,嘉義縣太保市,崙頂里,332,848
10010010008,嘉義縣太保市,東勢里,1002,2515
10010010009,嘉義縣太保市,新埤里,559,1363
10010010010,嘉義縣太保市,舊埤里,1274,2990
10010010011,嘉義縣太保市,田尾里,331,722
10010010012,嘉義縣太保市,港尾里,218,558
10010010013,嘉義縣太保市,過溝里,1685,4264
10010010014,嘉義縣太保市,麻寮里,2361,5980
10010010015,嘉義縣太保市,南新里,758,1975
10010010016,嘉義縣太保市,北新里,1553,3957
10010010017,嘉義縣太保市,埤鄉里,273,687
10010010018,嘉義縣太保市,安仁里,1603,3924
10010020001,嘉義縣朴子市,安福里,1001,2168
10010020002,嘉義縣朴子市,平和里,1171,2703
10010020003,嘉義縣朴子市,內厝里,497,1222
10010020004,嘉義縣朴子市,開元里,171,365
10010020005,嘉義縣朴子市,順天里,284,644
10010020006,嘉義縣朴子市,中正里,280,614
10010020007,嘉義縣朴子市,博厚里,448,1128
10010020008,嘉義縣朴子市,文化里,809,1801
10010020009,嘉義縣朴子市,永和里,1187,2905
10010020010,嘉義縣朴子市,竹圍里,2058,5050
10010020011,嘉義縣朴子市,新寮里,257,743
10010020012,嘉義縣朴子市,双溪里,285,665
10010020013,嘉義縣朴子市,溪口里,343,838
10010020014,嘉義縣朴子市,德興里,399,1092
10010020015,嘉義縣朴子市,仁和里,1299,2541
10010020016,嘉義縣朴子市,大鄉里,1517,3502
10010020017,嘉義縣朴子市,大葛里,1781,3901
10010020018,嘉義縣朴子市,佳禾里,313,790
10010020019,嘉義縣朴子市,竹村里,510,1174
10010020020,嘉義縣朴子市,崁前里,351,885
10010020021,嘉義縣朴子市,順安里,101,224
10010020022,嘉義縣朴子市,崁後里,297,705
10010020023,嘉義縣朴子市,德家里,330,760
10010020024,嘉義縣朴子市,新庄里,302,746
10010020025,嘉義縣朴子市,梅華里,441,1046
10010020026,嘉義縣朴子市,松華里,508,1145
10010020027,嘉義縣朴子市,南竹里,211,491
10010030001,嘉義縣布袋鎮,岱江里,236,576
10010030002,嘉義縣布袋鎮,九龍里,148,324
10010030003,嘉義縣布袋鎮,岑海里,970,2351
10010030004,嘉義縣布袋鎮,興中里,446,1057
10010030005,嘉義縣布袋鎮,光復里,709,1636
10010030006,嘉義縣布袋鎮,見龍里,363,876
10010030007,嘉義縣布袋鎮,新厝里,291,684
10010030008,嘉義縣布袋鎮,龍江里,293,700
10010030009,嘉義縣布袋鎮,新岑里,349,942
10010030010,嘉義縣布袋鎮,新民里,506,1292
10010030011,嘉義縣布袋鎮,復興里,974,2386
10010030012,嘉義縣布袋鎮,好美里,436,1152
10010030013,嘉義縣布袋鎮,永安里,455,1014
10010030014,嘉義縣布袋鎮,東港里,813,1853
10010030015,嘉義縣布袋鎮,江山里,135,258
10010030016,嘉義縣布袋鎮,菜舖里,165,345
10010030017,嘉義縣布袋鎮,考試里,111,248
10010030018,嘉義縣布袋鎮,振寮里,323,702
10010030019,嘉義縣布袋鎮,西安里,491,1116
10010030020,嘉義縣布袋鎮,東安里,520,1264
10010030021,嘉義縣布袋鎮,中安里,586,1310
10010030022,嘉義縣布袋鎮,樹林里,221,542
10010030023,嘉義縣布袋鎮,貴舍里,283,571
10010040001,嘉義縣大林鎮,東林里,257,576
10010040002,嘉義縣大林鎮,西林里,913,2095
10010040003,嘉義縣大林鎮,吉林里,461,1038
10010040004,嘉義縣大林鎮,平林里,3042,6962
10010040005,嘉義縣大林鎮,明華里,441,1169
10010040006,嘉義縣大林鎮,明和里,931,2337
10010040007,嘉義縣大林鎮,排路里,259,577
10010040008,嘉義縣大林鎮,西結里,301,686
10010040009,嘉義縣大林鎮,湖北里,256,587
10010040010,嘉義縣大林鎮,大糖里,74,160
10010040011,嘉義縣大林鎮,大美里,705,1683
10010040012,嘉義縣大林鎮,過溪里,572,1449
10010040013,嘉義縣大林鎮,中坑里,602,1390
10010040014,嘉義縣大林鎮,上林里,312,751
10010040015,嘉義縣大林鎮,中林里,599,1563
10010040016,嘉義縣大林鎮,三和里,949,2252
10010040017,嘉義縣大林鎮,溝背里,399,968
10010040018,嘉義縣大林鎮,義和里,271,676
10010040019,嘉義縣大林鎮,內林里,258,659
10010040020,嘉義縣大林鎮,三角里,428,1010
10010040021,嘉義縣大林鎮,三村里,342,872
10010050001,嘉義縣民雄鄉,東榮村,1186,2530
10010050002,嘉義縣民雄鄉,中樂村,708,1639
10010050003,嘉義縣民雄鄉,西安村,1646,3899
10010050004,嘉義縣民雄鄉,寮頂村,938,2431
10010050005,嘉義縣民雄鄉,福權村,632,1678
10010050006,嘉義縣民雄鄉,東湖村,771,1895
10010050007,嘉義縣民雄鄉,頂崙村,658,1662
10010050008,嘉義縣民雄鄉,菁埔村,662,1779
10010050009,嘉義縣民雄鄉,中和村,494,1265
10010050010,嘉義縣民雄鄉,平和村,348,902
10010050011,嘉義縣民雄鄉,西昌村,435,1073
10010050012,嘉義縣民雄鄉,豊收村,1192,2443
10010050013,嘉義縣民雄鄉,三興村,746,1700
10010050014,嘉義縣民雄鄉,東興村,206,538
10010050015,嘉義縣民雄鄉,鎮北村,728,1741
10010050016,嘉義縣民雄鄉,興中村,793,1957
10010050017,嘉義縣民雄鄉,興南村,1308,3061
10010050018,嘉義縣民雄鄉,福興村,812,2066
10010050019,嘉義縣民雄鄉,文隆村,1260,2855
10010050020,嘉義縣民雄鄉,山中村,1441,3860
10010050021,嘉義縣民雄鄉,中央村,470,1277
10010050022,嘉義縣民雄鄉,北斗村,1770,4585
10010050023,嘉義縣民雄鄉,双福村,1195,2796
10010050024,嘉義縣民雄鄉,大崎村,1071,2504
10010050025,嘉義縣民雄鄉,秀林村,1258,2891
10010050026,嘉義縣民雄鄉,松山村,749,1895
10010050027,嘉義縣民雄鄉,金興村,1333,3081
10010050028,嘉義縣民雄鄉,福樂村,3162,7787
10010050029,嘉義縣民雄鄉,新山村,713,1641
10010060001,嘉義縣溪口鄉,溪東村,602,1275
10010060002,嘉義縣溪口鄉,溪西村,287,679
10010060003,嘉義縣溪口鄉,溪北村,257,612
10010060004,嘉義縣溪口鄉,游東村,426,957
10010060005,嘉義縣溪口鄉,游西村,307,650
10010060006,嘉義縣溪口鄉,柴林村,309,746
10010060007,嘉義縣溪口鄉,林腳村,354,762
10010060008,嘉義縣溪口鄉,美南村,433,1074
10010060009,嘉義縣溪口鄉,美北村,383,945
10010060010,嘉義縣溪口鄉,本厝村,370,908
10010060011,嘉義縣溪口鄉,柳溝村,510,1290
10010060012,嘉義縣溪口鄉,疊溪村,448,1012
10010060013,嘉義縣溪口鄉,妙崙村,262,659
10010060014,嘉義縣溪口鄉,坪頂村,373,916
10010070001,嘉義縣新港鄉,宮前村,971,2490
10010070002,嘉義縣新港鄉,宮後村,622,1601
10010070003,嘉義縣新港鄉,大興村,558,1534
10010070004,嘉義縣新港鄉,福德村,671,1774
10010070005,嘉義縣新港鄉,古民村,594,1503
10010070006,嘉義縣新港鄉,中庄村,656,1627
10010070007,嘉義縣新港鄉,大潭村,667,1780
10010070008,嘉義縣新港鄉,西庄村,354,938
10010070009,嘉義縣新港鄉,埤子村,224,534
10010070010,嘉義縣新港鄉,南崙村,364,911
10010070011,嘉義縣新港鄉,北崙村,178,478
10010070012,嘉義縣新港鄉,海瀛村,199,501
10010070013,嘉義縣新港鄉,月眉村,703,1683
10010070014,嘉義縣新港鄉,月潭村,596,1532
10010070015,嘉義縣新港鄉,溪北村,535,1314
10010070016,嘉義縣新港鄉,三間村,772,1881
10010070017,嘉義縣新港鄉,中洋村,417,1012
10010070018,嘉義縣新港鄉,菜公村,394,990
10010070019,嘉義縣新港鄉,安和村,398,983
10010070020,嘉義縣新港鄉,潭大村,455,1235
10010070021,嘉義縣新港鄉,南港村,431,1037
10010070022,嘉義縣新港鄉,板頭村,229,558
10010070023,嘉義縣新港鄉,共和村,350,892
10010080001,嘉義縣六腳鄉,蒜頭村,573,1210
10010080002,嘉義縣六腳鄉,蒜東村,334,744
10010080003,嘉義縣六腳鄉,蒜南村,366,872
10010080004,嘉義縣六腳鄉,工廠村,101,192
10010080005,嘉義縣六腳鄉,灣南村,495,1166
10010080006,嘉義縣六腳鄉,灣北村,463,1111
10010080007,嘉義縣六腳鄉,雙涵村,360,857
10010080008,嘉義縣六腳鄉,塗師村,245,582
10010080009,嘉義縣六腳鄉,三義村,282,685
10010080010,嘉義縣六腳鄉,港美村,327,717
10010080011,嘉義縣六腳鄉,豐美村,413,1044
10010080012,嘉義縣六腳鄉,六斗村,410,916
10010080013,嘉義縣六腳鄉,崙陽村,438,1030
10010080014,嘉義縣六腳鄉,蘇厝村,704,1500
10010080015,嘉義縣六腳鄉,竹本村,262,561
10010080016,嘉義縣六腳鄉,永賢村,187,424
10010080017,嘉義縣六腳鄉,魚寮村,277,579
10010080018,嘉義縣六腳鄉,潭墘村,350,843
10010080019,嘉義縣六腳鄉,正義村,581,1349
10010080020,嘉義縣六腳鄉,溪厝村,253,555
10010080021,嘉義縣六腳鄉,六腳村,327,682
10010080022,嘉義縣六腳鄉,六南村,226,489
10010080023,嘉義縣六腳鄉,崩山村,274,593
10010080024,嘉義縣六腳鄉,古林村,289,603
10010080025,嘉義縣六腳鄉,更寮村,242,544
10010090001,嘉義縣東石鄉,東石村,852,2105
10010090002,嘉義縣東石鄉,猿樹村,367,912
10010090003,嘉義縣東石鄉,型厝村,480,1284
10010090004,嘉義縣東石鄉,塭港村,576,1656
10010090005,嘉義縣東石鄉,三家村,440,1159
10010090006,嘉義縣東石鄉,永屯村,282,719
10010090007,嘉義縣東石鄉,海埔村,169,366
10010090008,嘉義縣東石鄉,龍港村,363,774
10010090009,嘉義縣東石鄉,副瀨村,370,885
10010090010,嘉義縣東石鄉,下揖村,347,708
10010090011,嘉義縣東石鄉,頂揖村,172,380
10010090012,嘉義縣東石鄉,溪下村,448,941
10010090013,嘉義縣東石鄉,港墘村,500,1185
10010090014,嘉義縣東石鄉,蔦松村,403,928
10010090015,嘉義縣東石鄉,圍潭村,274,610
10010090016,嘉義縣東石鄉,洲仔村,341,819
10010090017,嘉義縣東石鄉,東崙村,303,664
10010090018,嘉義縣東石鄉,西崙村,461,1101
10010090019,嘉義縣東石鄉,塭仔村,379,886
10010090020,嘉義縣東石鄉,網寮村,520,1173
10010090021,嘉義縣東石鄉,掌潭村,307,746
10010090022,嘉義縣東石鄉,港口村,144,281
10010090023,嘉義縣東石鄉,鰲鼓村,484,1229
10010100001,嘉義縣義竹鄉,岸腳村,305,641
10010100002,嘉義縣義竹鄉,義竹村,654,1452
10010100003,嘉義縣義竹鄉,六桂村,519,1113
10010100004,嘉義縣義竹鄉,仁里村,374,859
10010100005,嘉義縣義竹鄉,傳芳村,315,805
10010100006,嘉義縣義竹鄉,頭竹村,529,1198
10010100007,嘉義縣義竹鄉,五厝村,166,396
10010100008,嘉義縣義竹鄉,中平村,204,396
10010100009,嘉義縣義竹鄉,埤前村,296,715
10010100010,嘉義縣義竹鄉,平溪村,176,418
10010100011,嘉義縣義竹鄉,後鎮村,179,418
10010100012,嘉義縣義竹鄉,北華村,216,530
10010100013,嘉義縣義竹鄉,新店村,578,1434
10010100014,嘉義縣義竹鄉,東過村,355,788
10010100015,嘉義縣義竹鄉,西過村,366,756
10010100016,嘉義縣義竹鄉,官和村,299,773
10010100017,嘉義縣義竹鄉,官順村,177,449
10010100018,嘉義縣義竹鄉,新富村,231,467
10010100019,嘉義縣義竹鄉,東光村,319,684
10010100020,嘉義縣義竹鄉,東榮村,183,355
10010100021,嘉義縣義竹鄉,龍蛟村,256,496
10010100022,嘉義縣義竹鄉,溪洲村,297,605
10010110001,嘉義縣鹿草鄉,後寮村,203,526
10010110002,嘉義縣鹿草鄉,鹿東村,221,539
10010110003,嘉義縣鹿草鄉,鹿草村,528,1245
10010110004,嘉義縣鹿草鄉,西井村,611,1405
10010110005,嘉義縣鹿草鄉,豊稠村,387,756
10010110006,嘉義縣鹿草鄉,重寮村,460,985
10010110007,嘉義縣鹿草鄉,施家村,196,417
10010110008,嘉義縣鹿草鄉,下潭村,336,735
10010110009,嘉義縣鹿草鄉,光潭村,447,994
10010110010,嘉義縣鹿草鄉,碧潭村,406,876
10010110011,嘉義縣鹿草鄉,松竹村,377,878
10010110012,嘉義縣鹿草鄉,竹山村,390,924
10010110013,嘉義縣鹿草鄉,後堀村,507,1102
10010110014,嘉義縣鹿草鄉,三角村,578,1374
10010110015,嘉義縣鹿草鄉,下麻村,252,568
10010120001,嘉義縣水上鄉,水上村,2045,4705
10010120002,嘉義縣水上鄉,水頭村,1157,2749
10010120003,嘉義縣水上鄉,大堀村,691,1760
10010120004,嘉義縣水上鄉,大崙村,846,2195
10010120005,嘉義縣水上鄉,塗溝村,349,815
10010120006,嘉義縣水上鄉,粗溪村,674,1659
10010120007,嘉義縣水上鄉,下寮村,886,1944
10010120008,嘉義縣水上鄉,三和村,780,1832
10010120009,嘉義縣水上鄉,回歸村,191,448
10010120010,嘉義縣水上鄉,三鎮村,282,644
10010120011,嘉義縣水上鄉,靖和村,184,407
10010120012,嘉義縣水上鄉,南和村,622,1371
10010120013,嘉義縣水上鄉,龍德村,770,1993
10010120014,嘉義縣水上鄉,溪洲村,468,1075
10010120015,嘉義縣水上鄉,柳林村,959,2278
10010120016,嘉義縣水上鄉,柳鄉村,884,2087
10010120017,嘉義縣水上鄉,柳新村,823,2003
10010120018,嘉義縣水上鄉,寬士村,2035,4513
10010120019,嘉義縣水上鄉,民生村,1461,3039
10010120020,嘉義縣水上鄉,忠和村,813,1935
10010120021,嘉義縣水上鄉,中庄村,822,1838
10010120022,嘉義縣水上鄉,南鄉村,325,902
10010120023,嘉義縣水上鄉,三界村,400,994
10010120024,嘉義縣水上鄉,國姓村,452,1158
10010120025,嘉義縣水上鄉,內溪村,542,1329
10010120026,嘉義縣水上鄉,義興村,352,822
10010130001,嘉義縣中埔鄉,中埔村,761,1918
10010130002,嘉義縣中埔鄉,塩舘村,396,1001
10010130003,嘉義縣中埔鄉,龍門村,284,776
10010130004,嘉義縣中埔鄉,裕民村,359,864
10010130005,嘉義縣中埔鄉,金蘭村,660,1645
10010130006,嘉義縣中埔鄉,富收村,1302,3102
10010130007,嘉義縣中埔鄉,和睦村,1548,3669
10010130008,嘉義縣中埔鄉,和美村,3465,7666
10010130009,嘉義縣中埔鄉,和興村,2646,6114
10010130010,嘉義縣中埔鄉,隆興村,785,1924
10010130011,嘉義縣中埔鄉,義仁村,679,1668
10010130012,嘉義縣中埔鄉,社口村,861,2205
10010130013,嘉義縣中埔鄉,灣潭村,389,986
10010130014,嘉義縣中埔鄉,石硦村,441,1122
10010130015,嘉義縣中埔鄉,頂埔村,328,940
10010130016,嘉義縣中埔鄉,同仁村,727,1900
10010130017,嘉義縣中埔鄉,瑞豐村,243,741
10010130018,嘉義縣中埔鄉,沄水村,365,945
10010130019,嘉義縣中埔鄉,三層村,233,607
10010130020,嘉義縣中埔鄉,深坑村,249,727
10010130021,嘉義縣中埔鄉,東興村,133,341
10010130022,嘉義縣中埔鄉,中崙村,121,266
10010140001,嘉義縣竹崎鄉,竹崎村,1115,2834
10010140002,嘉義縣竹崎鄉,和平村,912,2428
10010140003,嘉義縣竹崎鄉,坑頭村,267,753
10010140004,嘉義縣竹崎鄉,沙坑村,296,804
10010140005,嘉義縣竹崎鄉,獅埜村,428,1190
10010140006,嘉義縣竹崎鄉,義和村,229,610
10010140007,嘉義縣竹崎鄉,義仁村,408,1033
10010140008,嘉義縣竹崎鄉,灣橋村,2247,5496
10010140009,嘉義縣竹崎鄉,鹿滿村,561,1488
10010140010,嘉義縣竹崎鄉,紫雲村,531,1463
10010140011,嘉義縣竹崎鄉,內埔村,617,1592
10010140012,嘉義縣竹崎鄉,昇平村,620,1746
10010140013,嘉義縣竹崎鄉,白杞村,243,579
10010140014,嘉義縣竹崎鄉,桃源村,369,977
10010140015,嘉義縣竹崎鄉,塘興村,283,802
10010140016,嘉義縣竹崎鄉,義隆村,214,667
10010140017,嘉義縣竹崎鄉,龍山村,632,1825
10010140018,嘉義縣竹崎鄉,文峯村,269,632
10010140019,嘉義縣竹崎鄉,金獅村,176,380
10010140020,嘉義縣竹崎鄉,復金村,641,1911
10010140021,嘉義縣竹崎鄉,緞繻村,373,925
10010140022,嘉義縣竹崎鄉,仁壽村,119,255
10010140023,嘉義縣竹崎鄉,中和村,354,798
10010140024,嘉義縣竹崎鄉,光華村,289,673
10010150001,嘉義縣梅山鄉,梅東村,981,2273
10010150002,嘉義縣梅山鄉,梅南村,412,909
10010150003,嘉義縣梅山鄉,過山村,223,509
10010150004,嘉義縣梅山鄉,梅北村,1966,4801
10010150005,嘉義縣梅山鄉,圳南村,157,368
10010150006,嘉義縣梅山鄉,永興村,212,544
10010150007,嘉義縣梅山鄉,半天村,131,327
10010150008,嘉義縣梅山鄉,圳北村,220,567
10010150009,嘉義縣梅山鄉,大南村,618,1644
10010150010,嘉義縣梅山鄉,双溪村,224,548
10010150011,嘉義縣梅山鄉,安靖村,303,758
10010150012,嘉義縣梅山鄉,太平村,189,474
10010150013,嘉義縣梅山鄉,碧湖村,124,289
10010150014,嘉義縣梅山鄉,太興村,166,424
10010150015,嘉義縣梅山鄉,瑞峯村,266,720
10010150016,嘉義縣梅山鄉,瑞里村,234,612
10010150017,嘉義縣梅山鄉,太和村,356,923
10010150018,嘉義縣梅山鄉,龍眼村,173,375
10010160001,嘉義縣番路鄉,江西村,617,1289
10010160002,嘉義縣番路鄉,內甕村,180,435
10010160003,嘉義縣番路鄉,新福村,525,1357
10010160004,嘉義縣番路鄉,下坑村,839,1960
10010160005,嘉義縣番路鄉,番路村,326,858
10010160006,嘉義縣番路鄉,民和村,339,899
10010160007,嘉義縣番路鄉,觸口村,524,1369
10010160008,嘉義縣番路鄉,大湖村,257,623
10010160009,嘉義縣番路鄉,公田村,493,955
10010160010,嘉義縣番路鄉,公興村,252,440
10010160011,嘉義縣番路鄉,草山村,139,340
10010170001,嘉義縣大埔鄉,大埔村,716,1547
10010170002,嘉義縣大埔鄉,和平村,304,685
10010170003,嘉義縣大埔鄉,永樂村,182,426
10010170004,嘉義縣大埔鄉,茄苳村,391,914
10010170005,嘉義縣大埔鄉,西興村,265,560
10010180001,嘉義縣阿里山鄉,中山村,144,351
10010180002,嘉義縣阿里山鄉,中正村,60,151
10010180003,嘉義縣阿里山鄉,香林村,53,110
10010180004,嘉義縣阿里山鄉,十字村,116,339
10010180005,嘉義縣阿里山鄉,來吉村,135,339
10010180006,嘉義縣阿里山鄉,豐山村,120,315
10010180007,嘉義縣阿里山鄉,達邦村,333,953
10010180008,嘉義縣阿里山鄉,樂野村,393,1115
10010180009,嘉義縣阿里山鄉,里佳村,86,267
10010180010,嘉義縣阿里山鄉,山美村,179,570
10010180011,嘉義縣阿里山鄉,新美村,110,314
10010180012,嘉義縣阿里山鄉,茶山村,121,321
10013010001,屏東縣屏東市,光榮里,849,1829
10013010004,屏東縣屏東市,大同里,850,1748
10013010008,屏東縣屏東市,大埔里,776,1726
10013010012,屏東縣屏東市,維新里,1158,2634
10013010015,屏東縣屏東市,楠樹里,1048,2096
10013010018,屏東縣屏東市,金泉里,520,1149
10013010020,屏東縣屏東市,橋南里,671,1606
10013010021,屏東縣屏東市,橋北里,490,1098
10013010022,屏東縣屏東市,長春里,813,1906
10013010023,屏東縣屏東市,豐榮里,1260,2819
10013010024,屏東縣屏東市,豐源里,1667,4245
10013010025,屏東縣屏東市,豐田里,1847,4610
10013010026,屏東縣屏東市,大連里,1938,4584
10013010027,屏東縣屏東市,湖西里,553,1548
10013010028,屏東縣屏東市,湖南里,419,1195
10013010029,屏東縣屏東市,歸心里,395,1131
10013010030,屏東縣屏東市,瑞光里,4126,9160
10013010031,屏東縣屏東市,新生里,2433,5928
10013010032,屏東縣屏東市,頂宅里,253,590
10013010033,屏東縣屏東市,厚生里,1320,3028
10013010035,屏東縣屏東市,建國里,873,1788
10013010036,屏東縣屏東市,一心里,972,2064
10013010038,屏東縣屏東市,義勇里,899,1862
10013010040,屏東縣屏東市,永安里,2832,6670
10013010041,屏東縣屏東市,新興里,976,2733
10013010042,屏東縣屏東市,公館里,525,1535
10013010043,屏東縣屏東市,龍華里,912,2439
10013010044,屏東縣屏東市,玉成里,554,1740
10013010045,屏東縣屏東市,頂柳里,452,1235
10013010046,屏東縣屏東市,大湖里,681,1851
10013010049,屏東縣屏東市,安鎮里,864,2096
10013010050,屏東縣屏東市,永光里,643,1457
10013010051,屏東縣屏東市,大洲里,522,1299
10013010053,屏東縣屏東市,大武里,3759,8911
10013010054,屏東縣屏東市,前進里,1281,3237
10013010055,屏東縣屏東市,清溪里,2009,4749
10013010056,屏東縣屏東市,長安里,1132,2942
10013010059,屏東縣屏東市,斯文里,982,2134
10013010060,屏東縣屏東市,華山里,2297,5579
10013010064,屏東縣屏東市,中正里,2149,5012
10013010065,屏東縣屏東市,勝利里,3309,6595
10013010066,屏東縣屏東市,永城里,1111,2456
10013010067,屏東縣屏東市,溝美里,1030,2424
10013010068,屏東縣屏東市,北勢里,1179,2662
10013010069,屏東縣屏東市,北興里,3014,7103
10013010070,屏東縣屏東市,仁愛里,935,2274
10013010071,屏東縣屏東市,廣興里,1341,3385
10013010073,屏東縣屏東市,崇蘭里,4029,9700
10013010074,屏東縣屏東市,空翔里,2010,4251
10013010075,屏東縣屏東市,潭墘里,2466,5834
10013010076,屏東縣屏東市,三山里,554,1417
10013010077,屏東縣屏東市,海豐里,361,912
10013010078,屏東縣屏東市,仁義里,443,1169
10013010079,屏東縣屏東市,和興里,454,1201
10013010080,屏東縣屏東市,信和里,627,1642
10013010081,屏東縣屏東市,崇武里,2089,4623
10013010082,屏東縣屏東市,豐年里,2297,5716
10013010083,屏東縣屏東市,崇陽里,3973,8888
10013010084,屏東縣屏東市,公園里,1005,2090
10013020001,屏東縣潮州鎮,潮州里,213,478
10013020002,屏東縣潮州鎮,同榮里,251,550
10013020003,屏東縣潮州鎮,新榮里,595,1315
10013020004,屏東縣潮州鎮,新生里,479,976
10013020005,屏東縣潮州鎮,光華里,2432,5533
10013020006,屏東縣潮州鎮,彭城里,358,955
10013020007,屏東縣潮州鎮,三星里,2893,6776
10013020008,屏東縣潮州鎮,三共里,3156,7271
10013020009,屏東縣潮州鎮,三和里,978,2270
10013020010,屏東縣潮州鎮,五魁里,669,1648
10013020011,屏東縣潮州鎮,蓬萊里,1254,2932
10013020012,屏東縣潮州鎮,八爺里,1163,2802
10013020013,屏東縣潮州鎮,永春里,3607,8333
10013020014,屏東縣潮州鎮,富春里,545,1302
10013020015,屏東縣潮州鎮,光春里,715,1706
10013020016,屏東縣潮州鎮,興美里,409,1059
10013020017,屏東縣潮州鎮,檨子里,196,515
10013020018,屏東縣潮州鎮,九塊里,812,1937
10013020019,屏東縣潮州鎮,泗林里,676,1777
10013020020,屏東縣潮州鎮,四春里,698,1786
10013020021,屏東縣潮州鎮,崙東里,621,1622
10013030001,屏東縣東港鎮,新勝里,907,2068
10013030003,屏東縣東港鎮,頂中里,689,1590
10013030007,屏東縣東港鎮,朝安里,643,1539
10013030009,屏東縣東港鎮,東隆里,496,1227
10013030010,屏東縣東港鎮,豐漁里,569,1441
10013030011,屏東縣東港鎮,盛漁里,827,2206
10013030012,屏東縣東港鎮,興漁里,587,1648
10013030013,屏東縣東港鎮,鎮海里,898,2328
10013030014,屏東縣東港鎮,嘉蓮里,606,1662
10013030015,屏東縣東港鎮,南平里,662,1542
10013030016,屏東縣東港鎮,船頭里,1209,2644
10013030017,屏東縣東港鎮,下廍里,731,1942
10013030018,屏東縣東港鎮,大潭里,620,1517
10013030020,屏東縣東港鎮,興農里,731,1741
10013030021,屏東縣東港鎮,興和里,445,1163
10013030022,屏東縣東港鎮,共和里,355,755
10013030023,屏東縣東港鎮,福德里,849,1999
10013030024,屏東縣東港鎮,東津里,1693,3965
10013030025,屏東縣東港鎮,內關帝里,1313,2977
10013030026,屏東縣東港鎮,東新里,1273,2861
10013030027,屏東縣東港鎮,新街里,1907,4551
10013030028,屏東縣東港鎮,東光里,841,2227
10013040001,屏東縣恆春鎮,城南里,469,942
10013040002,屏東縣恆春鎮,城北里,1103,2496
10013040003,屏東縣恆春鎮,城西里,539,1225
10013040004,屏東縣恆春鎮,山腳里,2149,4747
10013040005,屏東縣恆春鎮,網紗里,1651,3757
10013040006,屏東縣恆春鎮,仁壽里,441,942
10013040007,屏東縣恆春鎮,茄湖里,222,523
10013040008,屏東縣恆春鎮,頭溝里,225,447
10013040009,屏東縣恆春鎮,四溝里,489,1088
10013040010,屏東縣恆春鎮,德和里,560,1276
10013040011,屏東縣恆春鎮,龍水里,497,1188
10013040012,屏東縣恆春鎮,山海里,676,1669
10013040013,屏東縣恆春鎮,大光里,944,2458
10013040014,屏東縣恆春鎮,水泉里,609,1420
10013040015,屏東縣恆春鎮,南灣里,718,1834
10013040016,屏東縣恆春鎮,墾丁里,553,1259
10013040017,屏東縣恆春鎮,鵝鑾里,506,1153
10013050001,屏東縣萬丹鄉,萬安村,235,609
10013050002,屏東縣萬丹鄉,萬惠村,371,964
10013050003,屏東縣萬丹鄉,萬全村,1470,3856
10013050004,屏東縣萬丹鄉,萬後村,351,829
10013050005,屏東縣萬丹鄉,萬生村,637,1562
10013050006,屏東縣萬丹鄉,寶厝村,981,2572
10013050007,屏東縣萬丹鄉,四維村,840,2442
10013050008,屏東縣萬丹鄉,竹林村,595,1766
10013050009,屏東縣萬丹鄉,廣安村,1038,2700
10013050010,屏東縣萬丹鄉,田厝村,388,1158
10013050011,屏東縣萬丹鄉,崙頂村,758,2083
10013050012,屏東縣萬丹鄉,厦北村,510,1641
10013050013,屏東縣萬丹鄉,厦南村,505,1537
10013050014,屏東縣萬丹鄉,上村村,341,957
10013050015,屏東縣萬丹鄉,加興村,443,1328
10013050016,屏東縣萬丹鄉,社口村,598,1701
10013050017,屏東縣萬丹鄉,磚寮村,363,984
10013050018,屏東縣萬丹鄉,社皮村,880,2369
10013050019,屏東縣萬丹鄉,社上村,686,1843
10013050020,屏東縣萬丹鄉,社中村,666,1889
10013050021,屏東縣萬丹鄉,水泉村,675,2006
10013050022,屏東縣萬丹鄉,新庄村,861,2284
10013050023,屏東縣萬丹鄉,香社村,577,1598
10013050024,屏東縣萬丹鄉,後村村,375,1028
10013050025,屏東縣萬丹鄉,新鐘村,799,2305
10013050026,屏東縣萬丹鄉,灣內村,461,1469
10013050027,屏東縣萬丹鄉,興全村,408,1181
10013050028,屏東縣萬丹鄉,興安村,288,857
10013050029,屏東縣萬丹鄉,水仙村,203,600
10013050030,屏東縣萬丹鄉,甘棠村,167,407
10013060001,屏東縣長治鄉,進興村,1211,2968
10013060002,屏東縣長治鄉,新潭村,1832,4201
10013060003,屏東縣長治鄉,潭頭村,877,2368
10013060004,屏東縣長治鄉,香楊村,1547,3398
10013060005,屏東縣長治鄉,長興村,534,1176
10013060006,屏東縣長治鄉,德成村,394,899
10013060007,屏東縣長治鄉,德協村,414,1062
10013060008,屏東縣長治鄉,復興村,635,1532
10013060009,屏東縣長治鄉,崙上村,739,1757
10013060010,屏東縣長治鄉,德榮村,435,1154
10013060011,屏東縣長治鄉,德和村,333,799
10013060012,屏東縣長治鄉,繁華村,891,2481
10013060013,屏東縣長治鄉,繁昌村,600,1768
10013060014,屏東縣長治鄉,繁榮村,521,1479
10013060015,屏東縣長治鄉,繁隆村,442,1183
10013060016,屏東縣長治鄉,榮華村,342,843
10013070001,屏東縣麟洛鄉,新田村,896,2212
10013070002,屏東縣麟洛鄉,麟頂村,418,1010
10013070003,屏東縣麟洛鄉,麟蹄村,671,1583
10013070004,屏東縣麟洛鄉,麟趾村,1277,2838
10013070005,屏東縣麟洛鄉,田中村,515,1283
10013070006,屏東縣麟洛鄉,田心村,365,874
10013070007,屏東縣麟洛鄉,田道村,287,663
10013080001,屏東縣九如鄉,九清村,609,1533
10013080002,屏東縣九如鄉,九塊村,556,1442
10013080003,屏東縣九如鄉,九明村,810,2048
10013080004,屏東縣九如鄉,玉水村,494,1303
10013080005,屏東縣九如鄉,大坵村,483,1291
10013080006,屏東縣九如鄉,三塊村,625,1721
10013080007,屏東縣九如鄉,後庄村,682,1929
10013080008,屏東縣九如鄉,耆老村,517,1356
10013080009,屏東縣九如鄉,洽興村,564,1605
10013080010,屏東縣九如鄉,東寧村,2102,5380
10013080011,屏東縣九如鄉,玉泉村,673,1724
10013090001,屏東縣里港鄉,玉田村,1504,4117
10013090002,屏東縣里港鄉,大平村,481,1126
10013090003,屏東縣里港鄉,永春村,379,992
10013090004,屏東縣里港鄉,春林村,587,1520
10013090005,屏東縣里港鄉,過江村,886,2314
10013090006,屏東縣里港鄉,鐵店村,599,1619
10013090007,屏東縣里港鄉,塔樓村,619,1715
10013090008,屏東縣里港鄉,潮厝村,570,1733
10013090009,屏東縣里港鄉,茄苳村,603,1524
10013090010,屏東縣里港鄉,載興村,830,2429
10013090011,屏東縣里港鄉,土庫村,808,2128
10013090012,屏東縣里港鄉,三廍村,682,1954
10013090013,屏東縣里港鄉,中和村,372,1015
10013090014,屏東縣里港鄉,瀰力村,178,547
10013100001,屏東縣鹽埔鄉,新圍村,1140,3208
10013100002,屏東縣鹽埔鄉,高朗村,975,2910
10013100003,屏東縣鹽埔鄉,鹽北村,692,1859
10013100004,屏東縣鹽埔鄉,鹽中村,923,2500
10013100005,屏東縣鹽埔鄉,鹽南村,711,1846
10013100006,屏東縣鹽埔鄉,仕絨村,374,1062
10013100007,屏東縣鹽埔鄉,振興村,710,1833
10013100008,屏東縣鹽埔鄉,永隆村,236,545
10013100009,屏東縣鹽埔鄉,久愛村,324,875
10013100010,屏東縣鹽埔鄉,洛陽村,634,1545
10013100011,屏東縣鹽埔鄉,新二村,1451,3721
10013100012,屏東縣鹽埔鄉,彭厝村,373,1018
10013110001,屏東縣高樹鄉,高樹村,1044,2280
10013110002,屏東縣高樹鄉,長榮村,579,1284
10013110003,屏東縣高樹鄉,東興村,340,718
10013110004,屏東縣高樹鄉,東振村,270,561
10013110005,屏東縣高樹鄉,源泉村,408,1005
10013110006,屏東縣高樹鄉,建興村,480,1184
10013110007,屏東縣高樹鄉,大埔村,250,555
10013110008,屏東縣高樹鄉,菜寮村,295,712
10013110009,屏東縣高樹鄉,司馬村,250,607
10013110010,屏東縣高樹鄉,舊寮村,516,1188
10013110011,屏東縣高樹鄉,新豐村,613,1427
10013110012,屏東縣高樹鄉,泰山村,886,1849
10013110013,屏東縣高樹鄉,南華村,524,1241
10013110014,屏東縣高樹鄉,廣福村,511,1069
10013110015,屏東縣高樹鄉,廣興村,425,1123
10013110016,屏東縣高樹鄉,舊庄村,391,1033
10013110017,屏東縣高樹鄉,田子村,431,1094
10013110018,屏東縣高樹鄉,鹽樹村,506,1178
10013110019,屏東縣高樹鄉,新南村,608,1517
10013120001,屏東縣萬巒鄉,萬巒村,484,1244
10013120002,屏東縣萬巒鄉,萬全村,321,777
10013120003,屏東縣萬巒鄉,萬和村,723,1862
10013120004,屏東縣萬巒鄉,鹿寮村,356,904
10013120005,屏東縣萬巒鄉,硫黃村,201,518
10013120006,屏東縣萬巒鄉,泗溝村,425,1050
10013120007,屏東縣萬巒鄉,五溝村,395,988
10013120008,屏東縣萬巒鄉,成德村,554,1456
10013120009,屏東縣萬巒鄉,萬金村,770,2142
10013120010,屏東縣萬巒鄉,赤山村,700,1766
10013120011,屏東縣萬巒鄉,佳佐村,638,1802
10013120012,屏東縣萬巒鄉,佳和村,497,1417
10013120013,屏東縣萬巒鄉,新厝村,461,1346
10013120014,屏東縣萬巒鄉,新置村,483,1181
10013130001,屏東縣內埔鄉,內埔村,2101,4589
10013130002,屏東縣內埔鄉,內田村,1763,3945
10013130003,屏東縣內埔鄉,興南村,498,1309
10013130004,屏東縣內埔鄉,義亭村,240,554
10013130005,屏東縣內埔鄉,美和村,1062,2449
10013130006,屏東縣內埔鄉,和興村,1428,3555
10013130007,屏東縣內埔鄉,東寧村,2132,5018
10013130008,屏東縣內埔鄉,豐田村,1615,3880
10013130009,屏東縣內埔鄉,振豐村,622,1619
10013130010,屏東縣內埔鄉,富田村,741,1915
10013130011,屏東縣內埔鄉,竹圍村,782,2007
10013130012,屏東縣內埔鄉,東勢村,1098,2907
10013130013,屏東縣內埔鄉,東片村,377,929
10013130014,屏東縣內埔鄉,上樹村,477,1184
10013130015,屏東縣內埔鄉,老埤村,1041,2504
10013130016,屏東縣內埔鄉,中林村,647,1658
10013130017,屏東縣內埔鄉,龍泉村,975,2594
10013130018,屏東縣內埔鄉,龍潭村,1026,2626
10013130019,屏東縣內埔鄉,建興村,300,759
10013130020,屏東縣內埔鄉,大新村,692,1781
10013130021,屏東縣內埔鄉,黎明村,847,2501
10013130022,屏東縣內埔鄉,隘寮村,543,1395
10013130023,屏東縣內埔鄉,水門村,414,856
10013140001,屏東縣竹田鄉,竹田村,680,1526
10013140002,屏東縣竹田鄉,竹南村,344,901
10013140003,屏東縣竹田鄉,糶糴村,244,674
10013140004,屏東縣竹田鄉,履豐村,228,596
10013140005,屏東縣竹田鄉,頭崙村,509,1306
10013140006,屏東縣竹田鄉,二崙村,366,956
10013140007,屏東縣竹田鄉,美崙村,241,654
10013140008,屏東縣竹田鄉,南勢村,199,476
10013140009,屏東縣竹田鄉,西勢村,981,2482
10013140010,屏東縣竹田鄉,福田村,172,476
10013140011,屏東縣竹田鄉,永豐村,466,921
10013140012,屏東縣竹田鄉,六巷村,301,808
10013140013,屏東縣竹田鄉,泗洲村,418,1114
10013140014,屏東縣竹田鄉,大湖村,429,1173
10013140015,屏東縣竹田鄉,鳳明村,455,1258
10013150001,屏東縣新埤鄉,新埤村,967,2095
10013150002,屏東縣新埤鄉,建功村,401,1002
10013150003,屏東縣新埤鄉,打鐵村,344,864
10013150004,屏東縣新埤鄉,南豐村,279,750
10013150005,屏東縣新埤鄉,萬隆村,681,1755
10013150006,屏東縣新埤鄉,箕湖村,399,1145
10013150007,屏東縣新埤鄉,餉潭村,500,1326
10013160001,屏東縣枋寮鄉,枋寮村,611,1264
10013160002,屏東縣枋寮鄉,新龍村,392,949
10013160003,屏東縣枋寮鄉,保生村,383,928
10013160004,屏東縣枋寮鄉,中寮村,257,628
10013160005,屏東縣枋寮鄉,安樂村,657,1662
10013160006,屏東縣枋寮鄉,隆山村,1853,4634
10013160007,屏東縣枋寮鄉,天時村,764,1886
10013160008,屏東縣枋寮鄉,地利村,601,1430
10013160009,屏東縣枋寮鄉,人和村,893,2115
10013160010,屏東縣枋寮鄉,內寮村,298,714
10013160011,屏東縣枋寮鄉,新開村,356,962
10013160012,屏東縣枋寮鄉,太源村,403,980
10013160013,屏東縣枋寮鄉,玉泉村,184,448
10013160014,屏東縣枋寮鄉,東海村,1164,2872
10013160015,屏東縣枋寮鄉,大庄村,233,633
10013170001,屏東縣新園鄉,瓦󿾨村,635,1773
10013170002,屏東縣新園鄉,仙吉村,1127,2729
10013170003,屏東縣新園鄉,田洋村,855,2378
10013170004,屏東縣新園鄉,港墘村,370,964
10013170005,屏東縣新園鄉,內庄村,330,845
10013170006,屏東縣新園鄉,新東村,918,2422
10013170007,屏東縣新園鄉,新園村,904,2353
10013170008,屏東縣新園鄉,烏龍村,465,1198
10013170009,屏東縣新園鄉,興龍村,847,2106
10013170010,屏東縣新園鄉,中洲村,657,1567
10013170011,屏東縣新園鄉,南龍村,579,1404
10013170012,屏東縣新園鄉,港西村,794,1995
10013170013,屏東縣新園鄉,五房村,1182,2812
10013170014,屏東縣新園鄉,鹽埔村,1874,4606
10013170015,屏東縣新園鄉,共和村,974,2315
10013180001,屏東縣崁頂鄉,崁頂村,942,2856
10013180002,屏東縣崁頂鄉,園寮村,876,2547
10013180003,屏東縣崁頂鄉,圍內村,442,1375
10013180004,屏東縣崁頂鄉,力社村,535,1600
10013180005,屏東縣崁頂鄉,洲子村,385,1111
10013180006,屏東縣崁頂鄉,北勢村,572,1659
10013180007,屏東縣崁頂鄉,越溪村,360,1130
10013180008,屏東縣崁頂鄉,港東村,685,2025
10013190001,屏東縣林邊鄉,林邊村,602,1401
10013190002,屏東縣林邊鄉,光林村,725,1630
10013190003,屏東縣林邊鄉,仁和村,811,1733
10013190004,屏東縣林邊鄉,中林村,325,706
10013190005,屏東縣林邊鄉,永樂村,1336,3217
10013190006,屏東縣林邊鄉,水利村,729,1819
10013190007,屏東縣林邊鄉,崎峯村,500,1210
10013190008,屏東縣林邊鄉,田厝村,394,997
10013190009,屏東縣林邊鄉,竹林村,813,1906
10013190010,屏東縣林邊鄉,鎮安村,420,1051
10013200001,屏東縣南州鄉,溪洲村,788,1783
10013200002,屏東縣南州鄉,溪南村,429,937
10013200003,屏東縣南州鄉,仁里村,229,495
10013200004,屏東縣南州鄉,溪北村,314,715
10013200005,屏東縣南州鄉,七塊村,396,1027
10013200006,屏東縣南州鄉,萬華村,372,952
10013200007,屏東縣南州鄉,米崙村,405,1051
10013200008,屏東縣南州鄉,壽元村,415,1056
10013200009,屏東縣南州鄉,同安村,434,1025
10013200010,屏東縣南州鄉,南安村,221,525
10013210001,屏東縣佳冬鄉,佳冬村,701,1585
10013210002,屏東縣佳冬鄉,六根村,598,1334
10013210003,屏東縣佳冬鄉,賴家村,318,698
10013210004,屏東縣佳冬鄉,萬建村,832,1978
10013210005,屏東縣佳冬鄉,石光村,780,1918
10013210006,屏東縣佳冬鄉,玉光村,960,2207
10013210007,屏東縣佳冬鄉,昌隆村,381,892
10013210008,屏東縣佳冬鄉,豐隆村,291,669
10013210009,屏東縣佳冬鄉,大同村,459,1148
10013210010,屏東縣佳冬鄉,羌園村,441,1154
10013210011,屏東縣佳冬鄉,燄溫村,451,1088
10013210012,屏東縣佳冬鄉,塭豐村,963,2453
10013220001,屏東縣琉球鄉,本福村,989,2280
10013220002,屏東縣琉球鄉,中福村,671,1482
10013220003,屏東縣琉球鄉,漁福村,453,1110
10013220004,屏東縣琉球鄉,大福村,761,1826
10013220005,屏東縣琉球鄉,南福村,545,1226
10013220006,屏東縣琉球鄉,天福村,565,1265
10013220007,屏東縣琉球鄉,上福村,815,1893
10013220008,屏東縣琉球鄉,杉福村,471,1036
10013230001,屏東縣車城鄉,福興村,678,1429
10013230002,屏東縣車城鄉,福安村,269,546
10013230003,屏東縣車城鄉,田中村,276,637
10013230004,屏東縣車城鄉,海口村,315,699
10013230005,屏東縣車城鄉,統埔村,169,358
10013230006,屏東縣車城鄉,溫泉村,407,834
10013230007,屏東縣車城鄉,保力村,610,1269
10013230008,屏東縣車城鄉,新街村,177,427
10013230009,屏東縣車城鄉,埔墘村,189,438
10013230010,屏東縣車城鄉,射寮村,236,574
10013230011,屏東縣車城鄉,後灣村,202,377
10013240001,屏東縣滿州鄉,滿州村,637,1469
10013240002,屏東縣滿州鄉,里德村,187,408
10013240003,屏東縣滿州鄉,永靖村,526,1221
10013240004,屏東縣滿州鄉,港口村,527,1219
10013240005,屏東縣滿州鄉,响林村,241,580
10013240006,屏東縣滿州鄉,長樂村,548,1369
10013240007,屏東縣滿州鄉,九棚村,171,390
10013240008,屏東縣滿州鄉,港仔村,145,288
10013250001,屏東縣枋山鄉,枋山村,447,1057
10013250002,屏東縣枋山鄉,加祿村,752,2038
10013250003,屏東縣枋山鄉,楓港村,424,961
10013250004,屏東縣枋山鄉,善餘村,417,880
10013260001,屏東縣三地門鄉,三地村,546,1672
10013260002,屏東縣三地門鄉,達來村,134,395
10013260003,屏東縣三地門鄉,德文村,222,635
10013260004,屏東縣三地門鄉,大社村,257,801
10013260005,屏東縣三地門鄉,賽嘉村,259,858
10013260006,屏東縣三地門鄉,口社村,226,717
10013260007,屏東縣三地門鄉,馬兒村,127,390
10013260008,屏東縣三地門鄉,安坡村,180,586
10013260009,屏東縣三地門鄉,青山村,295,854
10013260010,屏東縣三地門鄉,青葉村,243,750
10013270001,屏東縣霧臺鄉,霧台村,426,1189
10013270002,屏東縣霧臺鄉,阿禮村,120,313
10013270003,屏東縣霧臺鄉,吉露村,78,202
10013270004,屏東縣霧臺鄉,大武村,168,514
10013270005,屏東縣霧臺鄉,佳暮村,134,406
10013270006,屏東縣霧臺鄉,好茶村,193,546
10013280001,屏東縣瑪家鄉,瑪家村,178,509
10013280002,屏東縣瑪家鄉,北葉村,328,897
10013280003,屏東縣瑪家鄉,凉山村,396,1262
10013280004,屏東縣瑪家鄉,佳義村,325,1085
10013280005,屏東縣瑪家鄉,排灣村,159,507
10013280006,屏東縣瑪家鄉,三和村,939,2417
10013290001,屏東縣泰武鄉,佳平村,302,976
10013290002,屏東縣泰武鄉,武潭村,329,1164
10013290003,屏東縣泰武鄉,平和村,204,743
10013290004,屏東縣泰武鄉,佳興村,163,441
10013290005,屏東縣泰武鄉,泰武村,250,908
10013290006,屏東縣泰武鄉,萬安村,284,972
10013300001,屏東縣來義鄉,來義村,343,1100
10013300002,屏東縣來義鄉,義林村,199,690
10013300003,屏東縣來義鄉,丹林村,286,861
10013300004,屏東縣來義鄉,古樓村,426,1280
10013300005,屏東縣來義鄉,文樂村,318,977
10013300006,屏東縣來義鄉,望嘉村,331,1004
10013300007,屏東縣來義鄉,南和村,487,1362
10013310001,屏東縣春日鄉,春日村,401,1209
10013310002,屏東縣春日鄉,古華村,265,814
10013310003,屏東縣春日鄉,士文村,98,359
10013310004,屏東縣春日鄉,七佳村,365,1122
10013310005,屏東縣春日鄉,歸崇村,255,781
10013310006,屏東縣春日鄉,力里村,168,592
10013320001,屏東縣獅子鄉,楓林村,307,825
10013320002,屏東縣獅子鄉,丹路村,314,895
10013320003,屏東縣獅子鄉,草埔村,255,704
10013320004,屏東縣獅子鄉,內文村,95,242
10013320005,屏東縣獅子鄉,竹坑村,122,332
10013320006,屏東縣獅子鄉,獅子村,205,623
10013320007,屏東縣獅子鄉,內獅村,235,767
10013320008,屏東縣獅子鄉,南世村,135,446
10013330001,屏東縣牡丹鄉,石門村,823,1810
10013330002,屏東縣牡丹鄉,牡丹村,346,734
10013330003,屏東縣牡丹鄉,東源村,210,508
10013330004,屏東縣牡丹鄉,旭海村,214,473
10013330005,屏東縣牡丹鄉,高士村,250,635
10013330006,屏東縣牡丹鄉,四林村,259,561
10014010001,臺東縣臺東市,富岡里,1081,2495
10014010003,臺東縣臺東市,岩灣里,1384,2638
10014010004,臺東縣臺東市,南王里,1369,3211
10014010005,臺東縣臺東市,卑南里,1516,3354
10014010006,臺東縣臺東市,南榮里,1288,3099
10014010007,臺東縣臺東市,新生里,1747,3918
10014010008,臺東縣臺東市,民生里,1463,2999
10014010009,臺東縣臺東市,寶桑里,685,1553
10014010010,臺東縣臺東市,馬蘭里,1055,2821
10014010011,臺東縣臺東市,中心里,1403,3843
10014010012,臺東縣臺東市,自強里,1563,4244
10014010013,臺東縣臺東市,民族里,1156,3299
10014010015,臺東縣臺東市,中華里,1085,2463
10014010017,臺東縣臺東市,建國里,882,1911
10014010020,臺東縣臺東市,中正里,1175,2316
10014010022,臺東縣臺東市,成功里,928,1940
10014010023,臺東縣臺東市,文化里,977,2198
10014010024,臺東縣臺東市,中山里,893,2011
10014010029,臺東縣臺東市,新園里,791,1828
10014010030,臺東縣臺東市,豐田里,1201,2705
10014010031,臺東縣臺東市,豐年里,1638,3633
10014010032,臺東縣臺東市,光明里,1437,3256
10014010033,臺東縣臺東市,豐樂里,742,1998
10014010034,臺東縣臺東市,永樂里,1211,3204
10014010035,臺東縣臺東市,康樂里,701,1669
10014010036,臺東縣臺東市,東海里,1003,2464
10014010037,臺東縣臺東市,新興里,669,1507
10014010038,臺東縣臺東市,豐榮里,1499,3384
10014010039,臺東縣臺東市,豐谷里,1547,3867
10014010040,臺東縣臺東市,豐里里,1033,2617
10014010041,臺東縣臺東市,豐原里,530,1377
10014010042,臺東縣臺東市,建和里,612,1436
10014010043,臺東縣臺東市,建興里,622,1355
10014010045,臺東縣臺東市,知本里,1125,2635
10014010046,臺東縣臺東市,建農里,897,2243
10014010047,臺東縣臺東市,仁和里,1593,3485
10014010048,臺東縣臺東市,豐安里,1601,3324
10014010049,臺東縣臺東市,豐盛里,1615,3835
10014020001,臺東縣成功鎮,博愛里,319,598
10014020002,臺東縣成功鎮,忠孝里,444,930
10014020003,臺東縣成功鎮,三仙里,644,1394
10014020004,臺東縣成功鎮,三民里,1203,2833
10014020005,臺東縣成功鎮,忠智里,818,2014
10014020006,臺東縣成功鎮,忠仁里,935,2335
10014020007,臺東縣成功鎮,和平里,348,704
10014020008,臺東縣成功鎮,信義里,845,1840
10014030001,臺東縣關山鎮,德高里,706,1713
10014030002,臺東縣關山鎮,豐泉里,522,1258
10014030003,臺東縣關山鎮,新福里,410,965
10014030004,臺東縣關山鎮,中福里,348,815
10014030005,臺東縣關山鎮,里壠里,733,1731
10014030006,臺東縣關山鎮,電光里,220,541
10014030007,臺東縣關山鎮,月眉里,295,680
10014040001,臺東縣卑南鄉,嘉豐村,206,508
10014040002,臺東縣卑南鄉,利吉村,212,466
10014040003,臺東縣卑南鄉,富山村,245,493
10014040004,臺東縣卑南鄉,富源村,162,316
10014040005,臺東縣卑南鄉,明峰村,516,1169
10014040006,臺東縣卑南鄉,初鹿村,538,1293
10014040007,臺東縣卑南鄉,美農村,518,1079
10014040008,臺東縣卑南鄉,賓朗村,954,2253
10014040009,臺東縣卑南鄉,泰安村,551,1352
10014040010,臺東縣卑南鄉,太平村,1530,3537
10014040011,臺東縣卑南鄉,利嘉村,490,1220
10014040012,臺東縣卑南鄉,東興村,523,1308
10014040013,臺東縣卑南鄉,溫泉村,669,1217
10014100001,臺東縣大武鄉,大竹村,392,812
10014100002,臺東縣大武鄉,大鳥村,531,1222
10014100003,臺東縣大武鄉,大武村,605,1325
10014100004,臺東縣大武鄉,尚武村,675,1380
10014100005,臺東縣大武鄉,南興村,274,573
10014090001,臺東縣太麻里鄉,美和村,565,1372
10014090002,臺東縣太麻里鄉,三和村,266,589
10014090003,臺東縣太麻里鄉,華源村,320,570
10014090004,臺東縣太麻里鄉,北里村,308,580
10014090005,臺東縣太麻里鄉,泰和村,757,1457
10014090006,臺東縣太麻里鄉,大王村,929,1981
10014090007,臺東縣太麻里鄉,香蘭村,381,836
10014090008,臺東縣太麻里鄉,金崙村,903,2019
10014090009,臺東縣太麻里鄉,多良村,498,1030
10014070001,臺東縣東河鄉,北源村,830,1548
10014070002,臺東縣東河鄉,泰源村,511,1206
10014070003,臺東縣東河鄉,東河村,459,1019
10014070004,臺東縣東河鄉,尚德村,115,228
10014070005,臺東縣東河鄉,隆昌村,262,518
10014070006,臺東縣東河鄉,興昌村,488,992
10014070007,臺東縣東河鄉,都蘭村,999,2235
10014080001,臺東縣長濱鄉,樟原村,277,564
10014080002,臺東縣長濱鄉,三間村,537,1165
10014080003,臺東縣長濱鄉,忠勇村,234,557
10014080004,臺東縣長濱鄉,長濱村,920,2017
10014080005,臺東縣長濱鄉,竹湖村,388,911
10014080006,臺東縣長濱鄉,寧埔村,576,1184
10014050001,臺東縣鹿野鄉,瑞和村,259,672
10014050002,臺東縣鹿野鄉,瑞豐村,389,882
10014050003,臺東縣鹿野鄉,瑞源村,391,895
10014050004,臺東縣鹿野鄉,永安村,640,1484
10014050005,臺東縣鹿野鄉,瑞隆村,384,891
10014050006,臺東縣鹿野鄉,鹿野村,463,1056
10014050007,臺東縣鹿野鄉,龍田村,513,1103
10014060001,臺東縣池上鄉,福文村,507,1163
10014060002,臺東縣池上鄉,慶豐村,257,668
10014060003,臺東縣池上鄉,大坡村,140,340
10014060004,臺東縣池上鄉,大埔村,343,808
10014060005,臺東縣池上鄉,福原村,901,2073
10014060006,臺東縣池上鄉,錦園村,154,325
10014060007,臺東縣池上鄉,新興村,387,884
10014060008,臺東縣池上鄉,萬安村,135,309
10014060009,臺東縣池上鄉,富興村,159,387
10014060010,臺東縣池上鄉,振興村,203,483
10014110001,臺東縣綠島鄉,公舘村,382,1210
10014110002,臺東縣綠島鄉,中寮村,378,1225
10014110003,臺東縣綠島鄉,南寮村,539,1883
10014130001,臺東縣延平鄉,武陵村,225,734
10014130002,臺東縣延平鄉,永康村,119,417
10014130003,臺東縣延平鄉,紅葉村,152,512
10014130004,臺東縣延平鄉,鸞山村,216,721
10014130005,臺東縣延平鄉,桃源村,376,1232
10014120001,臺東縣海端鄉,廣原村,263,946
10014120002,臺東縣海端鄉,霧鹿村,94,342
10014120003,臺東縣海端鄉,利稻村,86,349
10014120004,臺東縣海端鄉,海端村,320,1232
10014120005,臺東縣海端鄉,崁頂村,222,821
10014120006,臺東縣海端鄉,加拿村,166,616
10014150001,臺東縣達仁鄉,台坂村,293,726
10014150002,臺東縣達仁鄉,土坂村,374,1027
10014150003,臺東縣達仁鄉,新化村,164,425
10014150004,臺東縣達仁鄉,安朔村,306,621
10014150005,臺東縣達仁鄉,森永村,181,374
10014150006,臺東縣達仁鄉,南田村,136,344
10014140001,臺東縣金峰鄉,新興村,214,676
10014140002,臺東縣金峰鄉,正興村,228,704
10014140003,臺東縣金峰鄉,嘉蘭村,499,1526
10014140004,臺東縣金峰鄉,賓茂村,138,374
10014140005,臺東縣金峰鄉,歷坵村,144,404
10014160001,臺東縣蘭嶼鄉,東清村,593,1625
10014160002,臺東縣蘭嶼鄉,朗島村,368,944
10014160003,臺東縣蘭嶼鄉,紅頭村,631,1458
10014160004,臺東縣蘭嶼鄉,椰油村,447,1148
10015010001,花蓮縣花蓮市,民立里,838,1821
10015010002,花蓮縣花蓮市,民運里,1061,2127
10015010003,花蓮縣花蓮市,民族里,224,464
10015010004,花蓮縣花蓮市,主信里,403,763
10015010005,花蓮縣花蓮市,主睦里,284,622
10015010006,花蓮縣花蓮市,主和里,1387,3146
10015010007,花蓮縣花蓮市,國威里,1304,2285
10015010008,花蓮縣花蓮市,國風里,1497,3732
10015010009,花蓮縣花蓮市,民德里,839,1773
10015010010,花蓮縣花蓮市,民意里,985,2094
10015010012,花蓮縣花蓮市,主義里,214,486
10015010013,花蓮縣花蓮市,主工里,249,580
10015010014,花蓮縣花蓮市,主農里,1656,4046
10015010015,花蓮縣花蓮市,國治里,444,966
10015010016,花蓮縣花蓮市,國富里,2479,5346
10015010017,花蓮縣花蓮市,民政里,1900,4077
10015010018,花蓮縣花蓮市,民勤里,1584,3723
10015010019,花蓮縣花蓮市,民生里,523,1090
10015010020,花蓮縣花蓮市,主商里,255,622
10015010021,花蓮縣花蓮市,主學里,902,2150
10015010022,花蓮縣花蓮市,國光里,609,1289
10015010023,花蓮縣花蓮市,國聯里,1661,3093
10015010024,花蓮縣花蓮市,國強里,945,2221
10015010025,花蓮縣花蓮市,民心里,427,1042
10015010026,花蓮縣花蓮市,民樂里,339,713
10015010027,花蓮縣花蓮市,民主里,346,717
10015010028,花蓮縣花蓮市,主勤里,373,822
10015010029,花蓮縣花蓮市,主力里,1335,2899
10015010030,花蓮縣花蓮市,國安里,274,556
10015010031,花蓮縣花蓮市,國魂里,912,2132
10015010032,花蓮縣花蓮市,國慶里,532,1201
10015010033,花蓮縣花蓮市,民享里,1605,3521
10015010034,花蓮縣花蓮市,民有里,240,617
10015010035,花蓮縣花蓮市,民權里,203,459
10015010036,花蓮縣花蓮市,主計里,451,899
10015010037,花蓮縣花蓮市,主權里,2558,6020
10015010038,花蓮縣花蓮市,國華里,1024,2473
10015010039,花蓮縣花蓮市,國防里,400,947
10015010040,花蓮縣花蓮市,國福里,666,1582
10015010041,花蓮縣花蓮市,國裕里,2330,4865
10015010042,花蓮縣花蓮市,主安里,1161,2852
10015010043,花蓮縣花蓮市,國盛里,2270,4211
10015010044,花蓮縣花蓮市,國興里,2070,4847
10015010045,花蓮縣花蓮市,民孝里,1729,3739
10015020001,花蓮縣鳳林鎮,鳳仁里,538,1280
10015020002,花蓮縣鳳林鎮,鳳義里,281,622
10015020003,花蓮縣鳳林鎮,鳳禮里,245,582
10015020004,花蓮縣鳳林鎮,鳳智里,516,1181
10015020005,花蓮縣鳳林鎮,鳳信里,609,1488
10015020006,花蓮縣鳳林鎮,山興里,276,573
10015020007,花蓮縣鳳林鎮,大榮里,567,1356
10015020008,花蓮縣鳳林鎮,北林里,251,589
10015020009,花蓮縣鳳林鎮,南平里,259,509
10015020010,花蓮縣鳳林鎮,林榮里,360,826
10015020011,花蓮縣鳳林鎮,長橋里,468,991
10015020012,花蓮縣鳳林鎮,森榮里,24,72
10015030001,花蓮縣玉里鎮,中城里,2563,5904
10015030002,花蓮縣玉里鎮,啟模里,740,1611
10015030003,花蓮縣玉里鎮,永昌里,537,1255
10015030004,花蓮縣玉里鎮,泰昌里,467,1175
10015030005,花蓮縣玉里鎮,國武里,504,1162
10015030006,花蓮縣玉里鎮,源城里,508,1214
10015030007,花蓮縣玉里鎮,長良里,283,622
10015030008,花蓮縣玉里鎮,樂合里,454,951
10015030009,花蓮縣玉里鎮,東豐里,219,528
10015030010,花蓮縣玉里鎮,觀音里,695,1545
10015030011,花蓮縣玉里鎮,松浦里,606,1438
10015030012,花蓮縣玉里鎮,春日里,381,872
10015030013,花蓮縣玉里鎮,德武里,304,776
10015030014,花蓮縣玉里鎮,三民里,403,833
10015030015,花蓮縣玉里鎮,大禹里,487,1088
10015040001,花蓮縣新城鄉,新城村,615,1260
10015040002,花蓮縣新城鄉,順安村,395,926
10015040003,花蓮縣新城鄉,康樂村,1058,2625
10015040004,花蓮縣新城鄉,北埔村,1622,3698
10015040005,花蓮縣新城鄉,佳林村,436,1040
10015040006,花蓮縣新城鄉,嘉里村,1828,4405
10015040007,花蓮縣新城鄉,嘉新村,648,1480
10015040008,花蓮縣新城鄉,大漢村,1192,2808
10015040009,花蓮縣新城鄉,新秀村,1094,2129
10015050001,花蓮縣吉安鄉,北昌村,2908,6980
10015050002,花蓮縣吉安鄉,勝安村,2524,5929
10015050003,花蓮縣吉安鄉,太昌村,1714,3988
10015050004,花蓮縣吉安鄉,永安村,2020,4560
10015050005,花蓮縣吉安鄉,慶豐村,3257,7829
10015050006,花蓮縣吉安鄉,吉安村,2679,6057
10015050007,花蓮縣吉安鄉,福興村,1385,3392
10015050008,花蓮縣吉安鄉,南華村,709,1660
10015050009,花蓮縣吉安鄉,干城村,704,1367
10015050010,花蓮縣吉安鄉,永興村,1461,3364
10015050011,花蓮縣吉安鄉,稻香村,1466,3619
10015050012,花蓮縣吉安鄉,南昌村,2039,4961
10015050013,花蓮縣吉安鄉,宜昌村,1949,4596
10015050014,花蓮縣吉安鄉,仁里村,2826,6609
10015050015,花蓮縣吉安鄉,東昌村,2735,6206
10015050016,花蓮縣吉安鄉,仁安村,1108,2530
10015050017,花蓮縣吉安鄉,仁和村,2155,5018
10015050018,花蓮縣吉安鄉,光華村,1035,2276
10015050019,花蓮縣吉安鄉,吉昌村,739,1753
10015060001,花蓮縣壽豐鄉,樹湖村,157,334
10015060002,花蓮縣壽豐鄉,溪口村,446,1052
10015060003,花蓮縣壽豐鄉,豐山村,894,1980
10015060004,花蓮縣壽豐鄉,豐裡村,605,1364
10015060005,花蓮縣壽豐鄉,豐坪村,405,933
10015060006,花蓮縣壽豐鄉,共和村,412,832
10015060007,花蓮縣壽豐鄉,壽豐村,764,1707
10015060008,花蓮縣壽豐鄉,光榮村,358,906
10015060009,花蓮縣壽豐鄉,池南村,370,728
10015060010,花蓮縣壽豐鄉,平和村,698,1465
10015060011,花蓮縣壽豐鄉,志學村,1402,2914
10015060012,花蓮縣壽豐鄉,米棧村,140,266
10015060013,花蓮縣壽豐鄉,月眉村,395,874
10015060014,花蓮縣壽豐鄉,水璉村,352,691
10015060015,花蓮縣壽豐鄉,鹽寮村,248,496
10015070001,花蓮縣光復鄉,大安村,440,906
10015070002,花蓮縣光復鄉,大華村,708,1392
10015070003,花蓮縣光復鄉,大平村,467,976
10015070004,花蓮縣光復鄉,大馬村,504,1093
10015070005,花蓮縣光復鄉,大同村,529,1113
10015070006,花蓮縣光復鄉,大進村,199,449
10015070007,花蓮縣光復鄉,大全村,316,750
10015070008,花蓮縣光復鄉,大興村,198,492
10015070009,花蓮縣光復鄉,大富村,136,291
10015070010,花蓮縣光復鄉,大豐村,194,412
10015070011,花蓮縣光復鄉,東富村,421,1017
10015070012,花蓮縣光復鄉,西富村,423,934
10015070013,花蓮縣光復鄉,南富村,354,813
10015070014,花蓮縣光復鄉,北富村,384,927
10015080001,花蓮縣豐濱鄉,豐濱村,696,1629
10015080002,花蓮縣豐濱鄉,新社村,260,597
10015080003,花蓮縣豐濱鄉,磯崎村,159,428
10015080004,花蓮縣豐濱鄉,港口村,331,773
10015080005,花蓮縣豐濱鄉,靜浦村,271,648
10015090001,花蓮縣瑞穗鄉,瑞穗村,879,1849
10015090002,花蓮縣瑞穗鄉,瑞美村,959,2075
10015090003,花蓮縣瑞穗鄉,瑞良村,248,529
10015090004,花蓮縣瑞穗鄉,瑞祥村,455,915
10015090005,花蓮縣瑞穗鄉,瑞北村,263,621
10015090006,花蓮縣瑞穗鄉,舞鶴村,407,940
10015090007,花蓮縣瑞穗鄉,鶴岡村,374,884
10015090008,花蓮縣瑞穗鄉,奇美村,121,331
10015090009,花蓮縣瑞穗鄉,富源村,346,728
10015090010,花蓮縣瑞穗鄉,富民村,413,877
10015090011,花蓮縣瑞穗鄉,富興村,311,589
10015100001,花蓮縣富里鄉,吳江村,206,445
10015100002,花蓮縣富里鄉,東里村,475,1045
10015100003,花蓮縣富里鄉,萬寧村,251,660
10015100004,花蓮縣富里鄉,新興村,288,605
10015100005,花蓮縣富里鄉,竹田村,482,1118
10015100006,花蓮縣富里鄉,羅山村,188,468
10015100007,花蓮縣富里鄉,石牌村,404,997
10015100008,花蓮縣富里鄉,明里村,157,393
10015100009,花蓮縣富里鄉,富里村,626,1405
10015100010,花蓮縣富里鄉,永豐村,189,442
10015100011,花蓮縣富里鄉,豐南村,292,645
10015100012,花蓮縣富里鄉,富南村,210,475
10015100013,花蓮縣富里鄉,學田村,268,654
10015110001,花蓮縣秀林鄉,崇德村,586,1828
10015110002,花蓮縣秀林鄉,富世村,836,2489
10015110003,花蓮縣秀林鄉,秀林村,766,2403
10015110004,花蓮縣秀林鄉,水源村,470,1662
10015110005,花蓮縣秀林鄉,銅門村,455,1488
10015110006,花蓮縣秀林鄉,文蘭村,431,1459
10015110007,花蓮縣秀林鄉,景美村,766,2413
10015110008,花蓮縣秀林鄉,佳民村,410,1346
10015110009,花蓮縣秀林鄉,和平村,688,2184
10015120001,花蓮縣萬榮鄉,西林村,469,1256
10015120002,花蓮縣萬榮鄉,見晴村,234,618
10015120003,花蓮縣萬榮鄉,萬榮村,344,963
10015120004,花蓮縣萬榮鄉,明利村,300,733
10015120005,花蓮縣萬榮鄉,馬遠村,398,1289
10015120006,花蓮縣萬榮鄉,紅葉村,458,1224
10015130001,花蓮縣卓溪鄉,崙山村,185,663
10015130002,花蓮縣卓溪鄉,立山村,374,1083
10015130003,花蓮縣卓溪鄉,太平村,240,839
10015130004,花蓮縣卓溪鄉,卓溪村,263,879
10015130005,花蓮縣卓溪鄉,卓清村,361,1248
10015130006,花蓮縣卓溪鄉,古風村,323,1100
10016010002,澎湖縣馬公市,復興里,299,442
10016010003,澎湖縣馬公市,長安里,259,544
10016010004,澎湖縣馬公市,中央里,247,545
10016010005,澎湖縣馬公市,啟明里,412,873
10016010006,澎湖縣馬公市,重慶里,428,947
10016010007,澎湖縣馬公市,中興里,442,805
10016010008,澎湖縣馬公市,光復里,966,2066
10016010009,澎湖縣馬公市,光榮里,2035,4435
10016010010,澎湖縣馬公市,光明里,585,1234
10016010011,澎湖縣馬公市,朝陽里,2412,5648
10016010012,澎湖縣馬公市,陽明里,1167,2673
10016010013,澎湖縣馬公市,重光里,710,1699
10016010014,澎湖縣馬公市,西衛里,3362,6899
10016010015,澎湖縣馬公市,西文里,1639,3855
10016010016,澎湖縣馬公市,東文里,1636,4099
10016010017,澎湖縣馬公市,案山里,978,1929
10016010018,澎湖縣馬公市,光華里,589,1190
10016010019,澎湖縣馬公市,前寮里,558,1305
10016010020,澎湖縣馬公市,石泉里,1326,3444
10016010021,澎湖縣馬公市,菜園里,206,538
10016010022,澎湖縣馬公市,東衛里,1105,2615
10016010023,澎湖縣馬公市,安宅里,334,768
10016010024,澎湖縣馬公市,烏崁里,501,1266
10016010025,澎湖縣馬公市,興仁里,846,1896
10016010026,澎湖縣馬公市,鐵線里,416,965
10016010027,澎湖縣馬公市,山水里,753,1923
10016010028,澎湖縣馬公市,鎖港里,1226,2990
10016010029,澎湖縣馬公市,五德里,404,641
10016010030,澎湖縣馬公市,井垵里,142,416
10016010031,澎湖縣馬公市,󼱹裡里,470,1266
10016010032,澎湖縣馬公市,風櫃里,519,1453
10016010033,澎湖縣馬公市,虎井里,394,875
10016010034,澎湖縣馬公市,桶盤里,122,373
10016020001,澎湖縣湖西鄉,湖西村,627,1577
10016020002,澎湖縣湖西鄉,湖東村,168,448
10016020003,澎湖縣湖西鄉,青螺村,101,254
10016020004,澎湖縣湖西鄉,白坑村,118,316
10016020005,澎湖縣湖西鄉,南寮村,299,768
10016020006,澎湖縣湖西鄉,北寮村,132,354
10016020007,澎湖縣湖西鄉,紅羅村,354,861
10016020008,澎湖縣湖西鄉,西溪村,547,941
10016020009,澎湖縣湖西鄉,成功村,608,1247
10016020010,澎湖縣湖西鄉,東石村,50,125
10016020011,澎湖縣湖西鄉,中西村,102,292
10016020012,澎湖縣湖西鄉,潭邊村,107,334
10016020013,澎湖縣湖西鄉,鼎灣村,406,692
10016020014,澎湖縣湖西鄉,許家村,287,648
10016020015,澎湖縣湖西鄉,沙港村,385,918
10016020016,澎湖縣湖西鄉,城北村,230,508
10016020017,澎湖縣湖西鄉,太武村,37,120
10016020018,澎湖縣湖西鄉,隘門村,527,1118
10016020019,澎湖縣湖西鄉,林投村,428,1204
10016020020,澎湖縣湖西鄉,尖山村,319,821
10016020021,澎湖縣湖西鄉,龍門村,717,1899
10016020022,澎湖縣湖西鄉,菓葉村,314,809
10016030001,澎湖縣白沙鄉,中屯村,225,649
10016030002,澎湖縣白沙鄉,講美村,275,708
10016030003,澎湖縣白沙鄉,城前村,31,107
10016030004,澎湖縣白沙鄉,鎮海村,59,165
10016030005,澎湖縣白沙鄉,港子村,148,313
10016030006,澎湖縣白沙鄉,岐頭村,101,246
10016030007,澎湖縣白沙鄉,小赤村,79,219
10016030008,澎湖縣白沙鄉,赤崁村,800,2108
10016030009,澎湖縣白沙鄉,瓦硐村,149,363
10016030010,澎湖縣白沙鄉,後寮村,422,887
10016030011,澎湖縣白沙鄉,通梁村,319,876
10016030012,澎湖縣白沙鄉,吉貝村,557,1559
10016030013,澎湖縣白沙鄉,鳥嶼村,425,1327
10016030014,澎湖縣白沙鄉,員貝村,98,332
10016030015,澎湖縣白沙鄉,大倉村,89,289
10016040001,澎湖縣西嶼鄉,橫礁村,121,337
10016040002,澎湖縣西嶼鄉,合界村,169,411
10016040003,澎湖縣西嶼鄉,小門村,98,320
10016040004,澎湖縣西嶼鄉,竹灣村,368,890
10016040005,澎湖縣西嶼鄉,大池村,292,743
10016040006,澎湖縣西嶼鄉,二崁村,66,149
10016040007,澎湖縣西嶼鄉,池東村,324,716
10016040008,澎湖縣西嶼鄉,池西村,119,243
10016040009,澎湖縣西嶼鄉,赤馬村,275,647
10016040010,澎湖縣西嶼鄉,內垵村,566,1417
10016040011,澎湖縣西嶼鄉,外垵村,837,2227
10016050001,澎湖縣望安鄉,東安村,325,775
10016050002,澎湖縣望安鄉,西安村,210,528
10016050003,澎湖縣望安鄉,中社村,156,406
10016050004,澎湖縣望安鄉,水垵村,201,561
10016050005,澎湖縣望安鄉,將軍村,586,1542
10016050006,澎湖縣望安鄉,東坪村,194,701
10016050007,澎湖縣望安鄉,西坪村,97,254
10016050008,澎湖縣望安鄉,東吉村,140,316
10016050009,澎湖縣望安鄉,花嶼村,131,321
10016060001,澎湖縣七美鄉,東湖村,131,296
10016060002,澎湖縣七美鄉,西湖村,309,707
10016060003,澎湖縣七美鄉,中和村,339,781
10016060004,澎湖縣七美鄉,平和村,179,378
10016060005,澎湖縣七美鄉,海豐村,151,451
10016060006,澎湖縣七美鄉,南港村,471,1393
10017010001,基隆市中正區,德義里,375,648
10017010002,基隆市中正區,正義里,664,1242
10017010003,基隆市中正區,信義里,461,845
10017010004,基隆市中正區,義重里,509,980
10017010005,基隆市中正區,港通里,766,1361
10017010006,基隆市中正區,中船里,578,1126
10017010007,基隆市中正區,正船里,634,1216
10017010008,基隆市中正區,入船里,473,890
10017010009,基隆市中正區,中砂里,1070,1826
10017010010,基隆市中正區,正砂里,1259,2405
10017010011,基隆市中正區,真砂里,657,1323
10017010012,基隆市中正區,砂灣里,1045,2077
10017010013,基隆市中正區,建國里,963,2044
10017010014,基隆市中正區,中濱里,621,1278
10017010015,基隆市中正區,海濱里,543,1221
10017010016,基隆市中正區,社寮里,777,1668
10017010017,基隆市中正區,和憲里,447,949
10017010018,基隆市中正區,平寮里,533,1181
10017010019,基隆市中正區,八斗里,662,1469
10017010020,基隆市中正區,碧砂里,583,1205
10017010021,基隆市中正區,長潭里,188,426
10017010022,基隆市中正區,砂子里,3984,7580
10017010023,基隆市中正區,中正里,799,1588
10017010024,基隆市中正區,正濱里,476,887
10017010025,基隆市中正區,新豐里,4374,8184
10017010026,基隆市中正區,新富里,2489,5685
10017020001,基隆市七堵區,長興里,1828,4098
10017020002,基隆市七堵區,正光里,1441,2910
10017020003,基隆市七堵區,富民里,1657,3675
10017020004,基隆市七堵區,永平里,954,1998
10017020005,基隆市七堵區,永安里,1066,2352
10017020006,基隆市七堵區,八德里,694,1645
10017020007,基隆市七堵區,自強里,580,1249
10017020008,基隆市七堵區,六堵里,1155,2485
10017020009,基隆市七堵區,泰安里,2486,5212
10017020010,基隆市七堵區,堵北里,1754,4092
10017020011,基隆市七堵區,堵南里,1157,2432
10017020012,基隆市七堵區,瑪南里,162,381
10017020013,基隆市七堵區,瑪東里,173,324
10017020014,基隆市七堵區,瑪西里,156,309
10017020015,基隆市七堵區,友一里,1119,2200
10017020016,基隆市七堵區,友二里,255,458
10017020017,基隆市七堵區,正明里,922,2045
10017020018,基隆市七堵區,百福里,2977,7076
10017020019,基隆市七堵區,實踐里,1787,4168
10017020020,基隆市七堵區,長安里,1293,2873
10017030001,基隆市暖暖區,八西里,663,1461
10017030002,基隆市暖暖區,八堵里,285,599
10017030003,基隆市暖暖區,八南里,386,816
10017030004,基隆市暖暖區,過港里,1802,4005
10017030005,基隆市暖暖區,碇內里,1338,2992
10017030006,基隆市暖暖區,碇和里,1760,3773
10017030007,基隆市暖暖區,暖同里,1384,2841
10017030008,基隆市暖暖區,暖暖里,1243,2809
10017030009,基隆市暖暖區,暖東里,189,399
10017030010,基隆市暖暖區,暖西里,2415,5452
10017030011,基隆市暖暖區,八中里,189,404
10017030012,基隆市暖暖區,碇安里,2505,5504
10017030013,基隆市暖暖區,碇祥里,3371,7286
10017040001,基隆市仁愛區,林泉里,880,2019
10017040002,基隆市仁愛區,花崗里,574,1324
10017040003,基隆市仁愛區,虹橋里,853,1926
10017040004,基隆市仁愛區,水錦里,1015,2301
10017040005,基隆市仁愛區,智仁里,1239,2757
10017040006,基隆市仁愛區,和明里,1079,2323
10017040007,基隆市仁愛區,忠勇里,508,1174
10017040008,基隆市仁愛區,玉田里,522,1049
10017040009,基隆市仁愛區,仁德里,480,900
10017040010,基隆市仁愛區,博愛里,722,1452
10017040011,基隆市仁愛區,福仁里,361,713
10017040012,基隆市仁愛區,誠仁里,469,903
10017040013,基隆市仁愛區,吉仁里,1273,2518
10017040014,基隆市仁愛區,育仁里,337,730
10017040015,基隆市仁愛區,英仁里,621,1232
10017040016,基隆市仁愛區,龍門里,384,785
10017040017,基隆市仁愛區,德厚里,875,1836
10017040018,基隆市仁愛區,曲水里,424,781
10017040019,基隆市仁愛區,崇文里,518,900
10017040020,基隆市仁愛區,文安里,490,832
10017040021,基隆市仁愛區,兆連里,377,740
10017040022,基隆市仁愛區,獅球里,479,1012
10017040023,基隆市仁愛區,書院里,526,1162
10017040024,基隆市仁愛區,朝棟里,1368,2841
10017040025,基隆市仁愛區,明德里,405,667
10017040026,基隆市仁愛區,同風里,310,570
10017040027,基隆市仁愛區,文昌里,415,694
10017040028,基隆市仁愛區,新店里,299,529
10017040029,基隆市仁愛區,光華里,1362,2615
10017050001,基隆市中山區,新建里,418,795
10017050002,基隆市中山區,安民里,519,1036
10017050003,基隆市中山區,安平里,336,689
10017050004,基隆市中山區,中山里,435,899
10017050005,基隆市中山區,民治里,368,759
10017050006,基隆市中山區,中興里,643,1265
10017050007,基隆市中山區,仁正里,335,722
10017050008,基隆市中山區,健民里,566,1129
10017050009,基隆市中山區,通化里,489,977
10017050010,基隆市中山區,居仁里,630,1300
10017050011,基隆市中山區,通明里,764,1664
10017050012,基隆市中山區,協和里,671,1518
10017050013,基隆市中山區,文化里,763,1347
10017050014,基隆市中山區,仙洞里,268,558
10017050015,基隆市中山區,太白里,381,806
10017050016,基隆市中山區,西榮里,323,639
10017050017,基隆市中山區,西華里,415,817
10017050018,基隆市中山區,西定里,415,869
10017050019,基隆市中山區,西康里,766,1593
10017050020,基隆市中山區,德和里,4064,8119
10017050021,基隆市中山區,中和里,2690,6035
10017050022,基隆市中山區,德安里,1832,4104
10017050023,基隆市中山區,和平里,242,452
10017050024,基隆市中山區,和慶里,3068,7174
10017060001,基隆市安樂區,西川里,566,1219
10017060002,基隆市安樂區,定國里,468,1066
10017060003,基隆市安樂區,新西里,632,1359
10017060004,基隆市安樂區,定邦里,510,966
10017060005,基隆市安樂區,慈仁里,404,905
10017060006,基隆市安樂區,干城里,877,1962
10017060007,基隆市安樂區,永康里,886,1982
10017060008,基隆市安樂區,嘉仁里,1544,3194
10017060009,基隆市安樂區,安和里,427,879
10017060010,基隆市安樂區,樂一里,345,643
10017060011,基隆市安樂區,外寮里,2042,4547
10017060012,基隆市安樂區,中崙里,874,1986
10017060013,基隆市安樂區,內寮里,2893,6360
10017060014,基隆市安樂區,新崙里,2106,4890
10017060015,基隆市安樂區,三民里,1271,2556
10017060016,基隆市安樂區,四維里,2096,5033
10017060017,基隆市安樂區,五福里,1608,3540
10017060018,基隆市安樂區,六合里,1814,4088
10017060019,基隆市安樂區,七賢里,1157,2494
10017060020,基隆市安樂區,鶯歌里,1607,2972
10017060021,基隆市安樂區,武崙里,2735,6043
10017060022,基隆市安樂區,長樂里,1706,3600
10017060023,基隆市安樂區,興寮里,2497,5490
10017060024,基隆市安樂區,鶯安里,3377,6437
10017060025,基隆市安樂區,壯觀里,2442,5288
10017070001,基隆市信義區,仁壽里,522,1037
10017070002,基隆市信義區,仁義里,600,1209
10017070003,基隆市信義區,義昭里,702,1421
10017070004,基隆市信義區,義幸里,1219,2425
10017070005,基隆市信義區,義民里,367,798
10017070006,基隆市信義區,義和里,950,1611
10017070007,基隆市信義區,智慧里,391,761
10017070008,基隆市信義區,智誠里,711,1486
10017070009,基隆市信義區,禮儀里,784,1536
10017070010,基隆市信義區,禮東里,755,1501
10017070011,基隆市信義區,信綠里,967,1993
10017070012,基隆市信義區,東光里,993,1969
10017070013,基隆市信義區,東明里,1683,3572
10017070014,基隆市信義區,東安里,1325,2744
10017070015,基隆市信義區,孝岡里,591,1423
10017070016,基隆市信義區,東信里,2013,4286
10017070017,基隆市信義區,孝深里,2846,6076
10017070018,基隆市信義區,孝賢里,1709,3846
10017070019,基隆市信義區,孝德里,1489,3408
10017070020,基隆市信義區,孝忠里,3881,9126
10018010001,新竹市東區,南門里,405,765
10018010002,新竹市東區,福德里,765,1609
10018010003,新竹市東區,南市里,433,873
10018010004,新竹市東區,關帝里,301,517
10018010005,新竹市東區,東門里,289,553
10018010006,新竹市東區,榮光里,159,294
10018010007,新竹市東區,成功里,290,585
10018010008,新竹市東區,下竹里,225,449
10018010009,新竹市東區,竹蓮里,364,742
10018010010,新竹市東區,寺前里,386,876
10018010011,新竹市東區,育賢里,1318,2187
10018010012,新竹市東區,中正里,300,657
10018010013,新竹市東區,公園里,1679,4023
10018010014,新竹市東區,頂竹里,1333,3036
10018010015,新竹市東區,南大里,620,1480
10018010016,新竹市東區,振興里,2716,6290
10018010017,新竹市東區,親仁里,988,2316
10018010018,新竹市東區,文華里,2332,5834
10018010019,新竹市東區,復中里,2107,5251
10018010020,新竹市東區,三民里,2560,5988
10018010021,新竹市東區,東園里,3405,8854
10018010022,新竹市東區,東勢里,2437,5797
10018010023,新竹市東區,光復里,1504,3784
10018010024,新竹市東區,豐功里,2375,5757
10018010025,新竹市東區,武功里,2284,5080
10018010026,新竹市東區,綠水里,3235,8279
10018010027,新竹市東區,東山里,1532,3937
10018010028,新竹市東區,光鎮里,1563,4119
10018010029,新竹市東區,新興里,1520,3613
10018010030,新竹市東區,柴橋里,2714,6440
10018010031,新竹市東區,高峰里,2478,6364
10018010032,新竹市東區,仙宮里,673,1444
10018010033,新竹市東區,光明里,1583,3461
10018010035,新竹市東區,立功里,404,989
10018010036,新竹市東區,軍功里,1498,3290
10018010037,新竹市東區,建功里,2113,4862
10018010038,新竹市東區,前溪里,1044,3247
10018010039,新竹市東區,水源里,1279,3799
10018010040,新竹市東區,千甲里,805,2421
10018010041,新竹市東區,埔頂里,5483,11285
10018010042,新竹市東區,龍山里,5943,14428
10018010043,新竹市東區,新莊里,2728,6670
10018010044,新竹市東區,仙水里,3055,6717
10018010045,新竹市東區,金山里,2862,6396
10018010046,新竹市東區,關東里,2448,6057
10018010047,新竹市東區,科園里,2828,7914
10018010048,新竹市東區,建華里,1104,2825
10018010049,新竹市東區,新光里,1685,4132
10018010050,新竹市東區,復興里,2549,6739
10018010051,新竹市東區,錦華里,1036,2456
10018010052,新竹市東區,湖濱里,1560,4021
10018010053,新竹市東區,明湖里,2681,6242
10018010054,新竹市東區,關新里,2678,6072
10018020001,新竹市北區,西門里,324,655
10018020002,新竹市北區,仁德里,373,776
10018020003,新竹市北區,潛園里,348,763
10018020004,新竹市北區,中央里,212,415
10018020005,新竹市北區,崇禮里,494,1149
10018020006,新竹市北區,石坊里,312,578
10018020007,新竹市北區,興南里,741,1572
10018020008,新竹市北區,北門里,509,1116
10018020009,新竹市北區,中興里,577,1091
10018020010,新竹市北區,大同里,476,972
10018020011,新竹市北區,中山里,506,1096
10018020012,新竹市北區,長和里,713,1643
10018020013,新竹市北區,新民里,842,1852
10018020014,新竹市北區,民富里,2361,5702
10018020015,新竹市北區,水田里,1828,3930
10018020016,新竹市北區,文雅里,1977,4696
10018020017,新竹市北區,光田里,891,2334
10018020018,新竹市北區,士林里,1220,2918
10018020019,新竹市北區,福林里,1720,4387
10018020020,新竹市北區,古賢里,366,991
10018020021,新竹市北區,湳雅里,1261,3153
10018020022,新竹市北區,舊社里,2672,6922
10018020023,新竹市北區,武陵里,2356,5229
10018020024,新竹市北區,南寮里,2964,6856
10018020025,新竹市北區,舊港里,226,589
10018020026,新竹市北區,康樂里,1683,3795
10018020027,新竹市北區,港北里,1217,2721
10018020028,新竹市北區,中寮里,2106,4787
10018020029,新竹市北區,海濱里,2650,5711
10018020030,新竹市北區,客雅里,914,2398
10018020031,新竹市北區,育英里,1823,3967
10018020032,新竹市北區,曲溪里,2295,5963
10018020033,新竹市北區,西雅里,1355,3116
10018020034,新竹市北區,南勢里,2012,5080
10018020035,新竹市北區,大鵬里,122,273
10018020036,新竹市北區,境福里,2221,5526
10018020037,新竹市北區,磐石里,2450,6381
10018020038,新竹市北區,新雅里,1927,5545
10018020039,新竹市北區,光華里,2469,4849
10018020040,新竹市北區,金華里,2385,5748
10018020041,新竹市北區,金竹里,2784,7100
10018020042,新竹市北區,湳中里,3738,8324
10018020043,新竹市北區,金雅里,2476,5327
10018020044,新竹市北區,台溪里,1146,2030
10018020045,新竹市北區,中雅里,1942,4235
10018030001,新竹市香山區,港南里,1268,3286
10018030002,新竹市香山區,虎山里,2244,6044
10018030003,新竹市香山區,虎林里,907,2490
10018030004,新竹市香山區,浸水里,1031,2821
10018030005,新竹市香山區,樹下里,775,2340
10018030006,新竹市香山區,埔前里,1486,3826
10018030007,新竹市香山區,中埔里,1223,3166
10018030008,新竹市香山區,牛埔里,2854,6031
10018030009,新竹市香山區,頂埔里,2898,6060
10018030010,新竹市香山區,東香里,2015,4989
10018030011,新竹市香山區,香村里,1890,4762
10018030012,新竹市香山區,香山里,2038,5292
10018030013,新竹市香山區,大庄里,1313,3501
10018030014,新竹市香山區,美山里,430,1195
10018030015,新竹市香山區,朝山里,992,2567
10018030016,新竹市香山區,海山里,988,2690
10018030017,新竹市香山區,茄苳里,547,1216
10018030018,新竹市香山區,大湖里,332,966
10018030019,新竹市香山區,南隘里,358,971
10018030020,新竹市香山區,中隘里,1020,2418
10018030021,新竹市香山區,內湖里,1792,5065
10018030022,新竹市香山區,鹽水里,642,1697
10018030023,新竹市香山區,南港里,342,908
10018030024,新竹市香山區,頂福里,2337,5405
10020010001,嘉義市東區,荖藤里,2340,5936
10020010002,嘉義市東區,後湖里,1586,4102
10020010003,嘉義市東區,仁義里,1338,3308
10020010004,嘉義市東區,中庄里,1563,3739
10020010005,嘉義市東區,頂庄里,902,2436
10020010034,嘉義市東區,圳頭里,2067,4885
10020010035,嘉義市東區,新店里,1835,4584
10020010036,嘉義市東區,後庄里,1684,4383
10020010037,嘉義市東區,王田里,1163,2505
10020010038,嘉義市東區,東川里,854,1914
10020010039,嘉義市東區,太平里,2080,4908
10020010041,嘉義市東區,盧厝里,983,2399
10020010042,嘉義市東區,鹿寮里,441,1199
10020010043,嘉義市東區,長竹里,1425,3375
10020010044,嘉義市東區,短竹里,1351,2893
10020010045,嘉義市東區,新開里,989,2151
10020010046,嘉義市東區,宣信里,608,1359
10020010047,嘉義市東區,興南里,785,1724
10020010048,嘉義市東區,豐年里,585,1370
10020010049,嘉義市東區,芳草里,1824,4144
10020010050,嘉義市東區,芳安里,971,2359
10020010051,嘉義市東區,頂寮里,1090,2833
10020010052,嘉義市東區,安寮里,1289,3008
10020010053,嘉義市東區,興安里,1785,4512
10020010054,嘉義市東區,興村里,1908,4713
10020010055,嘉義市東區,興仁里,1590,4157
10020010056,嘉義市東區,過溝里,967,2246
10020010057,嘉義市東區,民族里,906,1805
10020010058,嘉義市東區,朝陽里,827,1990
10020010059,嘉義市東區,華南里,959,1939
10020010060,嘉義市東區,東興里,921,1878
10020010061,嘉義市東區,中山里,986,2038
10020010062,嘉義市東區,中央里,1032,2194
10020010063,嘉義市東區,林森里,1035,2832
10020010064,嘉義市東區,北門里,918,2160
10020010065,嘉義市東區,蘭潭里,1308,2704
10020010066,嘉義市東區,文雅里,1950,4392
10020010067,嘉義市東區,安業里,1007,2317
10020010068,嘉義市東區,義教里,1219,3090
10020020001,嘉義市西區,香湖里,354,888
10020020002,嘉義市西區,湖邊里,936,2442
10020020003,嘉義市西區,北榮里,1045,2548
10020020005,嘉義市西區,重興里,921,2290
10020020009,嘉義市西區,竹圍里,2430,5524
10020020010,嘉義市西區,新厝里,1811,5006
10020020011,嘉義市西區,保安里,1622,3838
10020020012,嘉義市西區,北湖里,1239,3479
10020020013,嘉義市西區,下埤里,714,1916
10020020014,嘉義市西區,竹村里,524,1243
10020020015,嘉義市西區,大溪里,953,2526
10020020016,嘉義市西區,福全里,2111,4641
10020020017,嘉義市西區,西平里,1561,3808
10020020018,嘉義市西區,磚󿾨里,1823,4175
10020020019,嘉義市西區,港坪里,1584,4166
10020020020,嘉義市西區,頭港里,797,2076
10020020021,嘉義市西區,劉厝里,3384,8499
10020020022,嘉義市西區,新西里,968,2341
10020020031,嘉義市西區,書院里,974,1945
10020020045,嘉義市西區,培元里,772,1848
10020020046,嘉義市西區,垂楊里,892,2057
10020020047,嘉義市西區,車店里,2736,6911
10020020048,嘉義市西區,福民里,2810,6672
10020020049,嘉義市西區,湖內里,3323,8138
10020020050,嘉義市西區,美源里,1758,4192
10020020051,嘉義市西區,育英里,811,1883
10020020052,嘉義市西區,致遠里,985,2184
10020020053,嘉義市西區,光路里,2632,6537
10020020054,嘉義市西區,翠岱里,826,1743
10020020055,嘉義市西區,自強里,810,1920
10020020056,嘉義市西區,永和里,953,2061
10020020057,嘉義市西區,新富里,771,1628
10020020058,嘉義市西區,文化里,1162,2279
10020020059,嘉義市西區,西榮里,1245,2472
10020020060,嘉義市西區,國華里,726,1441
10020020061,嘉義市西區,番社里,690,1401
10020020062,嘉義市西區,導明里,750,1643
10020020063,嘉義市西區,慶安里,669,1648
10020020064,嘉義市西區,後驛里,1006,2292
10020020065,嘉義市西區,福安里,1982,4883
10020020066,嘉義市西區,獅子里,1291,3150
10020020067,嘉義市西區,紅瓦里,648,1857
10020020068,嘉義市西區,保福里,1863,4380
10020020069,嘉義市西區,保生里,2051,4979
10020020070,嘉義市西區,北新里,530,1422
09020010001,金門縣金城鎮,東門里,1732,5175
09020010002,金門縣金城鎮,西門里,3528,10052
09020010003,金門縣金城鎮,南門里,1939,5618
09020010004,金門縣金城鎮,北門里,1420,4095
09020010005,金門縣金城鎮,古城里,1554,4515
09020010006,金門縣金城鎮,金水里,828,2431
09020010007,金門縣金城鎮,珠沙里,1086,3135
09020010008,金門縣金城鎮,賢庵里,1830,5307
09020030001,金門縣金湖鎮,新市里,1476,3931
09020030002,金門縣金湖鎮,山外里,1222,3821
09020030003,金門縣金湖鎮,正義里,966,2816
09020030004,金門縣金湖鎮,料羅里,801,2496
09020030005,金門縣金湖鎮,瓊林里,1207,3809
09020030006,金門縣金湖鎮,新湖里,3747,9730
09020030007,金門縣金湖鎮,溪湖里,573,1756
09020030008,金門縣金湖鎮,蓮庵里,640,1846
09020020001,金門縣金沙鎮,汶沙里,1944,5195
09020020002,金門縣金沙鎮,三山里,676,1982
09020020003,金門縣金沙鎮,大洋里,480,1394
09020020004,金門縣金沙鎮,光前里,959,2521
09020020005,金門縣金沙鎮,何斗里,768,2178
09020020006,金門縣金沙鎮,西園里,544,1563
09020020007,金門縣金沙鎮,官嶼里,718,2200
09020020008,金門縣金沙鎮,浦山里,931,2546
09020040001,金門縣金寧鄉,古寧村,1152,3454
09020040002,金門縣金寧鄉,安美村,2339,6451
09020040003,金門縣金寧鄉,后盤村,752,2131
09020040004,金門縣金寧鄉,湖埔村,3081,9036
09020040005,金門縣金寧鄉,榜林村,2085,6001
09020040006,金門縣金寧鄉,盤山村,2436,7596
09020050001,金門縣烈嶼鄉,上岐村,804,2867
09020050002,金門縣烈嶼鄉,上林村,463,1484
09020050003,金門縣烈嶼鄉,西口村,705,2383
09020050004,金門縣烈嶼鄉,林湖村,1017,3379
09020050005,金門縣烈嶼鄉,黃埔村,474,1717
09020060001,金門縣烏坵鄉,大坵村,48,269
09020060002,金門縣烏坵鄉,小坵村,83,328
09007010001,連江縣南竿鄉,介壽村,762,2183
09007010002,連江縣南竿鄉,復興村,279,1015
09007010003,連江縣南竿鄉,福沃村,270,924
09007010004,連江縣南竿鄉,清水村,365,1169
09007010005,連江縣南竿鄉,仁愛村,338,940
09007010006,連江縣南竿鄉,津沙村,135,399
09007010007,連江縣南竿鄉,馬祖村,167,538
09007010008,連江縣南竿鄉,珠螺村,52,299
09007010009,連江縣南竿鄉,四維村,59,175
09007020001,連江縣北竿鄉,塘岐村,414,1205
09007020002,連江縣北竿鄉,后沃村,91,202
09007020003,連江縣北竿鄉,橋仔村,154,501
09007020004,連江縣北竿鄉,芹壁村,114,388
09007020005,連江縣北竿鄉,坂里村,121,379
09007020006,連江縣北竿鄉,白沙村,68,180
09007030001,連江縣莒光鄉,青帆村,94,389
09007030002,連江縣莒光鄉,田沃村,50,264
09007030003,連江縣莒光鄉,西坵村,24,173
09007030004,連江縣莒光鄉,福正村,57,232
09007030005,連江縣莒光鄉,大坪村,151,534
09007040001,連江縣東引鄉,中柳村,185,735
09007040002,連江縣東引鄉,樂華村,195,801
